layer_id,layer_index,full_module_name,concept,matched_eot_own_rank,oce_last_to_eot_own_rank,matched_eot_margin,oce_last_to_eot_margin,matched_eot_rank1,oce_last_to_eot_rank1,rank1_status_changed
text_space_baseline,-1,text_space_baseline,cat,1,1,0.10054511396059895,0.149715681808695,True,True,False
text_space_baseline,-1,text_space_baseline,dog,1,1,0.14202777666907196,0.14142334486526076,True,True,False
text_space_baseline,-1,text_space_baseline,fox,2,2,-0.030536714428365586,-0.010599259027377905,False,False,False
text_space_baseline,-1,text_space_baseline,bear,1,1,0.0540488438980703,0.03568485508393948,True,True,False
text_space_baseline,-1,text_space_baseline,wolf,1,1,0.10397208148945425,0.10411487285397214,True,True,False
text_space_baseline,-1,text_space_baseline,rabbit,1,1,0.042236120751196427,0.05452259988452979,True,True,False
text_space_baseline,-1,text_space_baseline,deer,1,1,0.14737725478223462,0.16116799691592365,True,True,False
text_space_baseline,-1,text_space_baseline,horse,1,1,0.17164199516854817,0.16297950403897066,True,True,False
layer_00,0,unet.down_blocks.0.attentions.0.transformer_blocks.0.attn2.to_v,cat,1,1,0.0530656768104667,0.01425528446559321,True,True,False
layer_00,0,unet.down_blocks.0.attentions.0.transformer_blocks.0.attn2.to_v,dog,1,1,0.020512081134996585,0.019105146090550473,True,True,False
layer_00,0,unet.down_blocks.0.attentions.0.transformer_blocks.0.attn2.to_v,fox,4,2,-0.005616619708461057,-0.0018316462472919293,False,False,False
layer_00,0,unet.down_blocks.0.attentions.0.transformer_blocks.0.attn2.to_v,bear,1,1,0.010682190139571834,0.012566562060613684,True,True,False
layer_00,0,unet.down_blocks.0.attentions.0.transformer_blocks.0.attn2.to_v,wolf,1,2,0.029119458203043513,-0.006464874945203314,True,False,True
layer_00,0,unet.down_blocks.0.attentions.0.transformer_blocks.0.attn2.to_v,rabbit,1,3,0.016689598576423492,-0.011489498917279461,True,False,True
layer_00,0,unet.down_blocks.0.attentions.0.transformer_blocks.0.attn2.to_v,deer,1,1,0.0464124868565825,0.030840742086884032,True,True,False
layer_00,0,unet.down_blocks.0.attentions.0.transformer_blocks.0.attn2.to_v,horse,1,1,0.04850014173458295,0.023119739961522945,True,True,False
layer_01,1,unet.down_blocks.0.attentions.1.transformer_blocks.0.attn2.to_v,cat,1,3,0.06064255321253087,-0.008784650672261973,True,False,True
layer_01,1,unet.down_blocks.0.attentions.1.transformer_blocks.0.attn2.to_v,dog,2,1,-0.022151541442840927,0.011247613459898331,False,True,True
layer_01,1,unet.down_blocks.0.attentions.1.transformer_blocks.0.attn2.to_v,fox,2,1,-0.001142199823638168,0.010574786423852567,False,True,True
layer_01,1,unet.down_blocks.0.attentions.1.transformer_blocks.0.attn2.to_v,bear,8,1,-0.04908958510577244,0.023083759269924342,False,True,True
layer_01,1,unet.down_blocks.0.attentions.1.transformer_blocks.0.attn2.to_v,wolf,2,5,-0.014134036673817851,-0.02637576024538424,False,False,False
layer_01,1,unet.down_blocks.0.attentions.1.transformer_blocks.0.attn2.to_v,rabbit,2,7,-0.02963718750073352,-0.04683932331194507,False,False,False
layer_01,1,unet.down_blocks.0.attentions.1.transformer_blocks.0.attn2.to_v,deer,2,3,-0.00028305637116976534,-0.016601515091916985,False,False,False
layer_01,1,unet.down_blocks.0.attentions.1.transformer_blocks.0.attn2.to_v,horse,1,2,0.010023875438147312,-0.003031207137525027,True,False,True
layer_02,2,unet.down_blocks.1.attentions.0.transformer_blocks.0.attn2.to_v,cat,1,1,0.05247104458674057,0.11590107147904938,True,True,False
layer_02,2,unet.down_blocks.1.attentions.0.transformer_blocks.0.attn2.to_v,dog,1,1,0.0453228359887603,0.033068106132696284,True,True,False
layer_02,2,unet.down_blocks.1.attentions.0.transformer_blocks.0.attn2.to_v,fox,3,2,-0.014635831741128147,-0.04494750746011644,False,False,False
layer_02,2,unet.down_blocks.1.attentions.0.transformer_blocks.0.attn2.to_v,bear,7,1,-0.047690486577433244,0.0017452121715203495,False,True,True
layer_02,2,unet.down_blocks.1.attentions.0.transformer_blocks.0.attn2.to_v,wolf,1,2,0.02593560315932275,-0.00155660770402688,True,False,True
layer_02,2,unet.down_blocks.1.attentions.0.transformer_blocks.0.attn2.to_v,rabbit,2,2,-0.009997317107854453,-0.013307697447278333,False,False,False
layer_02,2,unet.down_blocks.1.attentions.0.transformer_blocks.0.attn2.to_v,deer,1,1,0.04563266771582497,0.06574678030951697,True,True,False
layer_02,2,unet.down_blocks.1.attentions.0.transformer_blocks.0.attn2.to_v,horse,1,1,0.0672622709607742,0.051467360706906384,True,True,False
layer_03,3,unet.down_blocks.1.attentions.1.transformer_blocks.0.attn2.to_v,cat,1,1,0.03538020353289839,0.042668264079752216,True,True,False
layer_03,3,unet.down_blocks.1.attentions.1.transformer_blocks.0.attn2.to_v,dog,1,1,0.02626830700163707,0.020811200981876943,True,True,False
layer_03,3,unet.down_blocks.1.attentions.1.transformer_blocks.0.attn2.to_v,fox,2,1,-0.01200059719278268,0.005841006949257932,False,True,True
layer_03,3,unet.down_blocks.1.attentions.1.transformer_blocks.0.attn2.to_v,bear,1,1,0.01550120049344561,0.02588473930430213,True,True,False
layer_03,3,unet.down_blocks.1.attentions.1.transformer_blocks.0.attn2.to_v,wolf,1,2,0.0289349400002048,-0.016938571091345223,True,False,True
layer_03,3,unet.down_blocks.1.attentions.1.transformer_blocks.0.attn2.to_v,rabbit,6,1,-0.02627105321970369,0.0024075612692696646,False,True,True
layer_03,3,unet.down_blocks.1.attentions.1.transformer_blocks.0.attn2.to_v,deer,1,1,0.027768892915373544,0.030667321834094707,True,True,False
layer_03,3,unet.down_blocks.1.attentions.1.transformer_blocks.0.attn2.to_v,horse,1,1,0.05167831393395139,0.04509204450011328,True,True,False
layer_04,4,unet.down_blocks.2.attentions.0.transformer_blocks.0.attn2.to_v,cat,1,1,0.1366846185311419,0.1588776804439641,True,True,False
layer_04,4,unet.down_blocks.2.attentions.0.transformer_blocks.0.attn2.to_v,dog,1,1,0.12028251730243888,0.1638204153731032,True,True,False
layer_04,4,unet.down_blocks.2.attentions.0.transformer_blocks.0.attn2.to_v,fox,2,2,-0.020417034686108004,-0.015290503197124439,False,False,False
layer_04,4,unet.down_blocks.2.attentions.0.transformer_blocks.0.attn2.to_v,bear,2,3,-0.04099445404815605,-0.022082925864780223,False,False,False
layer_04,4,unet.down_blocks.2.attentions.0.transformer_blocks.0.attn2.to_v,wolf,1,1,0.10571569798961489,0.09690084988690983,True,True,False
layer_04,4,unet.down_blocks.2.attentions.0.transformer_blocks.0.attn2.to_v,rabbit,1,1,0.029263754934429786,0.03413441394055905,True,True,False
layer_04,4,unet.down_blocks.2.attentions.0.transformer_blocks.0.attn2.to_v,deer,1,1,0.12186038676612454,0.12460322337978558,True,True,False
layer_04,4,unet.down_blocks.2.attentions.0.transformer_blocks.0.attn2.to_v,horse,1,1,0.1699047006143657,0.16733463361878642,True,True,False
layer_05,5,unet.down_blocks.2.attentions.1.transformer_blocks.0.attn2.to_v,cat,1,1,0.12096898180744564,0.14646969209211314,True,True,False
layer_05,5,unet.down_blocks.2.attentions.1.transformer_blocks.0.attn2.to_v,dog,1,1,0.15973687898703748,0.1788350884441936,True,True,False
layer_05,5,unet.down_blocks.2.attentions.1.transformer_blocks.0.attn2.to_v,fox,3,4,-0.03852267266263154,-0.03755198471700638,False,False,False
layer_05,5,unet.down_blocks.2.attentions.1.transformer_blocks.0.attn2.to_v,bear,2,2,-0.023413027241458773,-0.0015659858101650936,False,False,False
layer_05,5,unet.down_blocks.2.attentions.1.transformer_blocks.0.attn2.to_v,wolf,1,1,0.132126120415341,0.11444269845895738,True,True,False
layer_05,5,unet.down_blocks.2.attentions.1.transformer_blocks.0.attn2.to_v,rabbit,1,2,0.03303440967841109,-0.021210260589820562,True,False,True
layer_05,5,unet.down_blocks.2.attentions.1.transformer_blocks.0.attn2.to_v,deer,1,1,0.12639474620843882,0.1258994567439402,True,True,False
layer_05,5,unet.down_blocks.2.attentions.1.transformer_blocks.0.attn2.to_v,horse,1,1,0.2261431207275334,0.2519433344171611,True,True,False
layer_06,6,unet.up_blocks.1.attentions.0.transformer_blocks.0.attn2.to_v,cat,1,1,0.1688105448233086,0.16246762330271647,True,True,False
layer_06,6,unet.up_blocks.1.attentions.0.transformer_blocks.0.attn2.to_v,dog,1,1,0.11584514944132784,0.20578449746300365,True,True,False
layer_06,6,unet.up_blocks.1.attentions.0.transformer_blocks.0.attn2.to_v,fox,3,2,-0.01719188430945573,-0.024883087471467835,False,False,False
layer_06,6,unet.up_blocks.1.attentions.0.transformer_blocks.0.attn2.to_v,bear,3,1,-0.03907384996011354,0.006611042627810426,False,True,True
layer_06,6,unet.up_blocks.1.attentions.0.transformer_blocks.0.attn2.to_v,wolf,1,1,0.11875951566884968,0.1355090341858335,True,True,False
layer_06,6,unet.up_blocks.1.attentions.0.transformer_blocks.0.attn2.to_v,rabbit,1,1,0.06570698537949549,0.04782529225670473,True,True,False
layer_06,6,unet.up_blocks.1.attentions.0.transformer_blocks.0.attn2.to_v,deer,1,1,0.1348717717244683,0.1678544557107422,True,True,False
layer_06,6,unet.up_blocks.1.attentions.0.transformer_blocks.0.attn2.to_v,horse,1,1,0.20413214829763093,0.22517927027239648,True,True,False
layer_07,7,unet.up_blocks.1.attentions.1.transformer_blocks.0.attn2.to_v,cat,1,1,0.15663351692562033,0.19768782035500132,True,True,False
layer_07,7,unet.up_blocks.1.attentions.1.transformer_blocks.0.attn2.to_v,dog,1,1,0.1624035545651379,0.2173130204874223,True,True,False
layer_07,7,unet.up_blocks.1.attentions.1.transformer_blocks.0.attn2.to_v,fox,3,3,-0.04051424908862267,-0.02641310746097647,False,False,False
layer_07,7,unet.up_blocks.1.attentions.1.transformer_blocks.0.attn2.to_v,bear,2,2,-0.03370522872938053,-0.02662489771596388,False,False,False
layer_07,7,unet.up_blocks.1.attentions.1.transformer_blocks.0.attn2.to_v,wolf,1,1,0.14646567355151563,0.12881311051474498,True,True,False
layer_07,7,unet.up_blocks.1.attentions.1.transformer_blocks.0.attn2.to_v,rabbit,1,1,0.062263235662793015,0.06700339532950239,True,True,False
layer_07,7,unet.up_blocks.1.attentions.1.transformer_blocks.0.attn2.to_v,deer,1,1,0.15273498006638309,0.17716722649824357,True,True,False
layer_07,7,unet.up_blocks.1.attentions.1.transformer_blocks.0.attn2.to_v,horse,1,1,0.22775621136806923,0.24018102969574806,True,True,False
layer_08,8,unet.up_blocks.1.attentions.2.transformer_blocks.0.attn2.to_v,cat,1,1,0.15709403522079168,0.20853447333404673,True,True,False
layer_08,8,unet.up_blocks.1.attentions.2.transformer_blocks.0.attn2.to_v,dog,1,1,0.13827528536167588,0.1783345478217927,True,True,False
layer_08,8,unet.up_blocks.1.attentions.2.transformer_blocks.0.attn2.to_v,fox,2,3,-0.04147217147477844,-0.029673166889774172,False,False,False
layer_08,8,unet.up_blocks.1.attentions.2.transformer_blocks.0.attn2.to_v,bear,2,2,-0.008392932528439978,-0.023348926709470974,False,False,False
layer_08,8,unet.up_blocks.1.attentions.2.transformer_blocks.0.attn2.to_v,wolf,1,1,0.11213484170710963,0.12221152010439718,True,True,False
layer_08,8,unet.up_blocks.1.attentions.2.transformer_blocks.0.attn2.to_v,rabbit,1,1,0.04042032904846571,0.04402429797826046,True,True,False
layer_08,8,unet.up_blocks.1.attentions.2.transformer_blocks.0.attn2.to_v,deer,1,1,0.137930602954636,0.1850707454995385,True,True,False
layer_08,8,unet.up_blocks.1.attentions.2.transformer_blocks.0.attn2.to_v,horse,1,1,0.17309767244082175,0.17992307054592016,True,True,False
layer_09,9,unet.up_blocks.2.attentions.0.transformer_blocks.0.attn2.to_v,cat,1,1,0.09240942644978811,0.11338209820138323,True,True,False
layer_09,9,unet.up_blocks.2.attentions.0.transformer_blocks.0.attn2.to_v,dog,1,1,0.0631538268768499,0.11448509436457577,True,True,False
layer_09,9,unet.up_blocks.2.attentions.0.transformer_blocks.0.attn2.to_v,fox,5,3,-0.0606163380295609,-0.04327297468649782,False,False,False
layer_09,9,unet.up_blocks.2.attentions.0.transformer_blocks.0.attn2.to_v,bear,1,1,0.0039985790140648625,0.03279484343363204,True,True,False
layer_09,9,unet.up_blocks.2.attentions.0.transformer_blocks.0.attn2.to_v,wolf,1,1,0.08668280579848542,0.0843661626617872,True,True,False
layer_09,9,unet.up_blocks.2.attentions.0.transformer_blocks.0.attn2.to_v,rabbit,1,1,0.03233327222262705,0.018590787195996605,True,True,False
layer_09,9,unet.up_blocks.2.attentions.0.transformer_blocks.0.attn2.to_v,deer,1,1,0.07655082209272401,0.12653564141128026,True,True,False
layer_09,9,unet.up_blocks.2.attentions.0.transformer_blocks.0.attn2.to_v,horse,1,1,0.13682444406740413,0.12848837749756892,True,True,False
layer_10,10,unet.up_blocks.2.attentions.1.transformer_blocks.0.attn2.to_v,cat,1,1,0.19999967739909152,0.2054411633751254,True,True,False
layer_10,10,unet.up_blocks.2.attentions.1.transformer_blocks.0.attn2.to_v,dog,1,1,0.1486373037544092,0.16983175953431662,True,True,False
layer_10,10,unet.up_blocks.2.attentions.1.transformer_blocks.0.attn2.to_v,fox,3,3,-0.02251990577604779,-0.018861664709179937,False,False,False
layer_10,10,unet.up_blocks.2.attentions.1.transformer_blocks.0.attn2.to_v,bear,8,3,-0.12615645805002618,-0.008494962729477029,False,False,False
layer_10,10,unet.up_blocks.2.attentions.1.transformer_blocks.0.attn2.to_v,wolf,1,1,0.10459987337932874,0.07745594423129143,True,True,False
layer_10,10,unet.up_blocks.2.attentions.1.transformer_blocks.0.attn2.to_v,rabbit,1,2,0.006362541618332829,-0.0035343017508677743,True,False,True
layer_10,10,unet.up_blocks.2.attentions.1.transformer_blocks.0.attn2.to_v,deer,1,1,0.07624898445240003,0.07428433577093607,True,True,False
layer_10,10,unet.up_blocks.2.attentions.1.transformer_blocks.0.attn2.to_v,horse,1,1,0.15636601017273555,0.11331962069745116,True,True,False
layer_11,11,unet.up_blocks.2.attentions.2.transformer_blocks.0.attn2.to_v,cat,1,1,0.07528790109501493,0.1198786279081504,True,True,False
layer_11,11,unet.up_blocks.2.attentions.2.transformer_blocks.0.attn2.to_v,dog,1,1,0.0797285008924189,0.07701310657435911,True,True,False
layer_11,11,unet.up_blocks.2.attentions.2.transformer_blocks.0.attn2.to_v,fox,4,3,-0.00713168953604737,-0.06541174640974634,False,False,False
layer_11,11,unet.up_blocks.2.attentions.2.transformer_blocks.0.attn2.to_v,bear,5,2,-0.040568711447715344,-0.0011946968461635787,False,False,False
layer_11,11,unet.up_blocks.2.attentions.2.transformer_blocks.0.attn2.to_v,wolf,1,1,0.09856389482712169,0.07987958992070066,True,True,False
layer_11,11,unet.up_blocks.2.attentions.2.transformer_blocks.0.attn2.to_v,rabbit,1,1,0.01141289958775693,0.029068628149849007,True,True,False
layer_11,11,unet.up_blocks.2.attentions.2.transformer_blocks.0.attn2.to_v,deer,1,1,0.07133517356787,0.09861829206613726,True,True,False
layer_11,11,unet.up_blocks.2.attentions.2.transformer_blocks.0.attn2.to_v,horse,1,1,0.08657131071497948,0.0592127501983285,True,True,False
layer_12,12,unet.up_blocks.3.attentions.0.transformer_blocks.0.attn2.to_v,cat,1,6,0.04155183591279232,-0.05396437848556068,True,False,True
layer_12,12,unet.up_blocks.3.attentions.0.transformer_blocks.0.attn2.to_v,dog,3,5,-0.04130908343239603,-0.019790285758758963,False,False,False
layer_12,12,unet.up_blocks.3.attentions.0.transformer_blocks.0.attn2.to_v,fox,1,1,0.007001586380633862,0.01209728865776949,True,True,False
layer_12,12,unet.up_blocks.3.attentions.0.transformer_blocks.0.attn2.to_v,bear,7,1,-0.042613247538196175,0.018034002126982807,False,True,True
layer_12,12,unet.up_blocks.3.attentions.0.transformer_blocks.0.attn2.to_v,wolf,3,7,-0.011488686469845577,-0.04705443247501506,False,False,False
layer_12,12,unet.up_blocks.3.attentions.0.transformer_blocks.0.attn2.to_v,rabbit,1,5,0.016555208465943383,-0.06039721679114429,True,False,True
layer_12,12,unet.up_blocks.3.attentions.0.transformer_blocks.0.attn2.to_v,deer,2,3,-0.001336029698960961,-0.031637802235829904,False,False,False
layer_12,12,unet.up_blocks.3.attentions.0.transformer_blocks.0.attn2.to_v,horse,1,1,0.00131589190351189,0.009764677064271421,True,True,False
layer_13,13,unet.up_blocks.3.attentions.1.transformer_blocks.0.attn2.to_v,cat,1,6,0.044577701092167965,-0.048816542971028554,True,False,True
layer_13,13,unet.up_blocks.3.attentions.1.transformer_blocks.0.attn2.to_v,dog,2,4,-0.007884005562055596,-0.009715417448605934,False,False,False
layer_13,13,unet.up_blocks.3.attentions.1.transformer_blocks.0.attn2.to_v,fox,2,1,-0.0007401704050162827,0.0045765122387533275,False,True,True
layer_13,13,unet.up_blocks.3.attentions.1.transformer_blocks.0.attn2.to_v,bear,8,1,-0.042736729699568765,0.011499168528669612,False,True,True
layer_13,13,unet.up_blocks.3.attentions.1.transformer_blocks.0.attn2.to_v,wolf,2,7,-0.0016038234458725098,-0.06642479326728579,False,False,False
layer_13,13,unet.up_blocks.3.attentions.1.transformer_blocks.0.attn2.to_v,rabbit,1,5,0.0012527432250357684,-0.05592815520057559,True,False,True
layer_13,13,unet.up_blocks.3.attentions.1.transformer_blocks.0.attn2.to_v,deer,1,3,0.009356349543461762,-0.03508899147407396,True,False,True
layer_13,13,unet.up_blocks.3.attentions.1.transformer_blocks.0.attn2.to_v,horse,1,2,0.03128350052297224,-0.006595608194507885,True,False,True
layer_14,14,unet.up_blocks.3.attentions.2.transformer_blocks.0.attn2.to_v,cat,1,2,0.054894904026117186,-0.008504146140803082,True,False,True
layer_14,14,unet.up_blocks.3.attentions.2.transformer_blocks.0.attn2.to_v,dog,3,3,-0.025437311761981718,-0.016311729873710545,False,False,False
layer_14,14,unet.up_blocks.3.attentions.2.transformer_blocks.0.attn2.to_v,fox,2,1,-0.018212681845765633,0.008146787335268524,False,True,True
layer_14,14,unet.up_blocks.3.attentions.2.transformer_blocks.0.attn2.to_v,bear,6,1,-0.0347532799541862,0.009306022688127191,False,True,True
layer_14,14,unet.up_blocks.3.attentions.2.transformer_blocks.0.attn2.to_v,wolf,3,4,-0.033298391210884626,-0.04011749253226471,False,False,False
layer_14,14,unet.up_blocks.3.attentions.2.transformer_blocks.0.attn2.to_v,rabbit,2,7,-0.016363140000388854,-0.07284161874146611,False,False,False
layer_14,14,unet.up_blocks.3.attentions.2.transformer_blocks.0.attn2.to_v,deer,3,3,-0.00748453836660945,-0.042231754459269966,False,False,False
layer_14,14,unet.up_blocks.3.attentions.2.transformer_blocks.0.attn2.to_v,horse,2,3,-0.0005830240596979008,-0.015872058787545384,False,False,False
layer_15,15,unet.mid_block.attentions.0.transformer_blocks.0.attn2.to_v,cat,1,1,0.1175678783883638,0.15635079109284433,True,True,False
layer_15,15,unet.mid_block.attentions.0.transformer_blocks.0.attn2.to_v,dog,1,1,0.14491672797621524,0.17054632165659345,True,True,False
layer_15,15,unet.mid_block.attentions.0.transformer_blocks.0.attn2.to_v,fox,2,2,-0.012475889110286076,-0.007217102106130691,False,False,False
layer_15,15,unet.mid_block.attentions.0.transformer_blocks.0.attn2.to_v,bear,1,1,0.01662091060741433,0.038218087989814076,True,True,False
layer_15,15,unet.mid_block.attentions.0.transformer_blocks.0.attn2.to_v,wolf,1,1,0.10083668301779136,0.08901540089882887,True,True,False
layer_15,15,unet.mid_block.attentions.0.transformer_blocks.0.attn2.to_v,rabbit,1,1,0.05564810724658298,0.06850496250597315,True,True,False
layer_15,15,unet.mid_block.attentions.0.transformer_blocks.0.attn2.to_v,deer,1,1,0.1255277099655604,0.13484622529792878,True,True,False
layer_15,15,unet.mid_block.attentions.0.transformer_blocks.0.attn2.to_v,horse,1,1,0.1978765301303932,0.18642148090406485,True,True,False
