scope,seed,n,mi_count,mi_mean,mi_std,mi_median,mi_p90,mi_p95,mi_p99,mi_min,mi_max,mi_unique_count,mi_unique_values,theoretical_no_tie_unique_count,enumerated_no_tie_unique_count,fraction_exact_repo_max,fraction_numerically_at_ln2,alpha_mean,alpha_std,alpha_median,alpha_p90,alpha_p95,alpha_p99,alpha_min,alpha_max
seed,20260820,5,249600,0.6846796219829823,0.0699790206569422,0.6931471228599548,0.6931471824645996,0.6931471824645996,0.6931471824645996,0.0,0.6931471824645996,14,"[0.0,0.02013555,0.02013556,0.02415719,0.08630458,0.08630459,0.16389658,0.19274479,0.19274481,0.27435848,0.42281044,0.42281047,0.69314712,0.69314718]",3,3,0.49176682692307694,0.9851682692307693,0.007428208054428511,0.00118714745404476,0.007583963684737682,0.008423777297139168,0.008689802139997482,0.009216012433171272,0.0,0.011020397767424583
seed,20260820,10,249600,0.6832860971800386,0.07267645272579903,0.6931471824645996,0.6931471824645996,0.6931471824645996,0.6931471824645996,0.0,0.6931471824645996,21,"[0.0,0.00505942,0.00550867,0.02013555,0.02013556,0.02100591,0.02415719,0.04620085,0.08228286,0.08630458,0.08630459,0.13250548,0.14839931,0.19274479,0.19274481,0.20503804,0.27539614,0.36806422,0.42281047,0.52559733,0.69314718]",6,6,0.9803205128205128,0.9803205128205128,0.00799097202793006,0.0013965782244167587,0.008205571211874485,0.009125101380050182,0.009407861158251762,0.010060449130833149,0.0,0.011237806640565395
seed,20260820,20,249600,0.6825747130993524,0.0735888674329611,0.6931471824645996,0.6931471824645996,0.6931471824645996,0.6931471824645996,0.0,0.6931471824645996,61,"[0.0,0.00125366,0.00127936,0.00133413,0.0050084,0.00505942,0.00521894,0.00550867,0.01132137,0.01155764,0.01206169,0.02013555,0.02013556,0.02034613,0.02100591,0.03166745,0.03166746,0.03235306,0.03382211,0.04570058,0.04620085,0.04777468,0.04777469,0.06274121,0.06418122,0.07265289,0.08228286,0.08324792,0.08324793,0.08630459,0.09202269,0.10529695,0.10529696,0.1079301,0.12397014,0.13081205,0.13250548,0.13793379,0.16052793,0.16052794,0.19274479,0.19274481,0.19561672,0.20503804,0.23034084,0.23034085,0.23814552,0.2704381,0.27539614,0.31800061,0.33239579,0.36806422,0.37752661,0.42281047,0.43009755,0.47050008,0.49463192,0.49463195,0.52559733,0.59263909,0.69314718]",11,11,0.9763221153846153,0.9763221153846153,0.008299110152222105,0.0015525153486252454,0.008534909226000309,0.009551804512739182,0.009841619059443474,0.010762197896838188,0.0,0.011498376727104187
seed,20260820,50,249600,0.6821091730160025,0.07395122285574578,0.6931471824645996,0.6931471824645996,0.6931471824645996,0.6931471824645996,0.0,0.6931471824645996,191,"[0.0,1.2e-07,0.00020006,0.00020077,0.0002068,0.00080018,0.00080154,0.00080541,0.000812,0.0008492,0.00180182,0.00180763,0.00181938,0.00320348,0.00320861,0.00322423,0.00325056,0.00501044,0.00502661,0.00721738,0.00722915,0.00766449,0.00983622,0.00986848,0.00993324,0.01285515,0.01287629,0.01293987,0.01340345,0.01629537,0.01634914,0.02013557,0.02016892,0.0202698,0.02044024,0.02068382,0.02440932,0.02449104,0.02449105,0.02465622,0.02490835,0.02908305,0.02913211,0.02928004,0.02953016,0.03420601,0.03432256,0.03432257,0.03455811,0.03491785,0.03972894,0.03972895,0.03979716,0.04000326,0.04035162,0.04572028,0.04587932,0.04587933,0.04620089,0.04669223,0.05211167,0.05220319,0.05247958,0.05294739,0.05450676,0.0589947,0.05920488,0.05963013,0.06627772,0.06627773,0.06639709,0.06675804,0.07408028,0.07408029,0.07435173,0.07490127,0.07689879,0.08228284,0.08228285,0.08243558,0.08243559,0.08289756,0.08480591,0.08630471,0.09103829,0.09138297,0.09208108,0.10019381,0.10019382,0.10038638,0.10038639,0.10096909,0.10195804,0.10994206,0.10994207,0.11037399,0.110374,0.11125012,0.12009028,0.12033036,0.12105765,0.13087875,0.13141547,0.13250551,0.13650587,0.14206724,0.14206725,0.14236453,0.14326593,0.15395321,0.15461649,0.1546165,0.15596543,0.16623917,0.16660583,0.16660585,0.16771856,0.17929199,0.18010941,0.18177545,0.19274485,0.19319627,0.1945689,0.19691971,0.20704924,0.20805719,0.21011715,0.21011716,0.21332394,0.22175367,0.22175369,0.22231084,0.22231087,0.22400811,0.23741546,0.23741548,0.23866323,0.23866324,0.24122232,0.25347728,0.25416851,0.27063051,0.27218688,0.27539617,0.28818375,0.28904951,0.28904954,0.29170558,0.30700296,0.30896968,0.30896971,0.32622218,0.32732379,0.33072415,0.33072418,0.33674932,0.34611875,0.3469432,0.34947976,0.35482007,0.36806411,0.3694998,0.37397826,0.39102107,0.39439982,0.39439985,0.41437787,0.41446042,0.41632172,0.41632175,0.44007868,0.44007871,0.44483253,0.44483256,0.46617964,0.46617967,0.46899021,0.47838277,0.49549133,0.49549136,0.50294197,0.52520299,0.52559733,0.52984369,0.55995554,0.5599556,0.57786238,0.59510815,0.60837495,0.64392769,0.69314718]",26,26,0.9716746794871794,0.9716746794871794,0.00850617629715889,0.001697607592412401,0.008794882334768772,0.00974685326218605,0.010118724778294563,0.011048955842852592,0.0,0.01146447379142046
seed,20260821,5,249600,0.6846186209056908,0.07013193072066864,0.6931471228599548,0.6931471824645996,0.6931471824645996,0.6931471824645996,0.0,0.6931471824645996,13,"[0.0,0.02013555,0.02013556,0.02415719,0.08630458,0.08630459,0.19274479,0.19274481,0.27435848,0.42281044,0.42281047,0.69314712,0.69314718]",3,3,0.4916706730769231,0.9850160256410256,0.007446945987395268,0.001226210489553652,0.007587759289890528,0.008456124924123287,0.008699443191289902,0.009408383630216122,0.0,0.01101423054933548
seed,20260821,10,249600,0.6832698795432076,0.07263868410363596,0.6931471824645996,0.6931471824645996,0.6931471824645996,0.6931471824645996,0.0,0.6931471824645996,25,"[0.0,0.00505942,0.00550867,0.02013555,0.02013556,0.02100591,0.04620085,0.05067186,0.05067187,0.06328785,0.08228286,0.08630458,0.08630459,0.13250548,0.14839931,0.14839932,0.19274479,0.19274481,0.20503804,0.27539614,0.34201449,0.36806422,0.42281047,0.52559733,0.69314718]",6,6,0.9802524038461539,0.9802524038461539,0.008000203945917246,0.0014204679756086344,0.008195036090910435,0.009132257662713528,0.009478386491537094,0.010276186279952526,0.0,0.011205064132809639
seed,20260821,20,249600,0.6825842842533483,0.07345959162789845,0.6931471824645996,0.6931471824645996,0.6931471824645996,0.6931471824645996,0.0,0.6931471824645996,61,"[0.0,0.00125366,0.00127936,0.00133413,0.0050084,0.00505942,0.01132137,0.01206169,0.01424424,0.02013555,0.02013556,0.02034613,0.02100591,0.03166745,0.03166746,0.03235306,0.03382211,0.03631042,0.04570058,0.04620085,0.04777468,0.04777469,0.06274121,0.06418122,0.08228286,0.08324792,0.08324793,0.08630458,0.08630459,0.10529695,0.10529696,0.1079301,0.11370288,0.13081205,0.13250548,0.13793379,0.16052793,0.16052794,0.16506784,0.16506785,0.19274479,0.19274481,0.19561672,0.23034084,0.23034085,0.23814552,0.2704381,0.27539614,0.29258645,0.31800061,0.33239579,0.36806422,0.37752661,0.38039568,0.42281047,0.43009755,0.49463192,0.49463195,0.52559733,0.59263909,0.69314718]",11,11,0.97625,0.97625,0.008304668290693136,0.0015608169452524382,0.008503314107656479,0.009510630741715431,0.009882449172437191,0.010853446088731289,0.0,0.011245341040194035
seed,20260821,50,249600,0.6821159861012618,0.07398419908017644,0.6931471824645996,0.6931471824645996,0.6931471824645996,0.6931471824645996,0.0,0.6931471824645996,201,"[0.0,0.00020006,0.00020077,0.00020211,0.00080018,0.00080154,0.00080541,0.000812,0.00083359,0.00180182,0.00180763,0.00183731,0.00320348,0.00320861,0.00322423,0.00501044,0.00502661,0.00721738,0.00722915,0.0072645,0.00732413,0.00983622,0.00986848,0.00993324,0.01285515,0.01287629,0.01293987,0.01304717,0.01482375,0.01629537,0.01634914,0.0164579,0.01662368,0.01714241,0.02013557,0.02016892,0.0202698,0.02044024,0.02440932,0.02449104,0.02449105,0.02465622,0.02908305,0.02913211,0.02928004,0.03420601,0.03432256,0.03432257,0.03491785,0.03972894,0.03972895,0.03979716,0.04000326,0.04035163,0.04151137,0.04572028,0.04587932,0.04587933,0.04620089,0.04669223,0.05211167,0.05220319,0.05247958,0.05361754,0.0589947,0.05920488,0.05963013,0.06028067,0.06627772,0.06627773,0.06639709,0.06675804,0.06736924,0.06824623,0.07408028,0.07408029,0.07435173,0.07490127,0.08228284,0.08228285,0.08243558,0.08243559,0.08289756,0.08822134,0.09103829,0.09138297,0.09208108,0.10019381,0.10019382,0.10038638,0.10038639,0.10096909,0.10338172,0.10338173,0.10994206,0.10994207,0.11037399,0.110374,0.11125012,0.11259601,0.11445269,0.12009028,0.12033036,0.12105765,0.12229396,0.12407751,0.13087875,0.13141547,0.13250551,0.14206724,0.14206725,0.14236453,0.14326593,0.14480092,0.15395321,0.15461649,0.1546165,0.15596543,0.1580478,0.16623917,0.16660583,0.16660585,0.16771856,0.17929199,0.18010941,0.18177545,0.19274485,0.19319627,0.1945689,0.19691971,0.20035285,0.20704924,0.20805719,0.21011716,0.21332394,0.22175367,0.22175369,0.22231084,0.22231087,0.22400811,0.23741546,0.23741548,0.23866323,0.23866324,0.24122232,0.25094551,0.25347728,0.25416851,0.25628012,0.27063051,0.27218688,0.27299944,0.28818375,0.28904951,0.28904954,0.29170558,0.30700296,0.30896968,0.30896971,0.32622218,0.32732379,0.33072415,0.33072418,0.33674932,0.3469432,0.34947976,0.35482007,0.36364609,0.36806411,0.3694998,0.37397826,0.38212273,0.39102107,0.39439982,0.39439985,0.41437787,0.41446045,0.41632172,0.41632175,0.42250919,0.44007868,0.44007871,0.44483253,0.44483256,0.45565686,0.46617964,0.46617967,0.46899021,0.47838277,0.49549133,0.49549136,0.50294197,0.52520299,0.52984369,0.55995554,0.5599556,0.57786238,0.59510815,0.60837495,0.64392769,0.69314718]",26,26,0.9716947115384615,0.9716947115384615,0.008501164247170222,0.001692656667423796,0.00875899475067854,0.00971208419650793,0.010196149349212646,0.011015190742909908,0.0,0.011337673291563988
seed,20260822,5,249600,0.6846580502091316,0.07007232082104986,0.6931471228599548,0.6931471824645996,0.6931471824645996,0.6931471824645996,0.0,0.6931471824645996,13,"[0.0,0.02013555,0.02013556,0.02415719,0.08630458,0.08630459,0.19274479,0.19274481,0.27435848,0.42281044,0.42281047,0.69314712,0.69314718]",3,3,0.49166666666666664,0.9851121794871794,0.007424307809831235,0.0012487980265014778,0.0075834705494344234,0.008467876352369785,0.008934272453188896,0.009504164569079876,0.0,0.011216375976800919
seed,20260822,10,249600,0.6833490844872535,0.07241248230581432,0.6931471824645996,0.6931471824645996,0.6931471824645996,0.6931471824645996,0.0,0.6931471824645996,25,"[0.0,0.00505942,0.00550867,0.02013555,0.02013556,0.02100591,0.02415719,0.04620085,0.05067186,0.05067187,0.08228286,0.08630458,0.08630459,0.13250548,0.14839931,0.14839932,0.19274479,0.19274481,0.20503804,0.27435848,0.27539614,0.36806422,0.42281047,0.52559733,0.69314718]",6,6,0.9804366987179487,0.9804366987179487,0.007973347352415077,0.0014141771520078644,0.00815151073038578,0.00911766942590475,0.009361907839775085,0.010554701089859009,0.0,0.01136432308703661
seed,20260822,20,249600,0.6825854910264957,0.07348789606378894,0.6931471824645996,0.6931471824645996,0.6931471824645996,0.6931471824645996,0.0,0.6931471824645996,61,"[0.0,0.00125366,0.00127936,0.00142557,0.0050084,0.00505942,0.00521894,0.01132137,0.01155764,0.01206169,0.02013555,0.02013556,0.02034613,0.02100591,0.02220967,0.03166745,0.03166746,0.03235306,0.04570058,0.04620085,0.06274121,0.06418122,0.06729263,0.07265289,0.08228286,0.08324792,0.08324793,0.08630458,0.08630459,0.09202269,0.10529695,0.10529696,0.1079301,0.13081205,0.13250548,0.13793379,0.16052793,0.16052794,0.16506784,0.16506785,0.19274479,0.19274481,0.19561672,0.20503804,0.23034084,0.23034085,0.23814552,0.25687343,0.2704381,0.27539614,0.29258645,0.31800061,0.33239579,0.36806422,0.37752661,0.43009755,0.49463192,0.49463195,0.52559733,0.59263909,0.69314718]",11,11,0.9762540064102564,0.9762540064102564,0.00830161650044167,0.0015522978034311562,0.00849818717688322,0.00943672563880682,0.009895816445350647,0.010765217244625092,0.0,0.011390105821192265
seed,20260822,50,249600,0.6820894971604959,0.07394152839537221,0.6931471824645996,0.6931471824645996,0.6931471824645996,0.6931471824645996,0.0,0.6931471824645996,199,"[0.0,1.2e-07,0.00020006,0.00020077,0.00020211,0.0002068,0.00080018,0.00080154,0.00080541,0.000812,0.00180182,0.00180763,0.00181938,0.00320348,0.00320861,0.00322423,0.00325056,0.00340035,0.00501044,0.00502661,0.00505947,0.00721738,0.00722915,0.0072645,0.00732413,0.00983622,0.00986848,0.0100322,0.01285515,0.01287629,0.01293987,0.01304717,0.01629537,0.01634914,0.0164579,0.01662368,0.02013557,0.02016892,0.02440932,0.02449104,0.02449105,0.02465622,0.02525296,0.02908305,0.02913211,0.02928004,0.03096209,0.03420601,0.03432256,0.03432257,0.03455811,0.03972894,0.03972895,0.03979716,0.04000326,0.04572028,0.04587932,0.04587933,0.04620089,0.04823624,0.05211167,0.05220319,0.05247958,0.05294739,0.0589947,0.05920488,0.05963012,0.05963013,0.06028067,0.06627772,0.06627773,0.06639709,0.06675804,0.06824623,0.07408028,0.07408029,0.07435173,0.07490127,0.0757429,0.08228284,0.08228285,0.08243558,0.08243559,0.08289756,0.0836807,0.08480591,0.08630471,0.09103829,0.09138297,0.09315182,0.09315183,0.10019381,0.10019382,0.10038638,0.10038639,0.10096909,0.10994206,0.10994207,0.11037399,0.110374,0.11125012,0.11125013,0.12009028,0.12033036,0.12105765,0.12229395,0.13087875,0.13141547,0.13250551,0.14206724,0.14206725,0.14236453,0.14326593,0.15395321,0.15461649,0.1546165,0.15596543,0.1580478,0.16094212,0.16476782,0.16623917,0.16660583,0.16660585,0.16771856,0.17929199,0.18010941,0.18177545,0.19274485,0.19277185,0.19319627,0.1945689,0.20704924,0.20805719,0.21011716,0.22175367,0.22175369,0.22231084,0.22231087,0.22400811,0.23741546,0.23741548,0.23866323,0.23866324,0.24523342,0.24523345,0.25347728,0.25416851,0.25628012,0.27063051,0.27218688,0.28818375,0.28904951,0.28904954,0.29170558,0.29634404,0.30700296,0.30896968,0.30896971,0.31305742,0.31962997,0.31963,0.32622218,0.32732379,0.33072415,0.3469432,0.34947976,0.35482007,0.36806411,0.3694998,0.37397826,0.39102107,0.39439982,0.39439985,0.40168497,0.41437787,0.41632172,0.41632175,0.42250919,0.44007868,0.44007871,0.44483253,0.44483256,0.46045709,0.46617964,0.46617967,0.46899021,0.47838277,0.49549133,0.49549136,0.50294197,0.52520299,0.52984369,0.55995554,0.5599556,0.57786238,0.59510815,0.60837495,0.64392769,0.69314718]",26,26,0.9714703525641025,0.9714703525641025,0.008519821425620532,0.0016964448186230325,0.008802001364529133,0.00973084568977356,0.010136137716472149,0.011150738224387169,0.0,0.011590534821152687
seed,20260823,5,249600,0.6846287281757208,0.07020671975552036,0.6931471228599548,0.6931471824645996,0.6931471824645996,0.6931471824645996,0.0,0.6931471824645996,14,"[0.0,0.02013555,0.02013556,0.02415719,0.08630458,0.08630459,0.16389658,0.19274479,0.19274481,0.27435848,0.42281044,0.42281047,0.69314712,0.69314718]",3,3,0.49174679487179485,0.9850841346153846,0.007439094231796426,0.0012156804421036753,0.00758350407704711,0.008551266975700855,0.00870837178081274,0.009647922590374947,0.0,0.010553340427577496
seed,20260823,10,249600,0.6833341531431188,0.07252155903415033,0.6931471824645996,0.6931471824645996,0.6931471824645996,0.6931471824645996,0.0,0.6931471824645996,24,"[0.0,0.00505942,0.00550867,0.02013555,0.02013556,0.02100591,0.02415719,0.04620085,0.05067186,0.05067187,0.08228286,0.08630458,0.08630459,0.13250548,0.14839932,0.19274479,0.19274481,0.20503804,0.27539614,0.34201449,0.36806422,0.42281047,0.52559733,0.69314718]",6,6,0.9804607371794872,0.9804607371794872,0.007976300893592038,0.0014080971287989714,0.008180265314877033,0.009096394293010235,0.00945467408746481,0.010753022506833076,0.0,0.011331304907798767
seed,20260823,20,249600,0.682558689600003,0.0735491382981371,0.6931471824645996,0.6931471824645996,0.6931471824645996,0.6931471824645996,0.0,0.6931471824645996,58,"[0.0,0.00125366,0.00127936,0.00133413,0.0050084,0.00505942,0.00521894,0.01132137,0.01155764,0.01206169,0.02013555,0.02013556,0.02034613,0.02100591,0.03166745,0.03166746,0.03235306,0.03382211,0.04570058,0.04620085,0.04777469,0.06274121,0.06418122,0.08228286,0.08324792,0.08324793,0.08630458,0.10529695,0.10529696,0.1079301,0.13081205,0.13250548,0.13793379,0.16052793,0.16052794,0.16506784,0.16506785,0.19274479,0.19274481,0.19561672,0.20503804,0.23034084,0.23034085,0.23814552,0.2704381,0.27539614,0.29258645,0.31800061,0.33239579,0.36806422,0.37752661,0.42281047,0.43009755,0.49463192,0.49463195,0.52559733,0.59263909,0.69314718]",11,11,0.9762259615384615,0.9762259615384615,0.00831263693531932,0.001557251459518982,0.008547237142920494,0.009512164629995823,0.009835490956902504,0.01089670043438673,0.0,0.011566800996661186
seed,20260823,50,249600,0.6820888741154583,0.07407133187610716,0.6931471824645996,0.6931471824645996,0.6931471824645996,0.6931471824645996,0.0,0.6931471824645996,196,"[0.0,1.2e-07,0.00020006,0.00020077,0.00020211,0.00020398,0.0002068,0.00080018,0.00080154,0.00080541,0.000812,0.00180182,0.00180763,0.00181938,0.00183731,0.00320348,0.00320861,0.00322423,0.00325056,0.00340035,0.00501044,0.00502661,0.00505947,0.00526543,0.00721738,0.00722915,0.0072645,0.00983622,0.00986848,0.0100322,0.01285515,0.01287629,0.01293987,0.01304717,0.01629537,0.01634914,0.0164579,0.01685021,0.02013557,0.02016892,0.0202698,0.02440932,0.02449104,0.02449105,0.02465622,0.02908305,0.02913211,0.02928004,0.02988802,0.03420601,0.03432256,0.03432257,0.03491785,0.03972894,0.03972895,0.03979716,0.04000326,0.04572028,0.04587932,0.04587933,0.04620089,0.04669222,0.05211167,0.05220319,0.05247958,0.0589947,0.05920488,0.05963013,0.06627772,0.06627773,0.06639709,0.06675804,0.06824623,0.07408028,0.07408029,0.07435173,0.08228284,0.08228285,0.08243558,0.08243559,0.0836807,0.09103829,0.09138297,0.09208108,0.09315182,0.09315183,0.10019381,0.10019382,0.10038638,0.10038639,0.10096909,0.10528281,0.10994206,0.10994207,0.11037399,0.110374,0.11259601,0.12009028,0.12033036,0.12105765,0.12229395,0.12229396,0.13087875,0.13141547,0.13250551,0.14206724,0.14206725,0.14236453,0.14326593,0.14480092,0.15395321,0.15461649,0.1546165,0.15596542,0.16094214,0.16623917,0.16660583,0.16660585,0.16771856,0.16961817,0.16970502,0.17237818,0.17929199,0.18010941,0.18177545,0.19274485,0.19319627,0.1945689,0.20035285,0.20704924,0.20805719,0.22175367,0.22175369,0.22231084,0.22231087,0.22400811,0.22692734,0.23741546,0.23741548,0.23866323,0.23866324,0.24122232,0.25347728,0.25416851,0.25628012,0.25993431,0.27063051,0.27218688,0.28818375,0.28904951,0.28904954,0.29170558,0.29634404,0.30700296,0.30896968,0.30896971,0.31305742,0.32622218,0.32732379,0.33072415,0.33072418,0.3469432,0.34947976,0.35482007,0.36806411,0.3694998,0.37397826,0.39102107,0.39439982,0.39439985,0.401685,0.41437787,0.41446042,0.41632172,0.41632175,0.42250919,0.44007868,0.44007871,0.44483253,0.44483256,0.46617964,0.46617967,0.46899021,0.47838277,0.49549133,0.49549136,0.50246727,0.50294197,0.52520299,0.52984369,0.55995554,0.5599556,0.59510815,0.60837495,0.64392769,0.69314718]",26,26,0.9717027243589743,0.9717027243589743,0.008508411840279125,0.0016919972845792425,0.008771681226789951,0.009716681204736233,0.010111444629728794,0.011240202002227306,0.0,0.011418481357395649
seed,20260824,5,249600,0.6847005148992713,0.0696528172739006,0.6931471228599548,0.6931471824645996,0.6931471824645996,0.6931471824645996,0.0,0.6931471824645996,14,"[0.0,0.02013555,0.02013556,0.02415719,0.08630458,0.08630459,0.16389658,0.19274479,0.19274481,0.27435848,0.42281044,0.42281047,0.69314712,0.69314718]",3,3,0.4917267628205128,0.985088141025641,0.007432806331437526,0.001219870460296264,0.007551478687673807,0.008451037108898163,0.008712166920304298,0.009496324695646763,0.0,0.010138866491615772
seed,20260824,10,249600,0.6833510594266371,0.0723252924349652,0.6931471824645996,0.6931471824645996,0.6931471824645996,0.6931471824645996,0.0,0.6931471824645996,26,"[0.0,0.00505942,0.00550867,0.02013555,0.02013556,0.02100591,0.02415719,0.04620085,0.05067186,0.05067187,0.08228286,0.08630458,0.08630459,0.13250548,0.14839931,0.14839932,0.19274479,0.19274481,0.20503804,0.27435848,0.27539614,0.34201449,0.36806422,0.42281047,0.52559733,0.69314718]",6,6,0.9803766025641025,0.9803766025641025,0.007981155626738335,0.0014070223042993617,0.008126781322062016,0.009073440916836262,0.009516165591776371,0.0102703170850873,0.0,0.011158313602209091
seed,20260824,20,249600,0.6826224913993083,0.07338154239104393,0.6931471824645996,0.6931471824645996,0.6931471824645996,0.6931471824645996,0.0,0.6931471824645996,57,"[0.0,0.00125366,0.00127936,0.00133413,0.0050084,0.00505942,0.00521894,0.01132137,0.01155764,0.02013555,0.02013556,0.02034613,0.02100591,0.03166745,0.03166746,0.03235306,0.03382211,0.04570058,0.04620085,0.06274121,0.06418122,0.08228286,0.08324792,0.08324793,0.10529695,0.10529696,0.1079301,0.13081205,0.13250548,0.13793379,0.16052793,0.16052794,0.16506784,0.16506785,0.17529845,0.19274479,0.19274481,0.19561672,0.20503804,0.22446573,0.23034084,0.23034085,0.23814552,0.2704381,0.27539614,0.29258645,0.31800061,0.33239579,0.36806422,0.37752661,0.43009755,0.47050008,0.49463192,0.49463195,0.52559733,0.59263909,0.69314718]",11,11,0.9764182692307692,0.9764182692307692,0.00829119297092339,0.001549570567861638,0.008437550626695156,0.009504691697657108,0.009906786493957043,0.010935015045106411,0.0,0.01139916479587555
seed,20260824,50,249600,0.6820990076662118,0.07403230810556156,0.6931471824645996,0.6931471824645996,0.6931471824645996,0.6931471824645996,0.0,0.6931471824645996,199,"[0.0,1.2e-07,0.00020006,0.00020077,0.00020211,0.00020398,0.00080018,0.00080154,0.00080541,0.00082133,0.00180182,0.00180763,0.00181938,0.00320348,0.00320861,0.00322423,0.00328812,0.00501044,0.00502661,0.00517763,0.00526543,0.00721738,0.00722915,0.0072645,0.00752212,0.00983622,0.00986848,0.00993324,0.01016734,0.01285515,0.01287629,0.01293987,0.01320066,0.01629537,0.01634914,0.0164579,0.02013557,0.02016892,0.0202698,0.02044024,0.02068382,0.02440932,0.02449104,0.02449105,0.02465622,0.02908305,0.02913211,0.02928004,0.02953016,0.03420601,0.03432256,0.03432257,0.03455811,0.03972894,0.03972895,0.03979716,0.04000326,0.04085039,0.04151137,0.04572028,0.04587932,0.04587933,0.04620089,0.04669223,0.05211167,0.05220319,0.05247958,0.05294739,0.0589947,0.05920488,0.05963012,0.06028067,0.06232918,0.06627772,0.06627773,0.06639709,0.06675804,0.06941173,0.07408028,0.07408029,0.07435173,0.07490126,0.07490127,0.0757429,0.08228284,0.08228285,0.08243558,0.08243559,0.08289756,0.0836807,0.08480591,0.09103829,0.09138297,0.09315182,0.09315183,0.10019381,0.10019382,0.10038638,0.10038639,0.10096909,0.10195804,0.10994206,0.10994207,0.11037399,0.110374,0.11125012,0.11445269,0.11688104,0.12009028,0.12033036,0.12105765,0.12229395,0.13087875,0.13141547,0.13250551,0.14206724,0.14206725,0.14236453,0.14326593,0.14480092,0.15395321,0.15461649,0.1546165,0.15596542,0.16623917,0.16660583,0.16660585,0.16771856,0.16961817,0.17237817,0.17929199,0.18010941,0.18177545,0.19274485,0.19319627,0.1945689,0.20704924,0.20805719,0.21011716,0.22175367,0.22175369,0.22231084,0.22231087,0.22400811,0.22692734,0.23741546,0.23741548,0.23866323,0.23866324,0.25347728,0.25416851,0.25628012,0.27063051,0.27218688,0.2804763,0.28818375,0.28904951,0.28904954,0.29170558,0.30700296,0.30896968,0.30896971,0.31305742,0.32622218,0.32732379,0.32943252,0.33072418,0.3469432,0.34947976,0.35482007,0.36806411,0.3694998,0.37397826,0.39102107,0.39439982,0.39439985,0.41437787,0.41632172,0.41632175,0.42250919,0.44007868,0.44007871,0.44483253,0.44483256,0.46617964,0.46617967,0.46899021,0.47838277,0.49549133,0.49549136,0.50294197,0.52520299,0.52984369,0.55995554,0.5599556,0.59510815,0.60837495,0.64392769,0.69314718]",26,26,0.9717467948717948,0.9717467948717948,0.008507461625855443,0.0016940196112191347,0.008753816597163677,0.009751696139574051,0.010187390260398388,0.01112126000225544,0.0,0.011514137499034405
across_seed_mean,all,5,249600.0,0.6846571072345593,0.07000856184561634,0.6931471228599548,0.6931471824645996,0.6931471824645996,0.6931471824645996,0.0,0.6931471824645996,13.6,see per-seed rows,3,3,0.4917155448717948,0.9850937500000001,0.007434272482977793,0.001219541374499966,0.00757803525775671,0.008470016531646252,0.008748811297118663,0.009454561583697795,0.0,0.01078864224255085
across_seed_mean,all,10,249600.0,0.6833180547560511,0.07251489412087297,0.6931471824645996,0.6931471824645996,0.6931471824645996,0.6931471824645996,0.0,0.6931471824645996,24.2,see per-seed rows,6,6,0.980369391025641,0.980369391025641,0.00798439596931855,0.001409268557026318,0.00817183293402195,0.009108972735702991,0.009443799033761024,0.010382935218513013,0.0,0.0112593624740839
across_seed_mean,all,20,249600.0,0.6825851338757015,0.07349340716276591,0.6931471824645996,0.6931471824645996,0.6931471824645996,0.6931471824645996,0.0,0.6931471824645996,59.6,see per-seed rows,11,11,0.9762940705128205,0.9762940705128205,0.008301844969919925,0.001554490424937892,0.008504239656031132,0.009503203444182873,0.009872432425618171,0.010842515341937541,0.0,0.011419957876205445
across_seed_mean,all,50,249600.0,0.682100507611886,0.07399611806259263,0.6931471824645996,0.6931471824645996,0.6931471824645996,0.6931471824645996,0.0,0.6931471824645996,197.2,see per-seed rows,26,26,0.9716578525641024,0.9716578525641024,0.008508607087216843,0.0016945451948515214,0.008776275254786015,0.009731632098555565,0.010149969346821308,0.011115269362926483,0.0,0.011465060152113437
