group,target_names,anchor_names,layer,variant,target_rank,anchor_rank,true_leakage,projector_leakage_crosscheck,raw_preservation_loss,normalized_preservation_distortion,preservation_delta_vs_variant_c,preservation_ratio_vs_variant_c,anchor_feature_drift,orthogonality_residual,exact_mapping_residual,determinant
dogs,"[""golden retriever"", ""labrador retriever""]","[""cocker spaniel"", ""beagle""]",down_blocks.0.attentions.0.transformer_blocks.0.attn2.to_v,C_objective_faithful,12,12,0.94460988562717818,0.94460988562734283,1833.7678772072302,0.18834329449895193,0,1,0.18578178630602224,2.0192819209916812e-12,,1.000000000016092
dogs,"[""golden retriever"", ""labrador retriever""]","[""cocker spaniel"", ""beagle""]",down_blocks.0.attentions.0.transformer_blocks.0.attn2.to_v,D_exact_orthogonal,12,12,2.3352219811751936e-29,2.4037991078830369e-29,721.41892385893186,0.074095755805479682,-0.11424753869347225,0.39340798408882033,0.60657192468452759,1.7539240817236457e-12,1.2602990516241607e-14,-1.0000000000136877
dogs,"[""golden retriever"", ""labrador retriever""]","[""cocker spaniel"", ""beagle""]",down_blocks.0.attentions.1.transformer_blocks.0.attn2.to_v,C_objective_faithful,12,12,0.89872581616206704,0.8987258161622288,1494.2754573777875,0.19878860189201808,0,1,0.15172569667134567,2.2145375363588556e-12,,1.0000000000179448
dogs,"[""golden retriever"", ""labrador retriever""]","[""cocker spaniel"", ""beagle""]",down_blocks.0.attentions.1.transformer_blocks.0.attn2.to_v,D_exact_orthogonal,12,12,9.7941982515498795e-30,1.0441019047109055e-29,366.64346450675862,0.048775840720856729,-0.15001276117116136,0.24536537938604627,0.29740801319815363,1.8410874149691239e-12,1.2015993121428577e-14,1.0000000000145357
dogs,"[""golden retriever"", ""labrador retriever""]","[""cocker spaniel"", ""beagle""]",down_blocks.1.attentions.0.transformer_blocks.0.attn2.to_v,C_objective_faithful,12,12,0.95158732053193662,0.95158732053232864,2459.4385380297576,0.11955509345471453,0,1,0.1657843210303456,6.8069976231597758e-12,,1.0000000000809237
dogs,"[""golden retriever"", ""labrador retriever""]","[""cocker spaniel"", ""beagle""]",down_blocks.1.attentions.0.transformer_blocks.0.attn2.to_v,D_exact_orthogonal,12,12,1.9756727111942464e-29,2.0838544585680198e-29,1156.9310232853877,0.05623925724134908,-0.063315836213365451,0.47040452745454603,0.80840645155641222,6.5044950370929471e-12,1.5642356905769043e-14,-1.0000000000772282
dogs,"[""golden retriever"", ""labrador retriever""]","[""cocker spaniel"", ""beagle""]",down_blocks.1.attentions.1.transformer_blocks.0.attn2.to_v,C_objective_faithful,12,12,0.93590940773918518,0.93590940773962783,1878.3258553626131,0.12218553836898575,0,1,0.14494388920518092,6.8698779732480826e-12,,1.0000000000819804
dogs,"[""golden retriever"", ""labrador retriever""]","[""cocker spaniel"", ""beagle""]",down_blocks.1.attentions.1.transformer_blocks.0.attn2.to_v,D_exact_orthogonal,12,12,3.2475746049409348e-29,3.3572987361769597e-29,748.756391627413,0.048706779261446558,-0.073478759107539204,0.39862965709049702,0.68415480239765192,6.3901180715201242e-12,9.2436880314692587e-15,-1.0000000000760521
dogs,"[""golden retriever"", ""labrador retriever""]","[""cocker spaniel"", ""beagle""]",down_blocks.2.attentions.0.transformer_blocks.0.attn2.to_v,C_objective_faithful,12,12,0.97459255414816537,0.97459255414900026,3542.685014955945,0.068895008755463893,0,1,0.13425547947983507,2.4373601891423508e-11,,-1.0000000004173335
dogs,"[""golden retriever"", ""labrador retriever""]","[""cocker spaniel"", ""beagle""]",down_blocks.2.attentions.0.transformer_blocks.0.attn2.to_v,D_exact_orthogonal,12,12,1.1448704199859244e-29,1.21005293414646e-29,2078.3925296881298,0.04041874197837346,-0.028476266777090434,0.58667155587186059,1.1087213393059558,2.4947131832884255e-11,1.5604960604918795e-14,1.0000000004287461
dogs,"[""golden retriever"", ""labrador retriever""]","[""cocker spaniel"", ""beagle""]",down_blocks.2.attentions.1.transformer_blocks.0.attn2.to_v,C_objective_faithful,12,12,0.97332926173204937,0.97332926173277923,3465.2348355836239,0.064846788376611106,0,1,0.13458974373498109,2.3926732172722697e-11,,-1.0000000004081
dogs,"[""golden retriever"", ""labrador retriever""]","[""cocker spaniel"", ""beagle""]",down_blocks.2.attentions.1.transformer_blocks.0.attn2.to_v,D_exact_orthogonal,12,12,1.9135702926571939e-29,1.9801880685223138e-29,2051.2428334517581,0.038386001596190038,-0.026460786780421068,0.59194915518800117,1.037606559167229,2.4848971236284408e-11,1.5545116528393214e-14,1.0000000004239809
dogs,"[""golden retriever"", ""labrador retriever""]","[""cocker spaniel"", ""beagle""]",up_blocks.1.attentions.0.transformer_blocks.0.attn2.to_v,C_objective_faithful,12,12,0.9763486665763198,0.97634866657715502,5133.6892270106327,0.062268498746400919,0,1,0.12631138915007725,2.5807111924979015e-11,,-1.0000000004409284
dogs,"[""golden retriever"", ""labrador retriever""]","[""cocker spaniel"", ""beagle""]",up_blocks.1.attentions.0.transformer_blocks.0.attn2.to_v,D_exact_orthogonal,12,12,9.1492444432198434e-30,9.9025495451133827e-30,3555.3370809201324,0.043124056166372507,-0.019144442580028412,0.69255011819062129,1.1348425651088321,2.5513407209959891e-11,1.6858915343745404e-14,-1.0000000004364611
dogs,"[""golden retriever"", ""labrador retriever""]","[""cocker spaniel"", ""beagle""]",up_blocks.1.attentions.1.transformer_blocks.0.attn2.to_v,C_objective_faithful,12,12,0.9743099632805986,0.97430996328145503,6111.0827082657934,0.059005109764598496,0,1,0.097847545510861916,2.4115791718341438e-11,,-1.0000000004115639
dogs,"[""golden retriever"", ""labrador retriever""]","[""cocker spaniel"", ""beagle""]",up_blocks.1.attentions.1.transformer_blocks.0.attn2.to_v,D_exact_orthogonal,12,12,2.6536679135706786e-29,2.728540842210161e-29,4463.8088443818842,0.043099978089755381,-0.015905131674843115,0.73044484217897732,1.2197685461017813,2.4236790933868575e-11,1.8054902826295303e-14,-1.0000000004137028
dogs,"[""golden retriever"", ""labrador retriever""]","[""cocker spaniel"", ""beagle""]",up_blocks.1.attentions.2.transformer_blocks.0.attn2.to_v,C_objective_faithful,12,12,0.9749235381106397,0.97492353811152077,5242.7932464153246,0.060583523685525574,0,1,0.10083723986106079,2.5369113052810232e-11,,-1.0000000004358229
dogs,"[""golden retriever"", ""labrador retriever""]","[""cocker spaniel"", ""beagle""]",up_blocks.1.attentions.2.transformer_blocks.0.attn2.to_v,D_exact_orthogonal,12,12,1.0220199735125372e-29,1.0845927328244579e-29,3528.550071443894,0.040774447280568858,-0.019809076404956716,0.67302865201798356,1.2390911083126006,2.43951621933784e-11,2.0027783422407095e-14,-1.0000000004097382
dogs,"[""golden retriever"", ""labrador retriever""]","[""cocker spaniel"", ""beagle""]",up_blocks.2.attentions.0.transformer_blocks.0.attn2.to_v,C_objective_faithful,12,12,0.94232038821769104,0.9423203882179938,7719.4434077548613,0.089285303644701261,0,1,0.12534201597730082,6.8337909319664027e-12,,1.0000000000820115
dogs,"[""golden retriever"", ""labrador retriever""]","[""cocker spaniel"", ""beagle""]",up_blocks.2.attentions.0.transformer_blocks.0.attn2.to_v,D_exact_orthogonal,12,12,1.1588949012443787e-29,1.2644844035356223e-29,6102.506929115767,0.070583351075885939,-0.018701952568815322,0.79053716787213713,1.1097754351256264,6.7771078974183661e-12,1.4653671056517313e-14,1.0000000000807197
dogs,"[""golden retriever"", ""labrador retriever""]","[""cocker spaniel"", ""beagle""]",up_blocks.2.attentions.1.transformer_blocks.0.attn2.to_v,C_objective_faithful,12,12,0.91867393104188133,0.91867393104222916,4688.7970997271505,0.085187038941079804,0,1,0.095555484483264813,7.2571327046141477e-12,,1.0000000000866907
dogs,"[""golden retriever"", ""labrador retriever""]","[""cocker spaniel"", ""beagle""]",up_blocks.2.attentions.1.transformer_blocks.0.attn2.to_v,D_exact_orthogonal,12,12,1.6652102954190827e-29,1.7771928086100122e-29,3300.5348199200125,0.059964801685975552,-0.025222237255104252,0.70391931015997178,0.71872529904703597,6.8596380409871973e-12,1.963105918563447e-14,-1.0000000000813181
dogs,"[""golden retriever"", ""labrador retriever""]","[""cocker spaniel"", ""beagle""]",up_blocks.2.attentions.2.transformer_blocks.0.attn2.to_v,C_objective_faithful,12,12,0.95683605997617693,0.9568360599765301,3775.7678220733355,0.10688116538360462,0,1,0.19201785701320409,7.0688187231948143e-12,,1.0000000000845124
dogs,"[""golden retriever"", ""labrador retriever""]","[""cocker spaniel"", ""beagle""]",up_blocks.2.attentions.2.transformer_blocks.0.attn2.to_v,D_exact_orthogonal,12,12,2.3214479578584377e-29,2.4227167683950614e-29,2154.0733673605314,0.060975643279584942,-0.045905522104019679,0.57049942392318354,0.86220362160465791,6.7177785885242132e-12,1.2157163371731087e-14,-1.000000000079754
dogs,"[""golden retriever"", ""labrador retriever""]","[""cocker spaniel"", ""beagle""]",up_blocks.3.attentions.0.transformer_blocks.0.attn2.to_v,C_objective_faithful,12,12,0.8759954233075099,0.87599542330769375,1612.260563581006,0.23911060248395305,0,1,0.17386813693641406,2.2398308765238257e-12,,1.0000000000178795
dogs,"[""golden retriever"", ""labrador retriever""]","[""cocker spaniel"", ""beagle""]",up_blocks.3.attentions.0.transformer_blocks.0.attn2.to_v,D_exact_orthogonal,12,12,5.6399322092070352e-30,6.245593582569304e-30,455.75284791944017,0.067591641519624282,-0.17151896096432878,0.28267939948066678,0.30385362979272701,1.8382291956899248e-12,1.1643153636797838e-14,1.0000000000145031
dogs,"[""golden retriever"", ""labrador retriever""]","[""cocker spaniel"", ""beagle""]",up_blocks.3.attentions.1.transformer_blocks.0.attn2.to_v,C_objective_faithful,12,12,0.88504625560788819,0.88504625560804706,2141.6922572346948,0.19580621010436405,0,1,0.19994594872097296,2.1523249675994096e-12,,1.0000000000172675
dogs,"[""golden retriever"", ""labrador retriever""]","[""cocker spaniel"", ""beagle""]",up_blocks.3.attentions.1.transformer_blocks.0.attn2.to_v,D_exact_orthogonal,12,12,7.3883695531496698e-30,8.1496018340434956e-30,905.00214301351923,0.082740664145934797,-0.11306554595842926,0.42256404483715965,0.38367630322468682,1.986288985780066e-12,1.430420667295301e-14,-1.0000000000157725
dogs,"[""golden retriever"", ""labrador retriever""]","[""cocker spaniel"", ""beagle""]",up_blocks.3.attentions.2.transformer_blocks.0.attn2.to_v,C_objective_faithful,12,12,0.87667206130574316,0.87667206130593167,2227.258296977594,0.20009330161359845,0,1,0.19417412202227163,2.2357995319229556e-12,,1.0000000000177374
dogs,"[""golden retriever"", ""labrador retriever""]","[""cocker spaniel"", ""beagle""]",up_blocks.3.attentions.2.transformer_blocks.0.attn2.to_v,D_exact_orthogonal,12,12,2.1521754948501105e-29,2.207307953811155e-29,687.61343125501753,0.061774084254339938,-0.13831921735925851,0.30872639791626955,0.28853927894832998,1.9507916687075928e-12,1.3033253169501791e-14,-1.0000000000154972
dogs,"[""golden retriever"", ""labrador retriever""]","[""cocker spaniel"", ""beagle""]",mid_block.attentions.0.transformer_blocks.0.attn2.to_v,C_objective_faithful,12,12,0.97850555950958185,0.97850555951034268,5095.3348892323329,0.061406090159397651,0,1,0.12458165720724441,2.4293282204229716e-11,,-1.0000000004163281
dogs,"[""golden retriever"", ""labrador retriever""]","[""cocker spaniel"", ""beagle""]",mid_block.attentions.0.transformer_blocks.0.attn2.to_v,D_exact_orthogonal,12,12,2.2160042162807365e-29,2.3063162502357692e-29,3266.7535823687513,0.039369063931672825,-0.022037026227724826,0.6411263741019626,1.1822949318902904,2.3617471914128118e-11,1.6372145972840244e-14,1.0000000003999203
fruits,"[""orange"", ""lemon""]","[""banana"", ""pineapple""]",down_blocks.0.attentions.0.transformer_blocks.0.attn2.to_v,C_objective_faithful,12,12,0.94332848041408768,0.94332848041423645,2024.1363678435616,0.20545402642669885,0,1,0.12859495570007073,2.1299241484640438e-12,,1.0000000000171112
fruits,"[""orange"", ""lemon""]","[""banana"", ""pineapple""]",down_blocks.0.attentions.0.transformer_blocks.0.attn2.to_v,D_exact_orthogonal,12,12,1.0645768909111431e-29,1.1281784659175417e-29,807.47744319228957,0.081960630018883027,-0.12349339640781583,0.39892442822542901,0.59457904057146649,1.7916140624962357e-12,1.1684724848664528e-14,-1.0000000000139946
fruits,"[""orange"", ""lemon""]","[""banana"", ""pineapple""]",down_blocks.0.attentions.1.transformer_blocks.0.attn2.to_v,C_objective_faithful,12,12,0.90120899842436353,0.90120899842452007,1393.7761331292156,0.18192957640788335,0,1,0.10014289311906102,2.1173727253889904e-12,,1.0000000000170786
fruits,"[""orange"", ""lemon""]","[""banana"", ""pineapple""]",down_blocks.0.attentions.1.transformer_blocks.0.attn2.to_v,D_exact_orthogonal,12,12,8.4192835499268319e-30,8.9774813017140632e-30,451.56181763045913,0.058942356846820122,-0.12298721956106323,0.32398446701526007,0.21113085557151334,1.8038985355398463e-12,1.0896155012811168e-14,1.0000000000142317
fruits,"[""orange"", ""lemon""]","[""banana"", ""pineapple""]",down_blocks.1.attentions.0.transformer_blocks.0.attn2.to_v,C_objective_faithful,12,12,0.95686577980072662,0.95686577980112231,2577.7975295043534,0.12494924668483891,0,1,0.13454247299900426,6.7764935390480228e-12,,1.0000000000802858
fruits,"[""orange"", ""lemon""]","[""banana"", ""pineapple""]",down_blocks.1.attentions.0.transformer_blocks.0.attn2.to_v,D_exact_orthogonal,12,12,2.7009851371066992e-29,2.8179253783740238e-29,1191.6218129565818,0.057759481168707306,-0.067189765516131594,0.46226354060696973,0.79160522978512626,6.4381126572303771e-12,1.2267245748045576e-14,1.000000000076243
fruits,"[""orange"", ""lemon""]","[""banana"", ""pineapple""]",down_blocks.1.attentions.1.transformer_blocks.0.attn2.to_v,C_objective_faithful,12,12,0.93404967238165471,0.93404967238201431,2071.6842782178023,0.13323058120718737,0,1,0.10978316284903562,6.7837395443253949e-12,,1.000000000080671
fruits,"[""orange"", ""lemon""]","[""banana"", ""pineapple""]",down_blocks.1.attentions.1.transformer_blocks.0.attn2.to_v,D_exact_orthogonal,12,12,1.4163646236266403e-29,1.518862204906161e-29,894.93485159560805,0.057553504495975884,-0.075677076711211488,0.43198418842348379,0.52812474128333842,6.5080529625945575e-12,1.5620019710161699e-14,-1.00000000007757
fruits,"[""orange"", ""lemon""]","[""banana"", ""pineapple""]",down_blocks.2.attentions.0.transformer_blocks.0.attn2.to_v,C_objective_faithful,12,12,0.98140393379698621,0.98140393379779278,3960.9713086278225,0.07714579152871974,0,1,0.094349900696986802,2.5837559400315471e-11,,-1.0000000004271554
fruits,"[""orange"", ""lemon""]","[""banana"", ""pineapple""]",down_blocks.2.attentions.0.transformer_blocks.0.attn2.to_v,D_exact_orthogonal,12,12,1.9941852675792235e-29,2.056836531967279e-29,2234.9234179591394,0.043528448617886684,-0.033617342910833056,0.56423620466298496,1.2030364012636758,2.498652832024443e-11,1.0505745940087444e-14,1.0000000004287737
fruits,"[""orange"", ""lemon""]","[""banana"", ""pineapple""]",down_blocks.2.attentions.1.transformer_blocks.0.attn2.to_v,C_objective_faithful,12,12,0.98157196051697904,0.98157196051774154,3953.6575407675687,0.074072252703545574,0,1,0.080310590692937861,2.572371019292194e-11,,-1.0000000004399243
fruits,"[""orange"", ""lemon""]","[""banana"", ""pineapple""]",down_blocks.2.attentions.1.transformer_blocks.0.attn2.to_v,D_exact_orthogonal,12,12,2.0415794209267052e-29,2.1157125289838175e-29,2316.8939707466543,0.043407289052948481,-0.030664963650597094,0.5860128113920684,1.2272232344899898,2.4698952891557765e-11,1.6790607452012024e-14,1.0000000004243617
fruits,"[""orange"", ""lemon""]","[""banana"", ""pineapple""]",up_blocks.1.attentions.0.transformer_blocks.0.attn2.to_v,C_objective_faithful,12,12,0.98317679348475762,0.98317679348555442,5830.3262380049928,0.070912230632460063,0,1,0.071103701166596103,2.5341445684158678e-11,,1.0000000004319294
fruits,"[""orange"", ""lemon""]","[""banana"", ""pineapple""]",up_blocks.1.attentions.0.transformer_blocks.0.attn2.to_v,D_exact_orthogonal,12,12,2.030015008611904e-29,2.1005173586047893e-29,3876.5975562954482,0.047149708053955811,-0.023762522578504253,0.66490233960251477,1.311932026420725,2.4965730271731309e-11,1.6132705714621245e-14,-1.0000000004255905
fruits,"[""orange"", ""lemon""]","[""banana"", ""pineapple""]",up_blocks.1.attentions.1.transformer_blocks.0.attn2.to_v,C_objective_faithful,12,12,0.98035429368389193,0.98035429368473004,6974.3904389144036,0.067390099364468894,0,1,0.061513347828286644,2.4271210332931412e-11,,-1.0000000004152281
fruits,"[""orange"", ""lemon""]","[""banana"", ""pineapple""]",up_blocks.1.attentions.1.transformer_blocks.0.attn2.to_v,D_exact_orthogonal,12,12,1.8746970624129168e-29,1.9480815687391916e-29,4996.8116694640175,0.048281729831450661,-0.019108369533018234,0.71645138212849957,1.3499695030280485,2.4663673984443263e-11,1.5317090251157439e-14,-1.0000000004236347
fruits,"[""orange"", ""lemon""]","[""banana"", ""pineapple""]",up_blocks.1.attentions.2.transformer_blocks.0.attn2.to_v,C_objective_faithful,12,12,0.9842954604337617,0.98429546043463956,6197.0913090832455,0.071441209141866621,0,1,0.079338645225189672,2.5669951961626835e-11,,-1.0000000004390424
fruits,"[""orange"", ""lemon""]","[""banana"", ""pineapple""]",up_blocks.1.attentions.2.transformer_blocks.0.attn2.to_v,D_exact_orthogonal,12,12,1.3156010070256165e-29,1.3746717744118907e-29,4258.4310953785243,0.049091977401599818,-0.022349231740266803,0.68716610470735295,1.3921827440115979,2.4648186866937281e-11,1.8056472061343287e-14,-1.0000000004161587
fruits,"[""orange"", ""lemon""]","[""banana"", ""pineapple""]",up_blocks.2.attentions.0.transformer_blocks.0.attn2.to_v,C_objective_faithful,12,12,0.94985344694443563,0.94985344694473162,8339.6506328585547,0.095817440749957919,0,1,0.080544026886005454,6.900081921364633e-12,,1.0000000000826252
fruits,"[""orange"", ""lemon""]","[""banana"", ""pineapple""]",up_blocks.2.attentions.0.transformer_blocks.0.attn2.to_v,D_exact_orthogonal,12,12,2.7938058536466644e-29,2.8954358770579368e-29,6279.5697650960792,0.072148382515165463,-0.023669058234792456,0.75297755763944418,1.2380620494255983,6.6708860302850094e-12,1.7720898876687859e-14,-1.0000000000791305
fruits,"[""orange"", ""lemon""]","[""banana"", ""pineapple""]",up_blocks.2.attentions.1.transformer_blocks.0.attn2.to_v,C_objective_faithful,12,12,0.92170305817423381,0.92170305817457987,4950.9823024961288,0.089708158714947514,0,1,0.087036112272769098,7.0960956240427096e-12,,1.0000000000849469
fruits,"[""orange"", ""lemon""]","[""banana"", ""pineapple""]",up_blocks.2.attentions.1.transformer_blocks.0.attn2.to_v,D_exact_orthogonal,12,12,9.1885775926992263e-30,1.0218227392740368e-29,3260.4089111957337,0.059076211994075249,-0.030631946720872265,0.65853778341157443,0.60303823839469584,6.7598057827246339e-12,1.3125664373051615e-14,1.0000000000805782
fruits,"[""orange"", ""lemon""]","[""banana"", ""pineapple""]",up_blocks.2.attentions.2.transformer_blocks.0.attn2.to_v,C_objective_faithful,12,12,0.95335252975191764,0.95335252975229234,4234.5932705670675,0.11809197164284627,0,1,0.14324837027760715,6.9533752597921084e-12,,1.0000000000833789
fruits,"[""orange"", ""lemon""]","[""banana"", ""pineapple""]",up_blocks.2.attentions.2.transformer_blocks.0.attn2.to_v,D_exact_orthogonal,12,12,1.115839576799142e-29,1.229123297639876e-29,2227.2799461137356,0.062113138956063442,-0.055978832686782824,0.52597257960868427,0.83733455335744222,6.7293839218784179e-12,1.5834714527280934e-14,-1.0000000000801477
fruits,"[""orange"", ""lemon""]","[""banana"", ""pineapple""]",up_blocks.3.attentions.0.transformer_blocks.0.attn2.to_v,C_objective_faithful,12,12,0.89194306274154922,0.89194306274170965,1582.3748902772465,0.2314180182827528,0,1,0.1537682798881381,2.1405740848581123e-12,,1.0000000000169706
fruits,"[""orange"", ""lemon""]","[""banana"", ""pineapple""]",up_blocks.3.attentions.0.transformer_blocks.0.attn2.to_v,D_exact_orthogonal,12,12,1.2853006007314734e-29,1.3455957791206482e-29,383.84470648685544,0.056136242965754729,-0.17528177531699807,0.24257507424147912,0.23139428806089393,1.8543431875712544e-12,1.4956532350010206e-14,1.0000000000144935
fruits,"[""orange"", ""lemon""]","[""banana"", ""pineapple""]",up_blocks.3.attentions.1.transformer_blocks.0.attn2.to_v,C_objective_faithful,12,12,0.88959736740605766,0.88959736740620132,2093.1421356407109,0.1873980944324671,0,1,0.10716749010473162,2.1300403637629738e-12,,1.0000000000172047
fruits,"[""orange"", ""lemon""]","[""banana"", ""pineapple""]",up_blocks.3.attentions.1.transformer_blocks.0.attn2.to_v,D_exact_orthogonal,12,12,1.1528493651826055e-29,1.2253258612575761e-29,732.11841393358782,0.065546239471252321,-0.12185185496121478,0.34977004259172606,0.3291832339547715,1.8456916967728281e-12,1.0135310876797414e-14,-1.0000000000145506
fruits,"[""orange"", ""lemon""]","[""banana"", ""pineapple""]",up_blocks.3.attentions.2.transformer_blocks.0.attn2.to_v,C_objective_faithful,12,12,0.88795304996693891,0.88795304996710589,2235.9020523350673,0.1972893718253472,0,1,0.10091355002618024,2.2274168420010508e-12,,1.0000000000178653
fruits,"[""orange"", ""lemon""]","[""banana"", ""pineapple""]",up_blocks.3.attentions.2.transformer_blocks.0.attn2.to_v,D_exact_orthogonal,12,12,1.7820572690725665e-29,1.8382519386364302e-29,762.99437340741383,0.067324362656501949,-0.12996500916884524,0.34124677895016897,0.25120768077343858,1.9558231386516053e-12,1.5567368934473885e-14,1.0000000000156117
fruits,"[""orange"", ""lemon""]","[""banana"", ""pineapple""]",mid_block.attentions.0.transformer_blocks.0.attn2.to_v,C_objective_faithful,12,12,0.98529842377804966,0.98529842377878563,5507.9326594357817,0.066560753446618312,0,1,0.072636746262228546,2.3787402817358721e-11,,-1.0000000004092837
fruits,"[""orange"", ""lemon""]","[""banana"", ""pineapple""]",mid_block.attentions.0.transformer_blocks.0.attn2.to_v,D_exact_orthogonal,12,12,1.3946709617948649e-29,1.4668876497777563e-29,3649.8798768226379,0.044107066954564261,-0.022453686492054051,0.66265876917901934,1.441504779045937,2.4480490009467752e-11,1.2640844860534746e-14,1.0000000004188898
balls,"[""soccer ball"", ""volleyball""]","[""basketball"", ""baseball""]",down_blocks.0.attentions.0.transformer_blocks.0.attn2.to_v,C_objective_faithful,12,12,0.94450555451148599,0.94450555451163043,2009.6873648888334,0.20422144944628087,0,1,0.29237114437394202,2.0295431534980027e-12,,1.0000000000163531
balls,"[""soccer ball"", ""volleyball""]","[""basketball"", ""baseball""]",down_blocks.0.attentions.0.transformer_blocks.0.attn2.to_v,D_exact_orthogonal,12,12,1.5504312077727524e-29,1.6165535784830817e-29,816.92142307654285,0.083014343434277618,-0.12120710601200325,0.40649179437008159,0.56032065301203238,1.7305764842277507e-12,1.4854304391132616e-14,-1.0000000000131768
balls,"[""soccer ball"", ""volleyball""]","[""basketball"", ""baseball""]",down_blocks.0.attentions.1.transformer_blocks.0.attn2.to_v,C_objective_faithful,12,12,0.89670296992234588,0.89670296992247689,1379.0712887770887,0.18048754943486331,0,1,0.28394091505511365,2.1188535187200626e-12,,1.0000000000172427
balls,"[""soccer ball"", ""volleyball""]","[""basketball"", ""baseball""]",down_blocks.0.attentions.1.transformer_blocks.0.attn2.to_v,D_exact_orthogonal,12,12,1.2229293836106014e-29,1.2897642969024635e-29,486.5780920265903,0.063681470387544264,-0.11680607904731904,0.35283026772174364,0.27039526699596717,1.8569608028567234e-12,1.1512014155201807e-14,1.0000000000144067
balls,"[""soccer ball"", ""volleyball""]","[""basketball"", ""baseball""]",down_blocks.1.attentions.0.transformer_blocks.0.attn2.to_v,C_objective_faithful,12,12,0.93871522431470256,0.93871522431506049,2834.4224148867997,0.13611333303795792,0,1,0.29235453340292178,6.659907715766268e-12,,1.0000000000791467
balls,"[""soccer ball"", ""volleyball""]","[""basketball"", ""baseball""]",down_blocks.1.attentions.0.transformer_blocks.0.attn2.to_v,D_exact_orthogonal,12,12,1.028641909660645e-29,1.1485887451510984e-29,1402.3575398706182,0.067343370508281888,-0.068769962529676029,0.49475954342769524,0.62304841756567153,6.551438500516173e-12,1.2934438835164182e-14,1.0000000000779918
balls,"[""soccer ball"", ""volleyball""]","[""basketball"", ""baseball""]",down_blocks.1.attentions.1.transformer_blocks.0.attn2.to_v,C_objective_faithful,12,12,0.92485535094522586,0.92485535094561333,1928.7456753135907,0.12429026062056024,0,1,0.25632283309720333,6.7075345785568472e-12,,1.0000000000795837
balls,"[""soccer ball"", ""volleyball""]","[""basketball"", ""baseball""]",down_blocks.1.attentions.1.transformer_blocks.0.attn2.to_v,D_exact_orthogonal,12,12,1.7180895577415167e-29,1.8305088011988396e-29,932.65034885209525,0.060100902057932684,-0.064189358562627558,0.48355278810953528,0.47276776107452967,6.3375920005512531e-12,1.6966392029020087e-14,1.0000000000750691
balls,"[""soccer ball"", ""volleyball""]","[""basketball"", ""baseball""]",down_blocks.2.attentions.0.transformer_blocks.0.attn2.to_v,C_objective_faithful,12,12,0.95489074816644026,0.95489074816718311,3995.6200912822901,0.077345117726086113,0,1,0.21819564642578337,2.4627824319090173e-11,,1.0000000004221705
balls,"[""soccer ball"", ""volleyball""]","[""basketball"", ""baseball""]",down_blocks.2.attentions.0.transformer_blocks.0.attn2.to_v,D_exact_orthogonal,12,12,1.4151442682854029e-29,1.488138735886311e-29,2470.0400630107497,0.047813739819394213,-0.0295313779066919,0.61818691631867695,0.83932069318649138,2.424127683038876e-11,2.1896612284075029e-14,1.0000000004140979
balls,"[""soccer ball"", ""volleyball""]","[""basketball"", ""baseball""]",down_blocks.2.attentions.1.transformer_blocks.0.attn2.to_v,C_objective_faithful,12,12,0.95586847751872883,0.9558684775194487,4130.8825354005921,0.077062706162456071,0,1,0.17713747237673239,2.5882559352677078e-11,,-1.0000000004410539
balls,"[""soccer ball"", ""volleyball""]","[""basketball"", ""baseball""]",down_blocks.2.attentions.1.transformer_blocks.0.attn2.to_v,D_exact_orthogonal,12,12,2.2192448732305945e-29,2.3010174960569238e-29,2646.7372341449968,0.04937558306638417,-0.027687123096071901,0.64071955846314799,0.8810963671631562,2.4246265730520347e-11,1.3712137080515817e-14,-1.0000000004146643
balls,"[""soccer ball"", ""volleyball""]","[""basketball"", ""baseball""]",up_blocks.1.attentions.0.transformer_blocks.0.attn2.to_v,C_objective_faithful,12,12,0.95243691651962958,0.95243691652034634,5793.378481978908,0.070015833811373954,0,1,0.19058168145991553,2.5497620927205866e-11,,-1.0000000004372809
balls,"[""soccer ball"", ""volleyball""]","[""basketball"", ""baseball""]",up_blocks.1.attentions.0.transformer_blocks.0.attn2.to_v,D_exact_orthogonal,12,12,3.3240856177068703e-29,3.3903738412564785e-29,4425.0822763065089,0.053479299897855506,-0.016536533913518447,0.76381722514269168,0.89245738138488584,2.5082927488279948e-11,1.5494637727346479e-14,-1.000000000426488
balls,"[""soccer ball"", ""volleyball""]","[""basketball"", ""baseball""]",up_blocks.1.attentions.1.transformer_blocks.0.attn2.to_v,C_objective_faithful,12,12,0.95642131359109739,0.95642131359186067,6927.6015463309313,0.066911923567662415,0,1,0.17108847818419373,2.5332027019022109e-11,,1.0000000004349967
balls,"[""soccer ball"", ""volleyball""]","[""basketball"", ""baseball""]",up_blocks.1.attentions.1.transformer_blocks.0.attn2.to_v,D_exact_orthogonal,12,12,1.4990032539163683e-29,1.5664275146960646e-29,5791.0611482099921,0.055934371850516341,-0.010977551717146074,0.83594027593534359,1.0038134858196393,2.3765895487901147e-11,1.0492882415239587e-14,1.0000000004036838
balls,"[""soccer ball"", ""volleyball""]","[""basketball"", ""baseball""]",up_blocks.1.attentions.2.transformer_blocks.0.attn2.to_v,C_objective_faithful,12,12,0.95752468784310174,0.9575246878438709,5850.2337177321388,0.067522603261397487,0,1,0.22012536521003767,2.407145127872311e-11,,1.0000000004098257
balls,"[""soccer ball"", ""volleyball""]","[""basketball"", ""baseball""]",up_blocks.1.attentions.2.transformer_blocks.0.attn2.to_v,D_exact_orthogonal,12,12,1.4245860011967256e-29,1.5003754959856021e-29,4449.5643998987634,0.051356268169209358,-0.016166335092188129,0.76057891267011646,1.0134515838162161,2.4853160130055661e-11,1.5176719523280142e-14,1.0000000004212513
balls,"[""soccer ball"", ""volleyball""]","[""basketball"", ""baseball""]",up_blocks.2.attentions.0.transformer_blocks.0.attn2.to_v,C_objective_faithful,12,12,0.92228452047302811,0.92228452047332221,7600.4832561929552,0.087844726083610158,0,1,0.25067852230818971,6.8230189727984798e-12,,1.0000000000820464
balls,"[""soccer ball"", ""volleyball""]","[""basketball"", ""baseball""]",up_blocks.2.attentions.0.transformer_blocks.0.attn2.to_v,D_exact_orthogonal,12,12,1.6745158799594134e-29,1.7755888780334341e-29,6326.2390289125979,0.07311728950675063,-0.014727436576859529,0.83234694632843376,0.78068634449825391,6.7134654904288804e-12,1.1771671263922528e-14,1.0000000000793399
balls,"[""soccer ball"", ""volleyball""]","[""basketball"", ""baseball""]",up_blocks.2.attentions.1.transformer_blocks.0.attn2.to_v,C_objective_faithful,12,12,0.91707312932833351,0.91707312932869334,5322.9722139210107,0.096844017519049003,0,1,0.2558550085852494,7.0050593488593216e-12,,1.0000000000834091
balls,"[""soccer ball"", ""volleyball""]","[""basketball"", ""baseball""]",up_blocks.2.attentions.1.transformer_blocks.0.attn2.to_v,D_exact_orthogonal,12,12,1.2918551542531056e-29,1.3986667245423347e-29,4122.4937225000485,0.075002994236912743,-0.02184102328213626,0.77447214766941919,0.6383605939724516,6.9044095036361739e-12,1.4815997992530243e-14,1.000000000081722
balls,"[""soccer ball"", ""volleyball""]","[""basketball"", ""baseball""]",up_blocks.2.attentions.2.transformer_blocks.0.attn2.to_v,C_objective_faithful,12,12,0.93984800014323877,0.93984800014360548,4337.760108177823,0.12207904929894635,0,1,0.29944933835956722,6.7849147601116795e-12,,1.000000000080971
balls,"[""soccer ball"", ""volleyball""]","[""basketball"", ""baseball""]",up_blocks.2.attentions.2.transformer_blocks.0.attn2.to_v,D_exact_orthogonal,12,12,9.4462674234696189e-30,1.0550472798476384e-29,2631.9266054224217,0.074071200297321921,-0.048007849001624428,0.60674784676555649,0.6731298267717486,6.7666206316655834e-12,1.7439846517622261e-14,-1.0000000000806755
balls,"[""soccer ball"", ""volleyball""]","[""basketball"", ""baseball""]",up_blocks.3.attentions.0.transformer_blocks.0.attn2.to_v,C_objective_faithful,12,12,0.88784836246468302,0.8878483624648551,1560.8537510003525,0.22820049161036082,0,1,0.32834823493913251,2.191724924165722e-12,,1.0000000000174147
balls,"[""soccer ball"", ""volleyball""]","[""basketball"", ""baseball""]",up_blocks.3.attentions.0.transformer_blocks.0.attn2.to_v,D_exact_orthogonal,12,12,1.9408402658655234e-29,1.9977538631652636e-29,462.61294568693233,0.067635101343361703,-0.16056539026699912,0.29638455581789341,0.3097024360716884,1.842680903262083e-12,1.1042943961851822e-14,1.0000000000143985
balls,"[""soccer ball"", ""volleyball""]","[""basketball"", ""baseball""]",up_blocks.3.attentions.1.transformer_blocks.0.attn2.to_v,C_objective_faithful,12,12,0.89023504116750007,0.89023504116767638,2026.5709783042048,0.1828954843783486,0,1,0.22608677094817958,2.1261596931472543e-12,,1.0000000000167357
balls,"[""soccer ball"", ""volleyball""]","[""basketball"", ""baseball""]",up_blocks.3.attentions.1.transformer_blocks.0.attn2.to_v,D_exact_orthogonal,12,12,1.4473801505069919e-29,1.5145121281240972e-29,811.2705989410689,0.07321615218204662,-0.10967933219630198,0.40031689372159285,0.37705545805865842,1.8775380926368795e-12,1.4400344088376199e-14,1.0000000000149747
balls,"[""soccer ball"", ""volleyball""]","[""basketball"", ""baseball""]",up_blocks.3.attentions.2.transformer_blocks.0.attn2.to_v,C_objective_faithful,12,12,0.88386632423771294,0.88386632423790068,2172.4093959080074,0.19228878451351686,0,1,0.22884071557036179,2.1586703105028927e-12,,1.0000000000170672
balls,"[""soccer ball"", ""volleyball""]","[""basketball"", ""baseball""]",up_blocks.3.attentions.2.transformer_blocks.0.attn2.to_v,D_exact_orthogonal,12,12,1.2241433563543165e-29,1.2724398238421384e-29,828.36129545505025,0.073321624801073584,-0.11896715971244327,0.38130993956082482,0.25501034954636315,1.9652068813952185e-12,1.8281780181869134e-14,1.0000000000155784
balls,"[""soccer ball"", ""volleyball""]","[""basketball"", ""baseball""]",mid_block.attentions.0.transformer_blocks.0.attn2.to_v,C_objective_faithful,12,12,0.95649091835706468,0.95649091835787248,5533.9013414690808,0.066609979078973452,0,1,0.2054703439426713,2.5270228287025853e-11,,-1.0000000004318281
balls,"[""soccer ball"", ""volleyball""]","[""basketball"", ""baseball""]",mid_block.attentions.0.transformer_blocks.0.attn2.to_v,D_exact_orthogonal,12,12,2.5472398264930108e-29,2.6212129787843631e-29,3994.2203806188149,0.048077282114899297,-0.018532696964074155,0.7217729652474203,0.90427151305596409,2.3635535712853841e-11,1.8163966839211518e-14,1.0000000003999989
