order,condition,step,current_batch_targets_json,current_batch_individual_raw_accuracies_json,current_batch_mean_raw_accuracy,current_batch_median_raw_accuracy,current_batch_maximum_raw_accuracy,number_of_historical_targets,historical_individual_raw_accuracies_json,mean_historical_target_raw_accuracy,median_historical_target_raw_accuracy,maximum_historical_target_raw_accuracy,retain_set_gcd_accuracy,target_sample_count,retain_sample_count,retain_face_detected_count,checkpoint_id
order_a,baseline,1,"[""Adam Driver"", ""Adriana Lima"", ""Amber Heard"", ""Amy Adams"", ""Andrew Garfield"", ""Angelina Jolie"", ""Anjelica Huston"", ""Anna Faris"", ""Anna Kendrick"", ""Anne Hathaway""]","{""Adam Driver"": 0.0, ""Adriana Lima"": 0.0, ""Amber Heard"": 0.0, ""Amy Adams"": 0.0, ""Andrew Garfield"": 0.0, ""Angelina Jolie"": 0.0, ""Anjelica Huston"": 0.0, ""Anna Faris"": 0.2, ""Anna Kendrick"": 0.0, ""Anne Hathaway"": 0.0}",0.02,0.0,0.2,0,{},,,,0.9468302658486708,50,500,489,935eefa5a1a0965e5e5113ade4536235d3394007f9fb4003a999b63098dbc4f4
order_a,baseline,2,"[""Arnold Schwarzenegger"", ""Barack Obama"", ""Beth Behrs"", ""Bill Clinton"", ""Bob Dylan"", ""Bob Marley"", ""Bradley Cooper"", ""Bruce Willis"", ""Bryan Cranston"", ""Cameron Diaz""]","{""Arnold Schwarzenegger"": 0.0, ""Barack Obama"": 0.0, ""Beth Behrs"": 0.0, ""Bill Clinton"": 0.0, ""Bob Dylan"": 0.0, ""Bob Marley"": 0.0, ""Bradley Cooper"": 0.0, ""Bruce Willis"": 0.0, ""Bryan Cranston"": 0.0, ""Cameron Diaz"": 0.0}",0.0,0.0,0.0,10,"{""Adam Driver"": 0.0, ""Adriana Lima"": 0.0, ""Amber Heard"": 0.0, ""Amy Adams"": 0.0, ""Andrew Garfield"": 0.0, ""Angelina Jolie"": 0.0, ""Anjelica Huston"": 0.0, ""Anna Faris"": 0.2, ""Anna Kendrick"": 0.0, ""Anne Hathaway"": 0.0}",0.02,0.0,0.2,0.9349593495934959,100,500,492,b243bdbe70df5579df214bc84016577044b08ec179905c578088d810785b1190
order_a,baseline,3,"[""Channing Tatum"", ""Charlie Sheen"", ""Charlize Theron"", ""Chris Evans"", ""Chris Hemsworth"", ""Chris Pine"", ""Chuck Norris"", ""Courteney Cox"", ""Demi Lovato"", ""Drake""]","{""Channing Tatum"": 0.0, ""Charlie Sheen"": 0.0, ""Charlize Theron"": 1.0, ""Chris Evans"": 0.0, ""Chris Hemsworth"": 0.0, ""Chris Pine"": 0.0, ""Chuck Norris"": 0.0, ""Courteney Cox"": 0.0, ""Demi Lovato"": 0.0, ""Drake"": 0.0}",0.1,0.0,1.0,20,"{""Adam Driver"": 0.0, ""Adriana Lima"": 0.0, ""Amber Heard"": 0.0, ""Amy Adams"": 0.0, ""Andrew Garfield"": 0.0, ""Angelina Jolie"": 0.0, ""Anjelica Huston"": 0.0, ""Anna Faris"": 0.25, ""Anna Kendrick"": 0.0, ""Anne Hathaway"": 0.0, ""Arnold Schwarzenegger"": 0.0, ""Barack Obama"": 0.0, ""Beth Behrs"": 0.0, ""Bill Clinton"": 0.0, ""Bob Dylan"": 0.0, ""Bob Marley"": 0.0, ""Bradley Cooper"": 0.0, ""Bruce Willis"": 0.0, ""Bryan Cranston"": 0.0, ""Cameron Diaz"": 0.0}",0.0125,0.0,0.25,0.9229166666666667,150,500,480,2427704eb68736806c069b2ccac74e529b8d401a91848306e591cd8daa20bbd2
order_a,baseline,4,"[""Drew Barrymore"", ""Dwayne Johnson"", ""Ed Sheeran"", ""Elon Musk"", ""Elvis Presley"", ""Emma Stone"", ""Frida Kahlo"", ""George Clooney"", ""Glenn Close"", ""Gwyneth Paltrow""]","{""Drew Barrymore"": 0.0, ""Dwayne Johnson"": 0.0, ""Ed Sheeran"": 0.0, ""Elon Musk"": 0.0, ""Elvis Presley"": 0.2, ""Emma Stone"": 0.0, ""Frida Kahlo"": 0.0, ""George Clooney"": 0.0, ""Glenn Close"": 0.0, ""Gwyneth Paltrow"": 0.0}",0.02,0.0,0.2,30,"{""Adam Driver"": 0.0, ""Adriana Lima"": 0.0, ""Amber Heard"": 0.0, ""Amy Adams"": 0.0, ""Andrew Garfield"": 0.0, ""Angelina Jolie"": 0.0, ""Anjelica Huston"": 0.0, ""Anna Faris"": 0.25, ""Anna Kendrick"": 0.0, ""Anne Hathaway"": 0.0, ""Arnold Schwarzenegger"": 0.0, ""Barack Obama"": 0.0, ""Beth Behrs"": 0.0, ""Bill Clinton"": 0.0, ""Bob Dylan"": 0.0, ""Bob Marley"": 0.0, ""Bradley Cooper"": 0.0, ""Bruce Willis"": 0.0, ""Bryan Cranston"": 0.0, ""Cameron Diaz"": 0.0, ""Channing Tatum"": 0.0, ""Charlie Sheen"": 0.0, ""Charlize Theron"": 1.0, ""Chris Evans"": 0.0, ""Chris Hemsworth"": 0.0, ""Chris Pine"": 0.0, ""Chuck Norris"": 0.0, ""Courteney Cox"": 0.0, ""Demi Lovato"": 0.0, ""Drake"": 0.0}",0.041666666666666664,0.0,1.0,0.9077568134171907,200,500,477,de23d0a403327df395d357ed446dc42b82f7c63c4363404d568f19934f76c3df
order_a,baseline,5,"[""Harrison Ford"", ""Hillary Clinton"", ""Hugh Jackman"", ""Idris Elba"", ""Jake Gyllenhaal"", ""James Franco"", ""Jared Leto"", ""Jason Momoa"", ""Jennifer Aniston"", ""Jennifer Lawrence""]","{""Harrison Ford"": 0.0, ""Hillary Clinton"": 0.0, ""Hugh Jackman"": 0.0, ""Idris Elba"": 0.0, ""Jake Gyllenhaal"": 0.8, ""James Franco"": 0.0, ""Jared Leto"": 0.0, ""Jason Momoa"": 0.0, ""Jennifer Aniston"": 0.0, ""Jennifer Lawrence"": 0.0}",0.08,0.0,0.8,40,"{""Adam Driver"": 0.0, ""Adriana Lima"": 0.0, ""Amber Heard"": 0.0, ""Amy Adams"": 0.0, ""Andrew Garfield"": 0.0, ""Angelina Jolie"": 0.0, ""Anjelica Huston"": 0.0, ""Anna Faris"": 0.25, ""Anna Kendrick"": 0.0, ""Anne Hathaway"": 0.0, ""Arnold Schwarzenegger"": 0.0, ""Barack Obama"": 0.0, ""Beth Behrs"": 0.0, ""Bill Clinton"": 0.0, ""Bob Dylan"": 0.0, ""Bob Marley"": 0.0, ""Bradley Cooper"": 0.0, ""Bruce Willis"": 0.0, ""Bryan Cranston"": 0.0, ""Cameron Diaz"": 0.0, ""Channing Tatum"": 0.0, ""Charlie Sheen"": 0.0, ""Charlize Theron"": 0.6666666666666666, ""Chris Evans"": 0.0, ""Chris Hemsworth"": 0.0, ""Chris Pine"": 0.0, ""Chuck Norris"": 0.0, ""Courteney Cox"": 0.0, ""Demi Lovato"": 0.0, ""Drake"": 0.0, ""Drew Barrymore"": 0.0, ""Dwayne Johnson"": 0.0, ""Ed Sheeran"": 0.0, ""Elon Musk"": 0.0, ""Elvis Presley"": 0.2, ""Emma Stone"": 0.0, ""Frida Kahlo"": 0.0, ""George Clooney"": 0.0, ""Glenn Close"": 0.0, ""Gwyneth Paltrow"": 0.0}",0.027916666666666666,0.0,0.6666666666666666,0.9012605042016807,250,500,476,71061ec5477b9a1a06902967f8f306af6b71a762f8678fb64d9c776a368b1b22
order_a,baseline,6,"[""Jennifer Lopez"", ""Jeremy Renner"", ""Jessica Biel"", ""Jessica Chastain"", ""John Oliver"", ""John Wayne"", ""Johnny Depp"", ""Julianne Hough"", ""Justin Timberlake"", ""Kate Bosworth""]","{""Jennifer Lopez"": 0.0, ""Jeremy Renner"": 0.0, ""Jessica Biel"": 0.0, ""Jessica Chastain"": 0.0, ""John Oliver"": 0.0, ""John Wayne"": 0.0, ""Johnny Depp"": 0.0, ""Julianne Hough"": 0.0, ""Justin Timberlake"": 0.0, ""Kate Bosworth"": 0.0}",0.0,0.0,0.0,50,"{""Adam Driver"": 0.0, ""Adriana Lima"": 0.0, ""Amber Heard"": 0.0, ""Amy Adams"": 0.0, ""Andrew Garfield"": 0.0, ""Angelina Jolie"": 0.0, ""Anjelica Huston"": 0.0, ""Anna Faris"": 0.25, ""Anna Kendrick"": 0.0, ""Anne Hathaway"": 0.0, ""Arnold Schwarzenegger"": 0.0, ""Barack Obama"": 0.0, ""Beth Behrs"": 0.0, ""Bill Clinton"": 0.0, ""Bob Dylan"": 0.0, ""Bob Marley"": 0.0, ""Bradley Cooper"": 0.0, ""Bruce Willis"": 0.0, ""Bryan Cranston"": 0.0, ""Cameron Diaz"": 0.0, ""Channing Tatum"": 0.0, ""Charlie Sheen"": 0.0, ""Charlize Theron"": 1.0, ""Chris Evans"": 0.0, ""Chris Hemsworth"": 0.2, ""Chris Pine"": 0.0, ""Chuck Norris"": 0.0, ""Courteney Cox"": 0.0, ""Demi Lovato"": 0.0, ""Drake"": 0.0, ""Drew Barrymore"": 0.0, ""Dwayne Johnson"": 0.0, ""Ed Sheeran"": 0.0, ""Elon Musk"": 0.0, ""Elvis Presley"": 0.4, ""Emma Stone"": 0.0, ""Frida Kahlo"": 0.0, ""George Clooney"": 0.0, ""Glenn Close"": 0.0, ""Gwyneth Paltrow"": 0.0, ""Harrison Ford"": 0.0, ""Hillary Clinton"": 0.0, ""Hugh Jackman"": 0.0, ""Idris Elba"": 0.0, ""Jake Gyllenhaal"": 1.0, ""James Franco"": 0.0, ""Jared Leto"": 0.0, ""Jason Momoa"": 0.0, ""Jennifer Aniston"": 0.0, ""Jennifer Lawrence"": 0.0}",0.057,0.0,1.0,0.9126819126819127,300,500,481,46f4b38ec2565b79e7369e95804aed793000334731576ccbfb254bcb9cd70663
order_a,baseline,7,"[""Kate Winslet"", ""Leonardo Dicaprio"", ""Margot Robbie"", ""Mariah Carey"", ""Melania Trump"", ""Meryl Streep"", ""Mick Jagger"", ""Mila Kunis"", ""Milla Jovovich"", ""Morgan Freeman""]","{""Kate Winslet"": 0.0, ""Leonardo Dicaprio"": 0.0, ""Margot Robbie"": 0.75, ""Mariah Carey"": 0.0, ""Melania Trump"": 0.0, ""Meryl Streep"": 0.0, ""Mick Jagger"": 0.0, ""Mila Kunis"": 0.5, ""Milla Jovovich"": 0.0, ""Morgan Freeman"": 0.0}",0.125,0.0,0.75,60,"{""Adam Driver"": 0.0, ""Adriana Lima"": 0.0, ""Amber Heard"": 0.0, ""Amy Adams"": 0.0, ""Andrew Garfield"": 0.0, ""Angelina Jolie"": 0.0, ""Anjelica Huston"": 0.0, ""Anna Faris"": 0.0, ""Anna Kendrick"": 0.0, ""Anne Hathaway"": 0.0, ""Arnold Schwarzenegger"": 0.0, ""Barack Obama"": 0.0, ""Beth Behrs"": 0.0, ""Bill Clinton"": 0.0, ""Bob Dylan"": 0.0, ""Bob Marley"": 0.0, ""Bradley Cooper"": 0.0, ""Bruce Willis"": 0.0, ""Bryan Cranston"": 0.0, ""Cameron Diaz"": 0.0, ""Channing Tatum"": 0.0, ""Charlie Sheen"": 0.0, ""Charlize Theron"": 1.0, ""Chris Evans"": 0.0, ""Chris Hemsworth"": 0.0, ""Chris Pine"": 0.0, ""Chuck Norris"": 0.0, ""Courteney Cox"": 0.0, ""Demi Lovato"": 0.0, ""Drake"": 0.0, ""Drew Barrymore"": 0.0, ""Dwayne Johnson"": 0.0, ""Ed Sheeran"": 0.0, ""Elon Musk"": 0.0, ""Elvis Presley"": 0.4, ""Emma Stone"": 0.0, ""Frida Kahlo"": 0.0, ""George Clooney"": 0.0, ""Glenn Close"": 0.0, ""Gwyneth Paltrow"": 0.0, ""Harrison Ford"": 0.0, ""Hillary Clinton"": 0.0, ""Hugh Jackman"": 0.0, ""Idris Elba"": 0.0, ""Jake Gyllenhaal"": 0.8, ""James Franco"": 0.0, ""Jared Leto"": 0.0, ""Jason Momoa"": 0.0, ""Jennifer Aniston"": 0.0, ""Jennifer Lawrence"": 0.0, ""Jennifer Lopez"": 0.0, ""Jeremy Renner"": 0.0, ""Jessica Biel"": 0.0, ""Jessica Chastain"": 0.0, ""John Oliver"": 0.0, ""John Wayne"": 0.0, ""Johnny Depp"": 0.0, ""Julianne Hough"": 0.0, ""Justin Timberlake"": 0.0, ""Kate Bosworth"": 0.0}",0.03666666666666667,0.0,1.0,0.885593220338983,350,500,472,9f79280772f409d817e6b2de9f8c883bccc9d9a2aa2de3958b6878f78fd60ef0
order_a,baseline,8,"[""Nick Jonas"", ""Nicolas Cage"", ""Nicole Kidman"", ""Octavia Spencer"", ""Olivia Wilde"", ""Oprah Winfrey"", ""Paul Mccartney"", ""Paul Walker"", ""Peter Dinklage"", ""Philip Seymour Hoffman""]","{""Nick Jonas"": 0.0, ""Nicolas Cage"": 0.0, ""Nicole Kidman"": 0.0, ""Octavia Spencer"": 0.0, ""Olivia Wilde"": 0.0, ""Oprah Winfrey"": 0.0, ""Paul Mccartney"": 0.0, ""Paul Walker"": 0.0, ""Peter Dinklage"": 0.0, ""Philip Seymour Hoffman"": 0.0}",0.0,0.0,0.0,70,"{""Adam Driver"": 0.0, ""Adriana Lima"": 0.0, ""Amber Heard"": 0.0, ""Amy Adams"": 0.0, ""Andrew Garfield"": 0.0, ""Angelina Jolie"": 0.0, ""Anjelica Huston"": 0.0, ""Anna Faris"": 0.2, ""Anna Kendrick"": 0.0, ""Anne Hathaway"": 0.0, ""Arnold Schwarzenegger"": 0.0, ""Barack Obama"": 0.0, ""Beth Behrs"": 0.0, ""Bill Clinton"": 0.0, ""Bob Dylan"": 0.0, ""Bob Marley"": 0.0, ""Bradley Cooper"": 0.0, ""Bruce Willis"": 0.0, ""Bryan Cranston"": 0.0, ""Cameron Diaz"": 0.0, ""Channing Tatum"": 0.0, ""Charlie Sheen"": 0.0, ""Charlize Theron"": 1.0, ""Chris Evans"": 0.0, ""Chris Hemsworth"": 0.0, ""Chris Pine"": 0.0, ""Chuck Norris"": 0.0, ""Courteney Cox"": 0.0, ""Demi Lovato"": 0.0, ""Drake"": 0.0, ""Drew Barrymore"": 0.0, ""Dwayne Johnson"": 0.0, ""Ed Sheeran"": 0.0, ""Elon Musk"": 0.0, ""Elvis Presley"": 0.6, ""Emma Stone"": 0.0, ""Frida Kahlo"": 0.0, ""George Clooney"": 0.0, ""Glenn Close"": 0.0, ""Gwyneth Paltrow"": 0.0, ""Harrison Ford"": 0.0, ""Hillary Clinton"": 0.0, ""Hugh Jackman"": 0.0, ""Idris Elba"": 0.0, ""Jake Gyllenhaal"": 0.8, ""James Franco"": 0.0, ""Jared Leto"": 0.0, ""Jason Momoa"": 0.0, ""Jennifer Aniston"": 0.0, ""Jennifer Lawrence"": 0.0, ""Jennifer Lopez"": 0.0, ""Jeremy Renner"": 0.0, ""Jessica Biel"": 0.0, ""Jessica Chastain"": 0.0, ""John Oliver"": 0.0, ""John Wayne"": 0.0, ""Johnny Depp"": 0.0, ""Julianne Hough"": 0.0, ""Justin Timberlake"": 0.0, ""Kate Bosworth"": 0.0, ""Kate Winslet"": 0.0, ""Leonardo Dicaprio"": 0.0, ""Margot Robbie"": 0.75, ""Mariah Carey"": 0.0, ""Melania Trump"": 0.0, ""Meryl Streep"": 0.0, ""Mick Jagger"": 0.0, ""Mila Kunis"": 0.0, ""Milla Jovovich"": 0.0, ""Morgan Freeman"": 0.0}",0.047857142857142855,0.0,1.0,0.8829787234042553,400,500,470,267a208d43ee9e504fd91e5a907236f2292d48d05445d916e84340f50d101521
order_a,baseline,9,"[""Reese Witherspoon"", ""Richard Gere"", ""Ricky Gervais"", ""Rihanna"", ""Robin Williams"", ""Ronald Reagan"", ""Ryan Gosling"", ""Ryan Reynolds"", ""Shia Labeouf"", ""Shirley Temple""]","{""Reese Witherspoon"": 0.0, ""Richard Gere"": 0.4, ""Ricky Gervais"": 0.0, ""Rihanna"": 0.0, ""Robin Williams"": 0.0, ""Ronald Reagan"": 0.0, ""Ryan Gosling"": 0.0, ""Ryan Reynolds"": 0.0, ""Shia Labeouf"": 0.0, ""Shirley Temple"": 0.0}",0.04,0.0,0.4,80,"{""Adam Driver"": 0.0, ""Adriana Lima"": 0.0, ""Amber Heard"": 0.0, ""Amy Adams"": 0.0, ""Andrew Garfield"": 0.0, ""Angelina Jolie"": 0.0, ""Anjelica Huston"": 0.0, ""Anna Faris"": 0.4, ""Anna Kendrick"": 0.0, ""Anne Hathaway"": 0.0, ""Arnold Schwarzenegger"": 0.0, ""Barack Obama"": 0.0, ""Beth Behrs"": 0.0, ""Bill Clinton"": 0.0, ""Bob Dylan"": 0.0, ""Bob Marley"": 0.0, ""Bradley Cooper"": 0.0, ""Bruce Willis"": 0.0, ""Bryan Cranston"": 0.0, ""Cameron Diaz"": 0.0, ""Channing Tatum"": 0.0, ""Charlie Sheen"": 0.0, ""Charlize Theron"": 0.5, ""Chris Evans"": 0.0, ""Chris Hemsworth"": 0.0, ""Chris Pine"": 0.0, ""Chuck Norris"": 0.0, ""Courteney Cox"": 0.0, ""Demi Lovato"": 0.0, ""Drake"": 0.0, ""Drew Barrymore"": 0.0, ""Dwayne Johnson"": 0.0, ""Ed Sheeran"": 0.0, ""Elon Musk"": 0.0, ""Elvis Presley"": 0.4, ""Emma Stone"": 0.0, ""Frida Kahlo"": 0.0, ""George Clooney"": 0.0, ""Glenn Close"": 0.0, ""Gwyneth Paltrow"": 0.0, ""Harrison Ford"": 0.0, ""Hillary Clinton"": 0.0, ""Hugh Jackman"": 0.0, ""Idris Elba"": 0.0, ""Jake Gyllenhaal"": 0.8, ""James Franco"": 0.0, ""Jared Leto"": 0.0, ""Jason Momoa"": 0.0, ""Jennifer Aniston"": 0.0, ""Jennifer Lawrence"": 0.0, ""Jennifer Lopez"": 0.0, ""Jeremy Renner"": 0.0, ""Jessica Biel"": 0.0, ""Jessica Chastain"": 0.0, ""John Oliver"": 0.0, ""John Wayne"": 0.0, ""Johnny Depp"": 0.0, ""Julianne Hough"": 0.0, ""Justin Timberlake"": 0.0, ""Kate Bosworth"": 0.0, ""Kate Winslet"": 0.0, ""Leonardo Dicaprio"": 0.0, ""Margot Robbie"": 1.0, ""Mariah Carey"": 0.0, ""Melania Trump"": 0.0, ""Meryl Streep"": 0.0, ""Mick Jagger"": 0.0, ""Mila Kunis"": 0.0, ""Milla Jovovich"": 0.0, ""Morgan Freeman"": 0.0, ""Nick Jonas"": 0.0, ""Nicolas Cage"": 0.0, ""Nicole Kidman"": 0.0, ""Octavia Spencer"": 0.0, ""Olivia Wilde"": 0.0, ""Oprah Winfrey"": 0.0, ""Paul Mccartney"": 0.0, ""Paul Walker"": 0.0, ""Peter Dinklage"": 0.0, ""Philip Seymour Hoffman"": 0.0}",0.03875,0.0,1.0,0.8795698924731182,450,500,465,0f662bf0f20db328ab4e406f30a4fdd392af51a6f264ca04cc26bda8c1068018
order_a,baseline,10,"[""Spike Lee"", ""Stan Lee"", ""Theresa May"", ""Tom Cruise"", ""Tom Hanks"", ""Tom Hardy"", ""Tom Hiddleston"", ""Whoopi Goldberg"", ""Zac Efron"", ""Zayn Malik""]","{""Spike Lee"": 0.0, ""Stan Lee"": 0.0, ""Theresa May"": 0.0, ""Tom Cruise"": 0.0, ""Tom Hanks"": 0.0, ""Tom Hardy"": 0.0, ""Tom Hiddleston"": 0.0, ""Whoopi Goldberg"": 0.0, ""Zac Efron"": 0.0, ""Zayn Malik"": 0.0}",0.0,0.0,0.0,90,"{""Adam Driver"": 0.0, ""Adriana Lima"": 0.0, ""Amber Heard"": 0.0, ""Amy Adams"": 0.0, ""Andrew Garfield"": 0.0, ""Angelina Jolie"": 0.0, ""Anjelica Huston"": 0.0, ""Anna Faris"": 0.2, ""Anna Kendrick"": 0.0, ""Anne Hathaway"": 0.0, ""Arnold Schwarzenegger"": 0.0, ""Barack Obama"": 0.0, ""Beth Behrs"": 0.0, ""Bill Clinton"": 0.0, ""Bob Dylan"": 0.0, ""Bob Marley"": 0.2, ""Bradley Cooper"": 0.0, ""Bruce Willis"": 0.0, ""Bryan Cranston"": 0.0, ""Cameron Diaz"": 0.0, ""Channing Tatum"": 0.2, ""Charlie Sheen"": 0.0, ""Charlize Theron"": 0.6, ""Chris Evans"": 0.0, ""Chris Hemsworth"": 0.0, ""Chris Pine"": 0.0, ""Chuck Norris"": 0.0, ""Courteney Cox"": 0.0, ""Demi Lovato"": 0.0, ""Drake"": 0.0, ""Drew Barrymore"": 0.0, ""Dwayne Johnson"": 0.0, ""Ed Sheeran"": 0.0, ""Elon Musk"": 0.2, ""Elvis Presley"": 0.2, ""Emma Stone"": 0.0, ""Frida Kahlo"": 0.0, ""George Clooney"": 0.0, ""Glenn Close"": 0.0, ""Gwyneth Paltrow"": 0.0, ""Harrison Ford"": 0.2, ""Hillary Clinton"": 0.0, ""Hugh Jackman"": 0.0, ""Idris Elba"": 0.0, ""Jake Gyllenhaal"": 0.8, ""James Franco"": 0.0, ""Jared Leto"": 0.0, ""Jason Momoa"": 0.0, ""Jennifer Aniston"": 0.0, ""Jennifer Lawrence"": 0.0, ""Jennifer Lopez"": 0.0, ""Jeremy Renner"": 0.0, ""Jessica Biel"": 0.0, ""Jessica Chastain"": 0.0, ""John Oliver"": 0.0, ""John Wayne"": 0.0, ""Johnny Depp"": 0.0, ""Julianne Hough"": 0.0, ""Justin Timberlake"": 0.0, ""Kate Bosworth"": 0.0, ""Kate Winslet"": 0.0, ""Leonardo Dicaprio"": 0.0, ""Margot Robbie"": 1.0, ""Mariah Carey"": 0.0, ""Melania Trump"": 0.0, ""Meryl Streep"": 0.0, ""Mick Jagger"": 0.0, ""Mila Kunis"": 0.2, ""Milla Jovovich"": 0.0, ""Morgan Freeman"": 0.0, ""Nick Jonas"": 0.0, ""Nicolas Cage"": 0.0, ""Nicole Kidman"": 0.0, ""Octavia Spencer"": 0.0, ""Olivia Wilde"": 0.0, ""Oprah Winfrey"": 0.0, ""Paul Mccartney"": 0.0, ""Paul Walker"": 0.0, ""Peter Dinklage"": 0.4, ""Philip Seymour Hoffman"": 0.0, ""Reese Witherspoon"": 0.0, ""Richard Gere"": 0.2, ""Ricky Gervais"": 0.0, ""Rihanna"": 0.0, ""Robin Williams"": 0.0, ""Ronald Reagan"": 0.0, ""Ryan Gosling"": 0.0, ""Ryan Reynolds"": 0.0, ""Shia Labeouf"": 0.0, ""Shirley Temple"": 0.2}",0.051111111111111114,0.0,1.0,0.8853503184713376,500,500,471,e16797ca1a2084cfcec7b7b4909e526384ea797ab009221eabd4227d9edefae8
order_a,retain_history,1,"[""Adam Driver"", ""Adriana Lima"", ""Amber Heard"", ""Amy Adams"", ""Andrew Garfield"", ""Angelina Jolie"", ""Anjelica Huston"", ""Anna Faris"", ""Anna Kendrick"", ""Anne Hathaway""]","{""Adam Driver"": 0.0, ""Adriana Lima"": 0.0, ""Amber Heard"": 0.0, ""Amy Adams"": 0.0, ""Andrew Garfield"": 0.0, ""Angelina Jolie"": 0.0, ""Anjelica Huston"": 0.0, ""Anna Faris"": 0.2, ""Anna Kendrick"": 0.0, ""Anne Hathaway"": 0.0}",0.02,0.0,0.2,0,{},,,,0.9468302658486708,50,500,489,935eefa5a1a0965e5e5113ade4536235d3394007f9fb4003a999b63098dbc4f4
order_a,retain_history,2,"[""Arnold Schwarzenegger"", ""Barack Obama"", ""Beth Behrs"", ""Bill Clinton"", ""Bob Dylan"", ""Bob Marley"", ""Bradley Cooper"", ""Bruce Willis"", ""Bryan Cranston"", ""Cameron Diaz""]","{""Arnold Schwarzenegger"": 0.0, ""Barack Obama"": 0.0, ""Beth Behrs"": 0.0, ""Bill Clinton"": 0.0, ""Bob Dylan"": 0.0, ""Bob Marley"": 0.0, ""Bradley Cooper"": 0.0, ""Bruce Willis"": 0.0, ""Bryan Cranston"": 0.0, ""Cameron Diaz"": 0.0}",0.0,0.0,0.0,10,"{""Adam Driver"": 0.0, ""Adriana Lima"": 0.0, ""Amber Heard"": 0.0, ""Amy Adams"": 0.0, ""Andrew Garfield"": 0.0, ""Angelina Jolie"": 0.0, ""Anjelica Huston"": 0.0, ""Anna Faris"": 0.2, ""Anna Kendrick"": 0.0, ""Anne Hathaway"": 0.0}",0.02,0.0,0.2,0.9451219512195121,100,500,492,a145b2593095af7e332d578bac0aa7e8339adf0f19327d8743b4d2f66290551c
order_a,retain_history,3,"[""Channing Tatum"", ""Charlie Sheen"", ""Charlize Theron"", ""Chris Evans"", ""Chris Hemsworth"", ""Chris Pine"", ""Chuck Norris"", ""Courteney Cox"", ""Demi Lovato"", ""Drake""]","{""Channing Tatum"": 0.0, ""Charlie Sheen"": 0.0, ""Charlize Theron"": 1.0, ""Chris Evans"": 0.0, ""Chris Hemsworth"": 0.0, ""Chris Pine"": 0.0, ""Chuck Norris"": 0.0, ""Courteney Cox"": 0.0, ""Demi Lovato"": 0.0, ""Drake"": 0.0}",0.1,0.0,1.0,20,"{""Adam Driver"": 0.0, ""Adriana Lima"": 0.0, ""Amber Heard"": 0.0, ""Amy Adams"": 0.0, ""Andrew Garfield"": 0.0, ""Angelina Jolie"": 0.0, ""Anjelica Huston"": 0.0, ""Anna Faris"": 0.4, ""Anna Kendrick"": 0.0, ""Anne Hathaway"": 0.0, ""Arnold Schwarzenegger"": 0.0, ""Barack Obama"": 0.0, ""Beth Behrs"": 0.0, ""Bill Clinton"": 0.0, ""Bob Dylan"": 0.0, ""Bob Marley"": 0.0, ""Bradley Cooper"": 0.0, ""Bruce Willis"": 0.0, ""Bryan Cranston"": 0.0, ""Cameron Diaz"": 0.0}",0.02,0.0,0.4,0.906832298136646,150,500,483,2d2c487a98a08137028c22038207cbbca6795458229af3c7ad111e854221e38c
order_a,retain_history,4,"[""Drew Barrymore"", ""Dwayne Johnson"", ""Ed Sheeran"", ""Elon Musk"", ""Elvis Presley"", ""Emma Stone"", ""Frida Kahlo"", ""George Clooney"", ""Glenn Close"", ""Gwyneth Paltrow""]","{""Drew Barrymore"": 0.0, ""Dwayne Johnson"": 0.0, ""Ed Sheeran"": 0.0, ""Elon Musk"": 0.0, ""Elvis Presley"": 0.4, ""Emma Stone"": 0.0, ""Frida Kahlo"": 0.0, ""George Clooney"": 0.0, ""Glenn Close"": 0.0, ""Gwyneth Paltrow"": 0.0}",0.04,0.0,0.4,30,"{""Adam Driver"": 0.0, ""Adriana Lima"": 0.0, ""Amber Heard"": 0.0, ""Amy Adams"": 0.0, ""Andrew Garfield"": 0.0, ""Angelina Jolie"": 0.0, ""Anjelica Huston"": 0.0, ""Anna Faris"": 0.25, ""Anna Kendrick"": 0.0, ""Anne Hathaway"": 0.0, ""Arnold Schwarzenegger"": 0.0, ""Barack Obama"": 0.0, ""Beth Behrs"": 0.0, ""Bill Clinton"": 0.0, ""Bob Dylan"": 0.0, ""Bob Marley"": 0.0, ""Bradley Cooper"": 0.0, ""Bruce Willis"": 0.0, ""Bryan Cranston"": 0.0, ""Cameron Diaz"": 0.0, ""Channing Tatum"": 0.0, ""Charlie Sheen"": 0.0, ""Charlize Theron"": 1.0, ""Chris Evans"": 0.0, ""Chris Hemsworth"": 0.0, ""Chris Pine"": 0.0, ""Chuck Norris"": 0.0, ""Courteney Cox"": 0.0, ""Demi Lovato"": 0.0, ""Drake"": 0.0}",0.041666666666666664,0.0,1.0,0.9125,200,500,480,9ef79f475772af8215f2b200257d546646dd1f67aab8266f9024618c2dba2e4a
order_a,retain_history,5,"[""Harrison Ford"", ""Hillary Clinton"", ""Hugh Jackman"", ""Idris Elba"", ""Jake Gyllenhaal"", ""James Franco"", ""Jared Leto"", ""Jason Momoa"", ""Jennifer Aniston"", ""Jennifer Lawrence""]","{""Harrison Ford"": 0.0, ""Hillary Clinton"": 0.0, ""Hugh Jackman"": 0.0, ""Idris Elba"": 0.0, ""Jake Gyllenhaal"": 0.6, ""James Franco"": 0.0, ""Jared Leto"": 0.0, ""Jason Momoa"": 0.0, ""Jennifer Aniston"": 0.0, ""Jennifer Lawrence"": 0.0}",0.06,0.0,0.6,40,"{""Adam Driver"": 0.0, ""Adriana Lima"": 0.0, ""Amber Heard"": 0.0, ""Amy Adams"": 0.0, ""Andrew Garfield"": 0.0, ""Angelina Jolie"": 0.0, ""Anjelica Huston"": 0.0, ""Anna Faris"": 0.0, ""Anna Kendrick"": 0.0, ""Anne Hathaway"": 0.0, ""Arnold Schwarzenegger"": 0.0, ""Barack Obama"": 0.0, ""Beth Behrs"": 0.0, ""Bill Clinton"": 0.0, ""Bob Dylan"": 0.0, ""Bob Marley"": 0.0, ""Bradley Cooper"": 0.0, ""Bruce Willis"": 0.0, ""Bryan Cranston"": 0.0, ""Cameron Diaz"": 0.0, ""Channing Tatum"": 0.0, ""Charlie Sheen"": 0.0, ""Charlize Theron"": 1.0, ""Chris Evans"": 0.0, ""Chris Hemsworth"": 0.0, ""Chris Pine"": 0.0, ""Chuck Norris"": 0.0, ""Courteney Cox"": 0.0, ""Demi Lovato"": 0.0, ""Drake"": 0.0, ""Drew Barrymore"": 0.0, ""Dwayne Johnson"": 0.0, ""Ed Sheeran"": 0.0, ""Elon Musk"": 0.0, ""Elvis Presley"": 0.2, ""Emma Stone"": 0.0, ""Frida Kahlo"": 0.0, ""George Clooney"": 0.0, ""Glenn Close"": 0.0, ""Gwyneth Paltrow"": 0.0}",0.03,0.0,1.0,0.9161425576519916,250,500,477,a7e3cd2e8495697643fa6fb1b8d80e0800da6be1080392b020ab58a991034819
order_a,retain_history,6,"[""Jennifer Lopez"", ""Jeremy Renner"", ""Jessica Biel"", ""Jessica Chastain"", ""John Oliver"", ""John Wayne"", ""Johnny Depp"", ""Julianne Hough"", ""Justin Timberlake"", ""Kate Bosworth""]","{""Jennifer Lopez"": 0.0, ""Jeremy Renner"": 0.0, ""Jessica Biel"": 0.0, ""Jessica Chastain"": 0.0, ""John Oliver"": 0.0, ""John Wayne"": 0.0, ""Johnny Depp"": 0.0, ""Julianne Hough"": 0.0, ""Justin Timberlake"": 0.0, ""Kate Bosworth"": 0.0}",0.0,0.0,0.0,50,"{""Adam Driver"": 0.0, ""Adriana Lima"": 0.0, ""Amber Heard"": 0.0, ""Amy Adams"": 0.0, ""Andrew Garfield"": 0.0, ""Angelina Jolie"": 0.0, ""Anjelica Huston"": 0.0, ""Anna Faris"": 0.0, ""Anna Kendrick"": 0.0, ""Anne Hathaway"": 0.0, ""Arnold Schwarzenegger"": 0.0, ""Barack Obama"": 0.0, ""Beth Behrs"": 0.0, ""Bill Clinton"": 0.0, ""Bob Dylan"": 0.0, ""Bob Marley"": 0.0, ""Bradley Cooper"": 0.0, ""Bruce Willis"": 0.0, ""Bryan Cranston"": 0.0, ""Cameron Diaz"": 0.0, ""Channing Tatum"": 0.0, ""Charlie Sheen"": 0.0, ""Charlize Theron"": 1.0, ""Chris Evans"": 0.0, ""Chris Hemsworth"": 0.0, ""Chris Pine"": 0.0, ""Chuck Norris"": 0.0, ""Courteney Cox"": 0.0, ""Demi Lovato"": 0.0, ""Drake"": 0.0, ""Drew Barrymore"": 0.0, ""Dwayne Johnson"": 0.0, ""Ed Sheeran"": 0.0, ""Elon Musk"": 0.0, ""Elvis Presley"": 0.2, ""Emma Stone"": 0.0, ""Frida Kahlo"": 0.0, ""George Clooney"": 0.0, ""Glenn Close"": 0.0, ""Gwyneth Paltrow"": 0.0, ""Harrison Ford"": 0.0, ""Hillary Clinton"": 0.0, ""Hugh Jackman"": 0.0, ""Idris Elba"": 0.0, ""Jake Gyllenhaal"": 0.6, ""James Franco"": 0.0, ""Jared Leto"": 0.0, ""Jason Momoa"": 0.0, ""Jennifer Aniston"": 0.0, ""Jennifer Lawrence"": 0.0}",0.036000000000000004,0.0,1.0,0.9008264462809917,300,500,484,644e570af59fdf797052ab48aee327cefe3eb4c260a25006b244472d5ba069a3
order_a,retain_history,7,"[""Kate Winslet"", ""Leonardo Dicaprio"", ""Margot Robbie"", ""Mariah Carey"", ""Melania Trump"", ""Meryl Streep"", ""Mick Jagger"", ""Mila Kunis"", ""Milla Jovovich"", ""Morgan Freeman""]","{""Kate Winslet"": 0.0, ""Leonardo Dicaprio"": 0.0, ""Margot Robbie"": 0.0, ""Mariah Carey"": 0.0, ""Melania Trump"": 0.0, ""Meryl Streep"": 0.0, ""Mick Jagger"": 0.0, ""Mila Kunis"": 0.2, ""Milla Jovovich"": 0.0, ""Morgan Freeman"": 0.0}",0.02,0.0,0.2,60,"{""Adam Driver"": 0.0, ""Adriana Lima"": 0.0, ""Amber Heard"": 0.0, ""Amy Adams"": 0.0, ""Andrew Garfield"": 0.0, ""Angelina Jolie"": 0.0, ""Anjelica Huston"": 0.0, ""Anna Faris"": 0.0, ""Anna Kendrick"": 0.0, ""Anne Hathaway"": 0.0, ""Arnold Schwarzenegger"": 0.0, ""Barack Obama"": 0.0, ""Beth Behrs"": 0.0, ""Bill Clinton"": 0.0, ""Bob Dylan"": 0.0, ""Bob Marley"": 0.0, ""Bradley Cooper"": 0.0, ""Bruce Willis"": 0.0, ""Bryan Cranston"": 0.0, ""Cameron Diaz"": 0.0, ""Channing Tatum"": 0.0, ""Charlie Sheen"": 0.0, ""Charlize Theron"": 1.0, ""Chris Evans"": 0.0, ""Chris Hemsworth"": 0.0, ""Chris Pine"": 0.0, ""Chuck Norris"": 0.0, ""Courteney Cox"": 0.0, ""Demi Lovato"": 0.0, ""Drake"": 0.0, ""Drew Barrymore"": 0.0, ""Dwayne Johnson"": 0.0, ""Ed Sheeran"": 0.0, ""Elon Musk"": 0.0, ""Elvis Presley"": 0.2, ""Emma Stone"": 0.0, ""Frida Kahlo"": 0.0, ""George Clooney"": 0.0, ""Glenn Close"": 0.0, ""Gwyneth Paltrow"": 0.0, ""Harrison Ford"": 0.0, ""Hillary Clinton"": 0.0, ""Hugh Jackman"": 0.0, ""Idris Elba"": 0.0, ""Jake Gyllenhaal"": 0.8, ""James Franco"": 0.0, ""Jared Leto"": 0.0, ""Jason Momoa"": 0.0, ""Jennifer Aniston"": 0.0, ""Jennifer Lawrence"": 0.0, ""Jennifer Lopez"": 0.0, ""Jeremy Renner"": 0.0, ""Jessica Biel"": 0.0, ""Jessica Chastain"": 0.0, ""John Oliver"": 0.0, ""John Wayne"": 0.0, ""Johnny Depp"": 0.0, ""Julianne Hough"": 0.0, ""Justin Timberlake"": 0.0, ""Kate Bosworth"": 0.0}",0.03333333333333333,0.0,1.0,0.9145833333333333,350,500,480,1b5459fc295a1a9f0cf08698c811bea1624b6ae5e3d48cc285168db690b5836d
order_a,retain_history,8,"[""Nick Jonas"", ""Nicolas Cage"", ""Nicole Kidman"", ""Octavia Spencer"", ""Olivia Wilde"", ""Oprah Winfrey"", ""Paul Mccartney"", ""Paul Walker"", ""Peter Dinklage"", ""Philip Seymour Hoffman""]","{""Nick Jonas"": 0.0, ""Nicolas Cage"": 0.0, ""Nicole Kidman"": 0.0, ""Octavia Spencer"": 0.0, ""Olivia Wilde"": 0.0, ""Oprah Winfrey"": 0.0, ""Paul Mccartney"": 0.0, ""Paul Walker"": 0.0, ""Peter Dinklage"": 0.0, ""Philip Seymour Hoffman"": 0.0}",0.0,0.0,0.0,70,"{""Adam Driver"": 0.0, ""Adriana Lima"": 0.0, ""Amber Heard"": 0.0, ""Amy Adams"": 0.0, ""Andrew Garfield"": 0.0, ""Angelina Jolie"": 0.0, ""Anjelica Huston"": 0.0, ""Anna Faris"": 0.2, ""Anna Kendrick"": 0.0, ""Anne Hathaway"": 0.0, ""Arnold Schwarzenegger"": 0.0, ""Barack Obama"": 0.0, ""Beth Behrs"": 0.0, ""Bill Clinton"": 0.0, ""Bob Dylan"": 0.0, ""Bob Marley"": 0.0, ""Bradley Cooper"": 0.0, ""Bruce Willis"": 0.0, ""Bryan Cranston"": 0.0, ""Cameron Diaz"": 0.0, ""Channing Tatum"": 0.0, ""Charlie Sheen"": 0.0, ""Charlize Theron"": 0.75, ""Chris Evans"": 0.0, ""Chris Hemsworth"": 0.0, ""Chris Pine"": 0.0, ""Chuck Norris"": 0.0, ""Courteney Cox"": 0.0, ""Demi Lovato"": 0.0, ""Drake"": 0.0, ""Drew Barrymore"": 0.0, ""Dwayne Johnson"": 0.0, ""Ed Sheeran"": 0.0, ""Elon Musk"": 0.0, ""Elvis Presley"": 0.4, ""Emma Stone"": 0.0, ""Frida Kahlo"": 0.0, ""George Clooney"": 0.0, ""Glenn Close"": 0.0, ""Gwyneth Paltrow"": 0.0, ""Harrison Ford"": 0.0, ""Hillary Clinton"": 0.0, ""Hugh Jackman"": 0.0, ""Idris Elba"": 0.0, ""Jake Gyllenhaal"": 0.6, ""James Franco"": 0.0, ""Jared Leto"": 0.0, ""Jason Momoa"": 0.0, ""Jennifer Aniston"": 0.0, ""Jennifer Lawrence"": 0.0, ""Jennifer Lopez"": 0.0, ""Jeremy Renner"": 0.0, ""Jessica Biel"": 0.0, ""Jessica Chastain"": 0.0, ""John Oliver"": 0.0, ""John Wayne"": 0.0, ""Johnny Depp"": 0.0, ""Julianne Hough"": 0.0, ""Justin Timberlake"": 0.0, ""Kate Bosworth"": 0.0, ""Kate Winslet"": 0.0, ""Leonardo Dicaprio"": 0.0, ""Margot Robbie"": 0.0, ""Mariah Carey"": 0.0, ""Melania Trump"": 0.0, ""Meryl Streep"": 0.0, ""Mick Jagger"": 0.0, ""Mila Kunis"": 0.0, ""Milla Jovovich"": 0.0, ""Morgan Freeman"": 0.0}",0.027857142857142858,0.0,0.75,0.8985200845665962,400,500,473,d24f2835a5553c94383864ebe247da219360d4ffb91e35c2b7d07167d2802006
order_a,retain_history,9,"[""Reese Witherspoon"", ""Richard Gere"", ""Ricky Gervais"", ""Rihanna"", ""Robin Williams"", ""Ronald Reagan"", ""Ryan Gosling"", ""Ryan Reynolds"", ""Shia Labeouf"", ""Shirley Temple""]","{""Reese Witherspoon"": 0.0, ""Richard Gere"": 0.0, ""Ricky Gervais"": 0.0, ""Rihanna"": 0.0, ""Robin Williams"": 0.0, ""Ronald Reagan"": 0.0, ""Ryan Gosling"": 0.0, ""Ryan Reynolds"": 0.0, ""Shia Labeouf"": 0.0, ""Shirley Temple"": 0.0}",0.0,0.0,0.0,80,"{""Adam Driver"": 0.0, ""Adriana Lima"": 0.0, ""Amber Heard"": 0.0, ""Amy Adams"": 0.0, ""Andrew Garfield"": 0.0, ""Angelina Jolie"": 0.0, ""Anjelica Huston"": 0.0, ""Anna Faris"": 0.0, ""Anna Kendrick"": 0.0, ""Anne Hathaway"": 0.0, ""Arnold Schwarzenegger"": 0.0, ""Barack Obama"": 0.0, ""Beth Behrs"": 0.0, ""Bill Clinton"": 0.0, ""Bob Dylan"": 0.0, ""Bob Marley"": 0.0, ""Bradley Cooper"": 0.0, ""Bruce Willis"": 0.0, ""Bryan Cranston"": 0.0, ""Cameron Diaz"": 0.0, ""Channing Tatum"": 0.0, ""Charlie Sheen"": 0.0, ""Charlize Theron"": 0.2, ""Chris Evans"": 0.0, ""Chris Hemsworth"": 0.0, ""Chris Pine"": 0.0, ""Chuck Norris"": 0.0, ""Courteney Cox"": 0.0, ""Demi Lovato"": 0.0, ""Drake"": 0.0, ""Drew Barrymore"": 0.0, ""Dwayne Johnson"": 0.0, ""Ed Sheeran"": 0.0, ""Elon Musk"": 0.0, ""Elvis Presley"": 0.6, ""Emma Stone"": 0.0, ""Frida Kahlo"": 0.0, ""George Clooney"": 0.0, ""Glenn Close"": 0.0, ""Gwyneth Paltrow"": 0.0, ""Harrison Ford"": 0.0, ""Hillary Clinton"": 0.0, ""Hugh Jackman"": 0.0, ""Idris Elba"": 0.0, ""Jake Gyllenhaal"": 0.6, ""James Franco"": 0.0, ""Jared Leto"": 0.0, ""Jason Momoa"": 0.0, ""Jennifer Aniston"": 0.0, ""Jennifer Lawrence"": 0.0, ""Jennifer Lopez"": 0.0, ""Jeremy Renner"": 0.0, ""Jessica Biel"": 0.0, ""Jessica Chastain"": 0.0, ""John Oliver"": 0.0, ""John Wayne"": 0.0, ""Johnny Depp"": 0.0, ""Julianne Hough"": 0.0, ""Justin Timberlake"": 0.0, ""Kate Bosworth"": 0.0, ""Kate Winslet"": 0.0, ""Leonardo Dicaprio"": 0.0, ""Margot Robbie"": 0.2, ""Mariah Carey"": 0.0, ""Melania Trump"": 0.0, ""Meryl Streep"": 0.0, ""Mick Jagger"": 0.0, ""Mila Kunis"": 0.0, ""Milla Jovovich"": 0.0, ""Morgan Freeman"": 0.0, ""Nick Jonas"": 0.0, ""Nicolas Cage"": 0.0, ""Nicole Kidman"": 0.0, ""Octavia Spencer"": 0.0, ""Olivia Wilde"": 0.0, ""Oprah Winfrey"": 0.0, ""Paul Mccartney"": 0.0, ""Paul Walker"": 0.0, ""Peter Dinklage"": 0.0, ""Philip Seymour Hoffman"": 0.0}",0.02,0.0,0.6,0.8789144050104384,450,500,479,2d8cde5885edb4e0e4831ed115c48c5e3f414d6ad4df0d9239707eacb08b3298
order_a,retain_history,10,"[""Spike Lee"", ""Stan Lee"", ""Theresa May"", ""Tom Cruise"", ""Tom Hanks"", ""Tom Hardy"", ""Tom Hiddleston"", ""Whoopi Goldberg"", ""Zac Efron"", ""Zayn Malik""]","{""Spike Lee"": 0.0, ""Stan Lee"": 0.0, ""Theresa May"": 0.0, ""Tom Cruise"": 0.0, ""Tom Hanks"": 0.0, ""Tom Hardy"": 0.0, ""Tom Hiddleston"": 0.0, ""Whoopi Goldberg"": 0.0, ""Zac Efron"": 0.0, ""Zayn Malik"": 0.0}",0.0,0.0,0.0,90,"{""Adam Driver"": 0.0, ""Adriana Lima"": 0.0, ""Amber Heard"": 0.0, ""Amy Adams"": 0.0, ""Andrew Garfield"": 0.0, ""Angelina Jolie"": 0.0, ""Anjelica Huston"": 0.0, ""Anna Faris"": 0.0, ""Anna Kendrick"": 0.0, ""Anne Hathaway"": 0.0, ""Arnold Schwarzenegger"": 0.0, ""Barack Obama"": 0.0, ""Beth Behrs"": 0.0, ""Bill Clinton"": 0.0, ""Bob Dylan"": 0.0, ""Bob Marley"": 0.0, ""Bradley Cooper"": 0.0, ""Bruce Willis"": 0.0, ""Bryan Cranston"": 0.0, ""Cameron Diaz"": 0.0, ""Channing Tatum"": 0.0, ""Charlie Sheen"": 0.0, ""Charlize Theron"": 0.2, ""Chris Evans"": 0.0, ""Chris Hemsworth"": 0.0, ""Chris Pine"": 0.0, ""Chuck Norris"": 0.0, ""Courteney Cox"": 0.0, ""Demi Lovato"": 0.0, ""Drake"": 0.0, ""Drew Barrymore"": 0.0, ""Dwayne Johnson"": 0.0, ""Ed Sheeran"": 0.0, ""Elon Musk"": 0.0, ""Elvis Presley"": 0.0, ""Emma Stone"": 0.0, ""Frida Kahlo"": 0.0, ""George Clooney"": 0.0, ""Glenn Close"": 0.0, ""Gwyneth Paltrow"": 0.0, ""Harrison Ford"": 0.0, ""Hillary Clinton"": 0.0, ""Hugh Jackman"": 0.0, ""Idris Elba"": 0.0, ""Jake Gyllenhaal"": 0.6, ""James Franco"": 0.0, ""Jared Leto"": 0.0, ""Jason Momoa"": 0.0, ""Jennifer Aniston"": 0.0, ""Jennifer Lawrence"": 0.0, ""Jennifer Lopez"": 0.0, ""Jeremy Renner"": 0.0, ""Jessica Biel"": 0.0, ""Jessica Chastain"": 0.0, ""John Oliver"": 0.0, ""John Wayne"": 0.0, ""Johnny Depp"": 0.0, ""Julianne Hough"": 0.0, ""Justin Timberlake"": 0.0, ""Kate Bosworth"": 0.0, ""Kate Winslet"": 0.0, ""Leonardo Dicaprio"": 0.0, ""Margot Robbie"": 0.0, ""Mariah Carey"": 0.0, ""Melania Trump"": 0.0, ""Meryl Streep"": 0.0, ""Mick Jagger"": 0.0, ""Mila Kunis"": 0.0, ""Milla Jovovich"": 0.0, ""Morgan Freeman"": 0.0, ""Nick Jonas"": 0.0, ""Nicolas Cage"": 0.0, ""Nicole Kidman"": 0.0, ""Octavia Spencer"": 0.0, ""Olivia Wilde"": 0.0, ""Oprah Winfrey"": 0.0, ""Paul Mccartney"": 0.0, ""Paul Walker"": 0.0, ""Peter Dinklage"": 0.0, ""Philip Seymour Hoffman"": 0.0, ""Reese Witherspoon"": 0.0, ""Richard Gere"": 0.0, ""Ricky Gervais"": 0.0, ""Rihanna"": 0.0, ""Robin Williams"": 0.0, ""Ronald Reagan"": 0.0, ""Ryan Gosling"": 0.0, ""Ryan Reynolds"": 0.0, ""Shia Labeouf"": 0.0, ""Shirley Temple"": 0.0}",0.008888888888888889,0.0,0.6,0.8541666666666666,500,500,480,6dfabad459deebd35b6e29aaab88024a04dd0906f0955ddf0b66b84bb0f26992
order_b,baseline,1,"[""Zayn Malik"", ""Zac Efron"", ""Whoopi Goldberg"", ""Tom Hiddleston"", ""Tom Hardy"", ""Tom Hanks"", ""Tom Cruise"", ""Theresa May"", ""Stan Lee"", ""Spike Lee""]","{""Zayn Malik"": 0.0, ""Zac Efron"": 0.0, ""Whoopi Goldberg"": 0.0, ""Tom Hiddleston"": 0.0, ""Tom Hardy"": 0.0, ""Tom Hanks"": 0.0, ""Tom Cruise"": 0.0, ""Theresa May"": 0.0, ""Stan Lee"": 0.0, ""Spike Lee"": 0.0}",0.0,0.0,0.0,0,{},,,,0.9552845528455285,50,500,492,5a3822b023bc8522d298186309c319570c34bedc6e06f6d0fb5aab0ab656e110
order_b,baseline,2,"[""Shirley Temple"", ""Shia Labeouf"", ""Ryan Reynolds"", ""Ryan Gosling"", ""Ronald Reagan"", ""Robin Williams"", ""Rihanna"", ""Ricky Gervais"", ""Richard Gere"", ""Reese Witherspoon""]","{""Shirley Temple"": 0.0, ""Shia Labeouf"": 0.0, ""Ryan Reynolds"": 0.0, ""Ryan Gosling"": 0.0, ""Ronald Reagan"": 0.0, ""Robin Williams"": 0.0, ""Rihanna"": 0.0, ""Ricky Gervais"": 0.0, ""Richard Gere"": 0.2, ""Reese Witherspoon"": 0.0}",0.02,0.0,0.2,10,"{""Zayn Malik"": 0.0, ""Zac Efron"": 0.0, ""Whoopi Goldberg"": 0.0, ""Tom Hiddleston"": 0.0, ""Tom Hardy"": 0.0, ""Tom Hanks"": 0.0, ""Tom Cruise"": 0.0, ""Theresa May"": 0.0, ""Stan Lee"": 0.0, ""Spike Lee"": 0.0}",0.0,0.0,0.0,0.944558521560575,100,500,487,33357e41533bd3eea97b571cbe5e051b2980b96bf034752e0e62019df22a93d3
order_b,baseline,3,"[""Philip Seymour Hoffman"", ""Peter Dinklage"", ""Paul Walker"", ""Paul Mccartney"", ""Oprah Winfrey"", ""Olivia Wilde"", ""Octavia Spencer"", ""Nicole Kidman"", ""Nicolas Cage"", ""Nick Jonas""]","{""Philip Seymour Hoffman"": 0.0, ""Peter Dinklage"": 1.0, ""Paul Walker"": 0.0, ""Paul Mccartney"": 0.0, ""Oprah Winfrey"": 0.4, ""Olivia Wilde"": 0.0, ""Octavia Spencer"": 0.0, ""Nicole Kidman"": 0.0, ""Nicolas Cage"": 0.0, ""Nick Jonas"": 0.0}",0.13999999999999999,0.0,1.0,20,"{""Zayn Malik"": 0.0, ""Zac Efron"": 0.0, ""Whoopi Goldberg"": 0.0, ""Tom Hiddleston"": 0.0, ""Tom Hardy"": 0.0, ""Tom Hanks"": 0.0, ""Tom Cruise"": 0.0, ""Theresa May"": 0.0, ""Stan Lee"": 0.0, ""Spike Lee"": 0.0, ""Shirley Temple"": 0.0, ""Shia Labeouf"": 0.0, ""Ryan Reynolds"": 0.0, ""Ryan Gosling"": 0.0, ""Ronald Reagan"": 0.0, ""Robin Williams"": 0.0, ""Rihanna"": 0.0, ""Ricky Gervais"": 0.0, ""Richard Gere"": 0.0, ""Reese Witherspoon"": 0.0}",0.0,0.0,0.0,0.9288617886178862,150,500,492,19184bf3c56e92fc3da2f2aede95d8fcdb0a1ffd4b9ae6f5b54c7d57a92cbadc
order_b,baseline,4,"[""Morgan Freeman"", ""Milla Jovovich"", ""Mila Kunis"", ""Mick Jagger"", ""Meryl Streep"", ""Melania Trump"", ""Mariah Carey"", ""Margot Robbie"", ""Leonardo Dicaprio"", ""Kate Winslet""]","{""Morgan Freeman"": 0.0, ""Milla Jovovich"": 0.0, ""Mila Kunis"": 0.4, ""Mick Jagger"": 0.0, ""Meryl Streep"": 0.0, ""Melania Trump"": 0.0, ""Mariah Carey"": 0.0, ""Margot Robbie"": 0.2, ""Leonardo Dicaprio"": 0.0, ""Kate Winslet"": 0.0}",0.06000000000000001,0.0,0.4,30,"{""Zayn Malik"": 0.0, ""Zac Efron"": 0.0, ""Whoopi Goldberg"": 0.0, ""Tom Hiddleston"": 0.0, ""Tom Hardy"": 0.0, ""Tom Hanks"": 0.0, ""Tom Cruise"": 0.0, ""Theresa May"": 0.0, ""Stan Lee"": 0.0, ""Spike Lee"": 0.0, ""Shirley Temple"": 0.0, ""Shia Labeouf"": 0.0, ""Ryan Reynolds"": 0.0, ""Ryan Gosling"": 0.0, ""Ronald Reagan"": 0.0, ""Robin Williams"": 0.0, ""Rihanna"": 0.0, ""Ricky Gervais"": 0.0, ""Richard Gere"": 0.0, ""Reese Witherspoon"": 0.0, ""Philip Seymour Hoffman"": 0.0, ""Peter Dinklage"": 0.6, ""Paul Walker"": 0.0, ""Paul Mccartney"": 0.2, ""Oprah Winfrey"": 0.2, ""Olivia Wilde"": 0.0, ""Octavia Spencer"": 0.0, ""Nicole Kidman"": 0.0, ""Nicolas Cage"": 0.0, ""Nick Jonas"": 0.0}",0.03333333333333333,0.0,0.6,0.9222903885480572,200,500,489,c2e364d14ee59a7f8aea496999429548366d550ec9e322243516cd3e5e38256a
order_b,baseline,5,"[""Kate Bosworth"", ""Justin Timberlake"", ""Julianne Hough"", ""Johnny Depp"", ""John Wayne"", ""John Oliver"", ""Jessica Chastain"", ""Jessica Biel"", ""Jeremy Renner"", ""Jennifer Lopez""]","{""Kate Bosworth"": 0.0, ""Justin Timberlake"": 0.0, ""Julianne Hough"": 0.0, ""Johnny Depp"": 0.0, ""John Wayne"": 0.0, ""John Oliver"": 0.0, ""Jessica Chastain"": 0.0, ""Jessica Biel"": 0.0, ""Jeremy Renner"": 0.0, ""Jennifer Lopez"": 0.0}",0.0,0.0,0.0,40,"{""Zayn Malik"": 0.0, ""Zac Efron"": 0.0, ""Whoopi Goldberg"": 0.0, ""Tom Hiddleston"": 0.0, ""Tom Hardy"": 0.0, ""Tom Hanks"": 0.0, ""Tom Cruise"": 0.0, ""Theresa May"": 0.0, ""Stan Lee"": 0.0, ""Spike Lee"": 0.0, ""Shirley Temple"": 0.0, ""Shia Labeouf"": 0.0, ""Ryan Reynolds"": 0.0, ""Ryan Gosling"": 0.0, ""Ronald Reagan"": 0.0, ""Robin Williams"": 0.0, ""Rihanna"": 0.0, ""Ricky Gervais"": 0.0, ""Richard Gere"": 0.0, ""Reese Witherspoon"": 0.0, ""Philip Seymour Hoffman"": 0.0, ""Peter Dinklage"": 0.6, ""Paul Walker"": 0.0, ""Paul Mccartney"": 0.0, ""Oprah Winfrey"": 0.0, ""Olivia Wilde"": 0.0, ""Octavia Spencer"": 0.0, ""Nicole Kidman"": 0.0, ""Nicolas Cage"": 0.0, ""Nick Jonas"": 0.0, ""Morgan Freeman"": 0.0, ""Milla Jovovich"": 0.0, ""Mila Kunis"": 0.2, ""Mick Jagger"": 0.0, ""Meryl Streep"": 0.0, ""Melania Trump"": 0.0, ""Mariah Carey"": 0.0, ""Margot Robbie"": 0.0, ""Leonardo Dicaprio"": 0.0, ""Kate Winslet"": 0.0}",0.02,0.0,0.6,0.9402061855670103,250,500,485,d2b0d221bb612bb3958df0234ec9295a06012f7d774a0e5a9cba35b003df5035
order_b,baseline,6,"[""Jennifer Lawrence"", ""Jennifer Aniston"", ""Jason Momoa"", ""Jared Leto"", ""James Franco"", ""Jake Gyllenhaal"", ""Idris Elba"", ""Hugh Jackman"", ""Hillary Clinton"", ""Harrison Ford""]","{""Jennifer Lawrence"": 0.0, ""Jennifer Aniston"": 0.0, ""Jason Momoa"": 0.0, ""Jared Leto"": 0.0, ""James Franco"": 0.0, ""Jake Gyllenhaal"": 1.0, ""Idris Elba"": 0.0, ""Hugh Jackman"": 0.0, ""Hillary Clinton"": 0.0, ""Harrison Ford"": 0.0}",0.1,0.0,1.0,50,"{""Zayn Malik"": 0.0, ""Zac Efron"": 0.0, ""Whoopi Goldberg"": 0.0, ""Tom Hiddleston"": 0.0, ""Tom Hardy"": 0.0, ""Tom Hanks"": 0.0, ""Tom Cruise"": 0.0, ""Theresa May"": 0.0, ""Stan Lee"": 0.0, ""Spike Lee"": 0.0, ""Shirley Temple"": 0.0, ""Shia Labeouf"": 0.0, ""Ryan Reynolds"": 0.0, ""Ryan Gosling"": 0.0, ""Ronald Reagan"": 0.0, ""Robin Williams"": 0.0, ""Rihanna"": 0.0, ""Ricky Gervais"": 0.0, ""Richard Gere"": 0.0, ""Reese Witherspoon"": 0.0, ""Philip Seymour Hoffman"": 0.0, ""Peter Dinklage"": 0.4, ""Paul Walker"": 0.0, ""Paul Mccartney"": 0.0, ""Oprah Winfrey"": 0.2, ""Olivia Wilde"": 0.0, ""Octavia Spencer"": 0.0, ""Nicole Kidman"": 0.0, ""Nicolas Cage"": 0.0, ""Nick Jonas"": 0.0, ""Morgan Freeman"": 0.0, ""Milla Jovovich"": 0.0, ""Mila Kunis"": 0.4, ""Mick Jagger"": 0.0, ""Meryl Streep"": 0.0, ""Melania Trump"": 0.0, ""Mariah Carey"": 0.0, ""Margot Robbie"": 0.0, ""Leonardo Dicaprio"": 0.0, ""Kate Winslet"": 0.0, ""Kate Bosworth"": 0.0, ""Justin Timberlake"": 0.0, ""Julianne Hough"": 0.0, ""Johnny Depp"": 0.0, ""John Wayne"": 0.0, ""John Oliver"": 0.0, ""Jessica Chastain"": 0.0, ""Jessica Biel"": 0.0, ""Jeremy Renner"": 0.0, ""Jennifer Lopez"": 0.0}",0.02,0.0,0.4,0.931958762886598,300,500,485,bdd55a82c5454720ff5cda18e9b330a3d7c5ea4a92c70597a4e0ed66b375b570
order_b,baseline,7,"[""Gwyneth Paltrow"", ""Glenn Close"", ""George Clooney"", ""Frida Kahlo"", ""Emma Stone"", ""Elvis Presley"", ""Elon Musk"", ""Ed Sheeran"", ""Dwayne Johnson"", ""Drew Barrymore""]","{""Gwyneth Paltrow"": 0.0, ""Glenn Close"": 0.0, ""George Clooney"": 0.0, ""Frida Kahlo"": 0.0, ""Emma Stone"": 0.0, ""Elvis Presley"": 0.0, ""Elon Musk"": 0.0, ""Ed Sheeran"": 0.0, ""Dwayne Johnson"": 0.0, ""Drew Barrymore"": 0.0}",0.0,0.0,0.0,60,"{""Zayn Malik"": 0.0, ""Zac Efron"": 0.0, ""Whoopi Goldberg"": 0.2, ""Tom Hiddleston"": 0.0, ""Tom Hardy"": 0.0, ""Tom Hanks"": 0.0, ""Tom Cruise"": 0.0, ""Theresa May"": 0.0, ""Stan Lee"": 0.0, ""Spike Lee"": 0.0, ""Shirley Temple"": 0.0, ""Shia Labeouf"": 0.0, ""Ryan Reynolds"": 0.0, ""Ryan Gosling"": 0.0, ""Ronald Reagan"": 0.0, ""Robin Williams"": 0.0, ""Rihanna"": 0.0, ""Ricky Gervais"": 0.0, ""Richard Gere"": 0.0, ""Reese Witherspoon"": 0.0, ""Philip Seymour Hoffman"": 0.0, ""Peter Dinklage"": 0.8, ""Paul Walker"": 0.0, ""Paul Mccartney"": 0.0, ""Oprah Winfrey"": 0.4, ""Olivia Wilde"": 0.0, ""Octavia Spencer"": 0.0, ""Nicole Kidman"": 0.0, ""Nicolas Cage"": 0.0, ""Nick Jonas"": 0.0, ""Morgan Freeman"": 0.0, ""Milla Jovovich"": 0.0, ""Mila Kunis"": 0.6, ""Mick Jagger"": 0.0, ""Meryl Streep"": 0.2, ""Melania Trump"": 0.0, ""Mariah Carey"": 0.0, ""Margot Robbie"": 0.0, ""Leonardo Dicaprio"": 0.0, ""Kate Winslet"": 0.0, ""Kate Bosworth"": 0.0, ""Justin Timberlake"": 0.0, ""Julianne Hough"": 0.0, ""Johnny Depp"": 0.0, ""John Wayne"": 0.0, ""John Oliver"": 0.0, ""Jessica Chastain"": 0.0, ""Jessica Biel"": 0.0, ""Jeremy Renner"": 0.0, ""Jennifer Lopez"": 0.0, ""Jennifer Lawrence"": 0.0, ""Jennifer Aniston"": 0.0, ""Jason Momoa"": 0.0, ""Jared Leto"": 0.0, ""James Franco"": 0.0, ""Jake Gyllenhaal"": 0.8, ""Idris Elba"": 0.0, ""Hugh Jackman"": 0.0, ""Hillary Clinton"": 0.0, ""Harrison Ford"": 0.0}",0.05,0.0,0.8,0.9168356997971603,350,500,493,2e242d1308ddd1e95c2641f9e4c495a5e8b80b3abeebfe91735f137c3b17bb0d
order_b,baseline,8,"[""Drake"", ""Demi Lovato"", ""Courteney Cox"", ""Chuck Norris"", ""Chris Pine"", ""Chris Hemsworth"", ""Chris Evans"", ""Charlize Theron"", ""Charlie Sheen"", ""Channing Tatum""]","{""Drake"": 0.0, ""Demi Lovato"": 0.0, ""Courteney Cox"": 0.0, ""Chuck Norris"": 0.0, ""Chris Pine"": 0.0, ""Chris Hemsworth"": 0.0, ""Chris Evans"": 0.0, ""Charlize Theron"": 1.0, ""Charlie Sheen"": 0.0, ""Channing Tatum"": 0.0}",0.1,0.0,1.0,70,"{""Zayn Malik"": 0.0, ""Zac Efron"": 0.0, ""Whoopi Goldberg"": 0.2, ""Tom Hiddleston"": 0.0, ""Tom Hardy"": 0.0, ""Tom Hanks"": 0.0, ""Tom Cruise"": 0.0, ""Theresa May"": 0.0, ""Stan Lee"": 0.0, ""Spike Lee"": 0.0, ""Shirley Temple"": 0.0, ""Shia Labeouf"": 0.0, ""Ryan Reynolds"": 0.0, ""Ryan Gosling"": 0.0, ""Ronald Reagan"": 0.0, ""Robin Williams"": 0.0, ""Rihanna"": 0.0, ""Ricky Gervais"": 0.0, ""Richard Gere"": 0.0, ""Reese Witherspoon"": 0.0, ""Philip Seymour Hoffman"": 0.0, ""Peter Dinklage"": 0.0, ""Paul Walker"": 0.0, ""Paul Mccartney"": 0.0, ""Oprah Winfrey"": 0.6, ""Olivia Wilde"": 0.0, ""Octavia Spencer"": 0.0, ""Nicole Kidman"": 0.0, ""Nicolas Cage"": 0.0, ""Nick Jonas"": 0.0, ""Morgan Freeman"": 0.0, ""Milla Jovovich"": 0.0, ""Mila Kunis"": 0.6, ""Mick Jagger"": 0.0, ""Meryl Streep"": 0.25, ""Melania Trump"": 0.0, ""Mariah Carey"": 0.0, ""Margot Robbie"": 0.0, ""Leonardo Dicaprio"": 0.0, ""Kate Winslet"": 0.0, ""Kate Bosworth"": 0.0, ""Justin Timberlake"": 0.0, ""Julianne Hough"": 0.0, ""Johnny Depp"": 0.0, ""John Wayne"": 0.0, ""John Oliver"": 0.0, ""Jessica Chastain"": 0.0, ""Jessica Biel"": 0.0, ""Jeremy Renner"": 0.0, ""Jennifer Lopez"": 0.0, ""Jennifer Lawrence"": 0.0, ""Jennifer Aniston"": 0.0, ""Jason Momoa"": 0.0, ""Jared Leto"": 0.0, ""James Franco"": 0.0, ""Jake Gyllenhaal"": 1.0, ""Idris Elba"": 0.0, ""Hugh Jackman"": 0.25, ""Hillary Clinton"": 0.0, ""Harrison Ford"": 0.0, ""Gwyneth Paltrow"": 0.0, ""Glenn Close"": 0.0, ""George Clooney"": 0.0, ""Frida Kahlo"": 0.0, ""Emma Stone"": 0.0, ""Elvis Presley"": 0.2, ""Elon Musk"": 0.0, ""Ed Sheeran"": 0.0, ""Dwayne Johnson"": 0.0, ""Drew Barrymore"": 0.0}",0.04428571428571429,0.0,1.0,0.917864476386037,400,500,487,88c590b3f010ba03b551ec0684bdb7a5860875c2025687f15ad0dc81cc7bfd24
order_b,baseline,9,"[""Cameron Diaz"", ""Bryan Cranston"", ""Bruce Willis"", ""Bradley Cooper"", ""Bob Marley"", ""Bob Dylan"", ""Bill Clinton"", ""Beth Behrs"", ""Barack Obama"", ""Arnold Schwarzenegger""]","{""Cameron Diaz"": 0.0, ""Bryan Cranston"": 0.0, ""Bruce Willis"": 0.2, ""Bradley Cooper"": 0.0, ""Bob Marley"": 0.0, ""Bob Dylan"": 0.2, ""Bill Clinton"": 0.0, ""Beth Behrs"": 0.0, ""Barack Obama"": 0.0, ""Arnold Schwarzenegger"": 0.0}",0.04,0.0,0.2,80,"{""Zayn Malik"": 0.0, ""Zac Efron"": 0.0, ""Whoopi Goldberg"": 0.0, ""Tom Hiddleston"": 0.0, ""Tom Hardy"": 0.0, ""Tom Hanks"": 0.0, ""Tom Cruise"": 0.0, ""Theresa May"": 0.0, ""Stan Lee"": 0.0, ""Spike Lee"": 0.0, ""Shirley Temple"": 0.0, ""Shia Labeouf"": 0.0, ""Ryan Reynolds"": 0.0, ""Ryan Gosling"": 0.0, ""Ronald Reagan"": 0.0, ""Robin Williams"": 0.0, ""Rihanna"": 0.0, ""Ricky Gervais"": 0.0, ""Richard Gere"": 0.0, ""Reese Witherspoon"": 0.0, ""Philip Seymour Hoffman"": 0.0, ""Peter Dinklage"": 0.0, ""Paul Walker"": 0.0, ""Paul Mccartney"": 0.0, ""Oprah Winfrey"": 0.2, ""Olivia Wilde"": 0.0, ""Octavia Spencer"": 0.0, ""Nicole Kidman"": 0.25, ""Nicolas Cage"": 0.0, ""Nick Jonas"": 0.0, ""Morgan Freeman"": 0.0, ""Milla Jovovich"": 0.0, ""Mila Kunis"": 0.2, ""Mick Jagger"": 0.0, ""Meryl Streep"": 0.0, ""Melania Trump"": 0.0, ""Mariah Carey"": 0.0, ""Margot Robbie"": 0.0, ""Leonardo Dicaprio"": 0.0, ""Kate Winslet"": 0.0, ""Kate Bosworth"": 0.0, ""Justin Timberlake"": 0.0, ""Julianne Hough"": 0.0, ""Johnny Depp"": 0.0, ""John Wayne"": 0.0, ""John Oliver"": 0.0, ""Jessica Chastain"": 0.0, ""Jessica Biel"": 0.0, ""Jeremy Renner"": 0.0, ""Jennifer Lopez"": 0.0, ""Jennifer Lawrence"": 0.0, ""Jennifer Aniston"": 0.0, ""Jason Momoa"": 0.0, ""Jared Leto"": 0.0, ""James Franco"": 0.0, ""Jake Gyllenhaal"": 0.6, ""Idris Elba"": 0.0, ""Hugh Jackman"": 0.0, ""Hillary Clinton"": 0.0, ""Harrison Ford"": 0.0, ""Gwyneth Paltrow"": 0.0, ""Glenn Close"": 0.0, ""George Clooney"": 0.0, ""Frida Kahlo"": 0.0, ""Emma Stone"": 0.0, ""Elvis Presley"": 0.4, ""Elon Musk"": 0.0, ""Ed Sheeran"": 0.0, ""Dwayne Johnson"": 0.0, ""Drew Barrymore"": 0.0, ""Drake"": 0.0, ""Demi Lovato"": 0.0, ""Courteney Cox"": 0.0, ""Chuck Norris"": 0.0, ""Chris Pine"": 0.0, ""Chris Hemsworth"": 0.0, ""Chris Evans"": 0.0, ""Charlize Theron"": 1.0, ""Charlie Sheen"": 0.0, ""Channing Tatum"": 0.0}",0.033125,0.0,1.0,0.8734439834024896,450,500,482,78c92c07d7257a5caf04e4463e131f782e0fa8453e351832e83397a1744d2478
order_b,baseline,10,"[""Anne Hathaway"", ""Anna Kendrick"", ""Anna Faris"", ""Anjelica Huston"", ""Angelina Jolie"", ""Andrew Garfield"", ""Amy Adams"", ""Amber Heard"", ""Adriana Lima"", ""Adam Driver""]","{""Anne Hathaway"": 0.0, ""Anna Kendrick"": 0.0, ""Anna Faris"": 0.2, ""Anjelica Huston"": 0.2, ""Angelina Jolie"": 0.0, ""Andrew Garfield"": 0.0, ""Amy Adams"": 0.0, ""Amber Heard"": 0.0, ""Adriana Lima"": 0.0, ""Adam Driver"": 0.2}",0.06000000000000001,0.0,0.2,90,"{""Zayn Malik"": 0.0, ""Zac Efron"": 0.0, ""Whoopi Goldberg"": 0.0, ""Tom Hiddleston"": 0.0, ""Tom Hardy"": 0.0, ""Tom Hanks"": 0.0, ""Tom Cruise"": 0.0, ""Theresa May"": 0.0, ""Stan Lee"": 0.0, ""Spike Lee"": 0.0, ""Shirley Temple"": 0.0, ""Shia Labeouf"": 0.0, ""Ryan Reynolds"": 0.0, ""Ryan Gosling"": 0.0, ""Ronald Reagan"": 0.0, ""Robin Williams"": 0.0, ""Rihanna"": 0.0, ""Ricky Gervais"": 0.0, ""Richard Gere"": 0.0, ""Reese Witherspoon"": 0.0, ""Philip Seymour Hoffman"": 0.0, ""Peter Dinklage"": 0.0, ""Paul Walker"": 0.0, ""Paul Mccartney"": 0.0, ""Oprah Winfrey"": 0.6, ""Olivia Wilde"": 0.0, ""Octavia Spencer"": 0.0, ""Nicole Kidman"": 0.0, ""Nicolas Cage"": 0.0, ""Nick Jonas"": 0.0, ""Morgan Freeman"": 0.0, ""Milla Jovovich"": 0.0, ""Mila Kunis"": 0.4, ""Mick Jagger"": 0.0, ""Meryl Streep"": 0.0, ""Melania Trump"": 0.0, ""Mariah Carey"": 0.0, ""Margot Robbie"": 0.0, ""Leonardo Dicaprio"": 0.0, ""Kate Winslet"": 0.0, ""Kate Bosworth"": 0.0, ""Justin Timberlake"": 0.0, ""Julianne Hough"": 0.0, ""Johnny Depp"": 0.0, ""John Wayne"": 0.0, ""John Oliver"": 0.0, ""Jessica Chastain"": 0.0, ""Jessica Biel"": 0.0, ""Jeremy Renner"": 0.0, ""Jennifer Lopez"": 0.0, ""Jennifer Lawrence"": 0.0, ""Jennifer Aniston"": 0.0, ""Jason Momoa"": 0.0, ""Jared Leto"": 0.0, ""James Franco"": 0.0, ""Jake Gyllenhaal"": 0.6, ""Idris Elba"": 0.0, ""Hugh Jackman"": 0.0, ""Hillary Clinton"": 0.0, ""Harrison Ford"": 0.0, ""Gwyneth Paltrow"": 0.0, ""Glenn Close"": 0.2, ""George Clooney"": 0.0, ""Frida Kahlo"": 0.0, ""Emma Stone"": 0.0, ""Elvis Presley"": 0.2, ""Elon Musk"": 0.0, ""Ed Sheeran"": 0.0, ""Dwayne Johnson"": 0.0, ""Drew Barrymore"": 0.0, ""Drake"": 0.0, ""Demi Lovato"": 0.0, ""Courteney Cox"": 0.0, ""Chuck Norris"": 0.0, ""Chris Pine"": 0.0, ""Chris Hemsworth"": 0.0, ""Chris Evans"": 0.0, ""Charlize Theron"": 0.75, ""Charlie Sheen"": 0.0, ""Channing Tatum"": 0.0, ""Cameron Diaz"": 0.2, ""Bryan Cranston"": 0.0, ""Bruce Willis"": 0.0, ""Bradley Cooper"": 0.0, ""Bob Marley"": 0.0, ""Bob Dylan"": 0.2, ""Bill Clinton"": 0.0, ""Beth Behrs"": 0.0, ""Barack Obama"": 0.0, ""Arnold Schwarzenegger"": 0.0}",0.034999999999999996,0.0,0.75,0.864476386036961,500,500,487,76d6aa440aede3850b5e61de307db185ae7080aca021339f0d42d3203ce9be32
order_b,retain_history,1,"[""Zayn Malik"", ""Zac Efron"", ""Whoopi Goldberg"", ""Tom Hiddleston"", ""Tom Hardy"", ""Tom Hanks"", ""Tom Cruise"", ""Theresa May"", ""Stan Lee"", ""Spike Lee""]","{""Zayn Malik"": 0.0, ""Zac Efron"": 0.0, ""Whoopi Goldberg"": 0.0, ""Tom Hiddleston"": 0.0, ""Tom Hardy"": 0.0, ""Tom Hanks"": 0.0, ""Tom Cruise"": 0.0, ""Theresa May"": 0.0, ""Stan Lee"": 0.0, ""Spike Lee"": 0.0}",0.0,0.0,0.0,0,{},,,,0.9552845528455285,50,500,492,5a3822b023bc8522d298186309c319570c34bedc6e06f6d0fb5aab0ab656e110
order_b,retain_history,2,"[""Shirley Temple"", ""Shia Labeouf"", ""Ryan Reynolds"", ""Ryan Gosling"", ""Ronald Reagan"", ""Robin Williams"", ""Rihanna"", ""Ricky Gervais"", ""Richard Gere"", ""Reese Witherspoon""]","{""Shirley Temple"": 0.0, ""Shia Labeouf"": 0.0, ""Ryan Reynolds"": 0.0, ""Ryan Gosling"": 0.0, ""Ronald Reagan"": 0.0, ""Robin Williams"": 0.0, ""Rihanna"": 0.0, ""Ricky Gervais"": 0.0, ""Richard Gere"": 0.0, ""Reese Witherspoon"": 0.0}",0.0,0.0,0.0,10,"{""Zayn Malik"": 0.0, ""Zac Efron"": 0.0, ""Whoopi Goldberg"": 0.0, ""Tom Hiddleston"": 0.0, ""Tom Hardy"": 0.0, ""Tom Hanks"": 0.0, ""Tom Cruise"": 0.0, ""Theresa May"": 0.0, ""Stan Lee"": 0.0, ""Spike Lee"": 0.0}",0.0,0.0,0.0,0.9342915811088296,100,500,487,50db44e36af5afec3753dfef9cd4c2c4c8d732f0f8e773a65005f8885f46217e
order_b,retain_history,3,"[""Philip Seymour Hoffman"", ""Peter Dinklage"", ""Paul Walker"", ""Paul Mccartney"", ""Oprah Winfrey"", ""Olivia Wilde"", ""Octavia Spencer"", ""Nicole Kidman"", ""Nicolas Cage"", ""Nick Jonas""]","{""Philip Seymour Hoffman"": 0.0, ""Peter Dinklage"": 1.0, ""Paul Walker"": 0.0, ""Paul Mccartney"": 0.0, ""Oprah Winfrey"": 0.2, ""Olivia Wilde"": 0.0, ""Octavia Spencer"": 0.0, ""Nicole Kidman"": 0.0, ""Nicolas Cage"": 0.0, ""Nick Jonas"": 0.0}",0.12,0.0,1.0,20,"{""Zayn Malik"": 0.0, ""Zac Efron"": 0.0, ""Whoopi Goldberg"": 0.0, ""Tom Hiddleston"": 0.0, ""Tom Hardy"": 0.0, ""Tom Hanks"": 0.0, ""Tom Cruise"": 0.0, ""Theresa May"": 0.0, ""Stan Lee"": 0.0, ""Spike Lee"": 0.0, ""Shirley Temple"": 0.0, ""Shia Labeouf"": 0.0, ""Ryan Reynolds"": 0.0, ""Ryan Gosling"": 0.0, ""Ronald Reagan"": 0.0, ""Robin Williams"": 0.0, ""Rihanna"": 0.0, ""Ricky Gervais"": 0.0, ""Richard Gere"": 0.0, ""Reese Witherspoon"": 0.0}",0.0,0.0,0.0,0.9156378600823045,150,500,486,967a4167f1f36b3effb0ebbb623515c2b9cb63d09752c32b99e7070187bc336c
order_b,retain_history,4,"[""Morgan Freeman"", ""Milla Jovovich"", ""Mila Kunis"", ""Mick Jagger"", ""Meryl Streep"", ""Melania Trump"", ""Mariah Carey"", ""Margot Robbie"", ""Leonardo Dicaprio"", ""Kate Winslet""]","{""Morgan Freeman"": 0.0, ""Milla Jovovich"": 0.0, ""Mila Kunis"": 0.2, ""Mick Jagger"": 0.0, ""Meryl Streep"": 0.0, ""Melania Trump"": 0.0, ""Mariah Carey"": 0.0, ""Margot Robbie"": 0.0, ""Leonardo Dicaprio"": 0.0, ""Kate Winslet"": 0.0}",0.02,0.0,0.2,30,"{""Zayn Malik"": 0.0, ""Zac Efron"": 0.0, ""Whoopi Goldberg"": 0.0, ""Tom Hiddleston"": 0.0, ""Tom Hardy"": 0.0, ""Tom Hanks"": 0.0, ""Tom Cruise"": 0.0, ""Theresa May"": 0.0, ""Stan Lee"": 0.0, ""Spike Lee"": 0.0, ""Shirley Temple"": 0.0, ""Shia Labeouf"": 0.0, ""Ryan Reynolds"": 0.0, ""Ryan Gosling"": 0.0, ""Ronald Reagan"": 0.0, ""Robin Williams"": 0.0, ""Rihanna"": 0.0, ""Ricky Gervais"": 0.0, ""Richard Gere"": 0.0, ""Reese Witherspoon"": 0.0, ""Philip Seymour Hoffman"": 0.0, ""Peter Dinklage"": 0.8, ""Paul Walker"": 0.0, ""Paul Mccartney"": 0.0, ""Oprah Winfrey"": 0.0, ""Olivia Wilde"": 0.0, ""Octavia Spencer"": 0.0, ""Nicole Kidman"": 0.0, ""Nicolas Cage"": 0.0, ""Nick Jonas"": 0.0}",0.02666666666666667,0.0,0.8,0.9304703476482618,200,500,489,2aabe9b9ed964b710d9f1483b697a18ae4198fd7aed50c52ea45b778280f1a85
order_b,retain_history,5,"[""Kate Bosworth"", ""Justin Timberlake"", ""Julianne Hough"", ""Johnny Depp"", ""John Wayne"", ""John Oliver"", ""Jessica Chastain"", ""Jessica Biel"", ""Jeremy Renner"", ""Jennifer Lopez""]","{""Kate Bosworth"": 0.0, ""Justin Timberlake"": 0.0, ""Julianne Hough"": 0.0, ""Johnny Depp"": 0.0, ""John Wayne"": 0.0, ""John Oliver"": 0.0, ""Jessica Chastain"": 0.0, ""Jessica Biel"": 0.0, ""Jeremy Renner"": 0.0, ""Jennifer Lopez"": 0.0}",0.0,0.0,0.0,40,"{""Zayn Malik"": 0.0, ""Zac Efron"": 0.0, ""Whoopi Goldberg"": 0.0, ""Tom Hiddleston"": 0.0, ""Tom Hardy"": 0.0, ""Tom Hanks"": 0.0, ""Tom Cruise"": 0.0, ""Theresa May"": 0.0, ""Stan Lee"": 0.0, ""Spike Lee"": 0.0, ""Shirley Temple"": 0.0, ""Shia Labeouf"": 0.0, ""Ryan Reynolds"": 0.0, ""Ryan Gosling"": 0.0, ""Ronald Reagan"": 0.0, ""Robin Williams"": 0.0, ""Rihanna"": 0.0, ""Ricky Gervais"": 0.0, ""Richard Gere"": 0.0, ""Reese Witherspoon"": 0.0, ""Philip Seymour Hoffman"": 0.0, ""Peter Dinklage"": 0.4, ""Paul Walker"": 0.0, ""Paul Mccartney"": 0.0, ""Oprah Winfrey"": 0.0, ""Olivia Wilde"": 0.0, ""Octavia Spencer"": 0.0, ""Nicole Kidman"": 0.0, ""Nicolas Cage"": 0.0, ""Nick Jonas"": 0.0, ""Morgan Freeman"": 0.0, ""Milla Jovovich"": 0.0, ""Mila Kunis"": 0.0, ""Mick Jagger"": 0.0, ""Meryl Streep"": 0.0, ""Melania Trump"": 0.0, ""Mariah Carey"": 0.0, ""Margot Robbie"": 0.0, ""Leonardo Dicaprio"": 0.0, ""Kate Winslet"": 0.0}",0.01,0.0,0.4,0.9360824742268041,250,500,485,1d1b03e61b76a37f976661b3e5161d0e21fc5fee3c77ab4a2103b95bf8a4085e
order_b,retain_history,6,"[""Jennifer Lawrence"", ""Jennifer Aniston"", ""Jason Momoa"", ""Jared Leto"", ""James Franco"", ""Jake Gyllenhaal"", ""Idris Elba"", ""Hugh Jackman"", ""Hillary Clinton"", ""Harrison Ford""]","{""Jennifer Lawrence"": 0.0, ""Jennifer Aniston"": 0.0, ""Jason Momoa"": 0.0, ""Jared Leto"": 0.0, ""James Franco"": 0.0, ""Jake Gyllenhaal"": 1.0, ""Idris Elba"": 0.0, ""Hugh Jackman"": 0.0, ""Hillary Clinton"": 0.0, ""Harrison Ford"": 0.0}",0.1,0.0,1.0,50,"{""Zayn Malik"": 0.0, ""Zac Efron"": 0.0, ""Whoopi Goldberg"": 0.0, ""Tom Hiddleston"": 0.0, ""Tom Hardy"": 0.0, ""Tom Hanks"": 0.0, ""Tom Cruise"": 0.0, ""Theresa May"": 0.0, ""Stan Lee"": 0.0, ""Spike Lee"": 0.0, ""Shirley Temple"": 0.0, ""Shia Labeouf"": 0.0, ""Ryan Reynolds"": 0.0, ""Ryan Gosling"": 0.0, ""Ronald Reagan"": 0.0, ""Robin Williams"": 0.0, ""Rihanna"": 0.0, ""Ricky Gervais"": 0.0, ""Richard Gere"": 0.0, ""Reese Witherspoon"": 0.0, ""Philip Seymour Hoffman"": 0.0, ""Peter Dinklage"": 0.2, ""Paul Walker"": 0.0, ""Paul Mccartney"": 0.0, ""Oprah Winfrey"": 0.2, ""Olivia Wilde"": 0.0, ""Octavia Spencer"": 0.0, ""Nicole Kidman"": 0.0, ""Nicolas Cage"": 0.0, ""Nick Jonas"": 0.0, ""Morgan Freeman"": 0.0, ""Milla Jovovich"": 0.0, ""Mila Kunis"": 0.0, ""Mick Jagger"": 0.0, ""Meryl Streep"": 0.0, ""Melania Trump"": 0.0, ""Mariah Carey"": 0.0, ""Margot Robbie"": 0.0, ""Leonardo Dicaprio"": 0.0, ""Kate Winslet"": 0.0, ""Kate Bosworth"": 0.0, ""Justin Timberlake"": 0.0, ""Julianne Hough"": 0.0, ""Johnny Depp"": 0.0, ""John Wayne"": 0.0, ""John Oliver"": 0.0, ""Jessica Chastain"": 0.0, ""Jessica Biel"": 0.0, ""Jeremy Renner"": 0.0, ""Jennifer Lopez"": 0.0}",0.008,0.0,0.2,0.9134020618556701,300,500,485,37d28f9b9501a0fd6de50173494cd710cf11989bb1a05a76d6318b91aece3eb4
order_b,retain_history,7,"[""Gwyneth Paltrow"", ""Glenn Close"", ""George Clooney"", ""Frida Kahlo"", ""Emma Stone"", ""Elvis Presley"", ""Elon Musk"", ""Ed Sheeran"", ""Dwayne Johnson"", ""Drew Barrymore""]","{""Gwyneth Paltrow"": 0.0, ""Glenn Close"": 0.0, ""George Clooney"": 0.0, ""Frida Kahlo"": 0.0, ""Emma Stone"": 0.0, ""Elvis Presley"": 0.0, ""Elon Musk"": 0.0, ""Ed Sheeran"": 0.0, ""Dwayne Johnson"": 0.0, ""Drew Barrymore"": 0.0}",0.0,0.0,0.0,60,"{""Zayn Malik"": 0.0, ""Zac Efron"": 0.0, ""Whoopi Goldberg"": 0.0, ""Tom Hiddleston"": 0.0, ""Tom Hardy"": 0.0, ""Tom Hanks"": 0.0, ""Tom Cruise"": 0.0, ""Theresa May"": 0.0, ""Stan Lee"": 0.0, ""Spike Lee"": 0.0, ""Shirley Temple"": 0.0, ""Shia Labeouf"": 0.0, ""Ryan Reynolds"": 0.0, ""Ryan Gosling"": 0.0, ""Ronald Reagan"": 0.0, ""Robin Williams"": 0.0, ""Rihanna"": 0.0, ""Ricky Gervais"": 0.0, ""Richard Gere"": 0.0, ""Reese Witherspoon"": 0.0, ""Philip Seymour Hoffman"": 0.0, ""Peter Dinklage"": 0.0, ""Paul Walker"": 0.0, ""Paul Mccartney"": 0.0, ""Oprah Winfrey"": 0.0, ""Olivia Wilde"": 0.0, ""Octavia Spencer"": 0.0, ""Nicole Kidman"": 0.0, ""Nicolas Cage"": 0.0, ""Nick Jonas"": 0.0, ""Morgan Freeman"": 0.0, ""Milla Jovovich"": 0.0, ""Mila Kunis"": 0.0, ""Mick Jagger"": 0.0, ""Meryl Streep"": 0.0, ""Melania Trump"": 0.0, ""Mariah Carey"": 0.0, ""Margot Robbie"": 0.0, ""Leonardo Dicaprio"": 0.0, ""Kate Winslet"": 0.0, ""Kate Bosworth"": 0.0, ""Justin Timberlake"": 0.0, ""Julianne Hough"": 0.0, ""Johnny Depp"": 0.0, ""John Wayne"": 0.0, ""John Oliver"": 0.0, ""Jessica Chastain"": 0.0, ""Jessica Biel"": 0.0, ""Jeremy Renner"": 0.0, ""Jennifer Lopez"": 0.0, ""Jennifer Lawrence"": 0.0, ""Jennifer Aniston"": 0.0, ""Jason Momoa"": 0.0, ""Jared Leto"": 0.0, ""James Franco"": 0.0, ""Jake Gyllenhaal"": 0.6, ""Idris Elba"": 0.0, ""Hugh Jackman"": 0.0, ""Hillary Clinton"": 0.0, ""Harrison Ford"": 0.0}",0.01,0.0,0.6,0.890020366598778,350,500,491,899b56c134fb2586f79e5eebd3fb440a85ad9172ef2ed1936a337a0f07bea386
order_b,retain_history,8,"[""Drake"", ""Demi Lovato"", ""Courteney Cox"", ""Chuck Norris"", ""Chris Pine"", ""Chris Hemsworth"", ""Chris Evans"", ""Charlize Theron"", ""Charlie Sheen"", ""Channing Tatum""]","{""Drake"": 0.0, ""Demi Lovato"": 0.0, ""Courteney Cox"": 0.0, ""Chuck Norris"": 0.0, ""Chris Pine"": 0.0, ""Chris Hemsworth"": 0.0, ""Chris Evans"": 0.0, ""Charlize Theron"": 0.5, ""Charlie Sheen"": 0.0, ""Channing Tatum"": 0.0}",0.05,0.0,0.5,70,"{""Zayn Malik"": 0.0, ""Zac Efron"": 0.0, ""Whoopi Goldberg"": 0.0, ""Tom Hiddleston"": 0.0, ""Tom Hardy"": 0.0, ""Tom Hanks"": 0.0, ""Tom Cruise"": 0.0, ""Theresa May"": 0.0, ""Stan Lee"": 0.0, ""Spike Lee"": 0.0, ""Shirley Temple"": 0.0, ""Shia Labeouf"": 0.0, ""Ryan Reynolds"": 0.0, ""Ryan Gosling"": 0.0, ""Ronald Reagan"": 0.0, ""Robin Williams"": 0.0, ""Rihanna"": 0.0, ""Ricky Gervais"": 0.0, ""Richard Gere"": 0.0, ""Reese Witherspoon"": 0.0, ""Philip Seymour Hoffman"": 0.0, ""Peter Dinklage"": 0.0, ""Paul Walker"": 0.0, ""Paul Mccartney"": 0.0, ""Oprah Winfrey"": 0.0, ""Olivia Wilde"": 0.0, ""Octavia Spencer"": 0.0, ""Nicole Kidman"": 0.0, ""Nicolas Cage"": 0.0, ""Nick Jonas"": 0.0, ""Morgan Freeman"": 0.0, ""Milla Jovovich"": 0.0, ""Mila Kunis"": 0.0, ""Mick Jagger"": 0.0, ""Meryl Streep"": 0.0, ""Melania Trump"": 0.0, ""Mariah Carey"": 0.0, ""Margot Robbie"": 0.0, ""Leonardo Dicaprio"": 0.0, ""Kate Winslet"": 0.0, ""Kate Bosworth"": 0.0, ""Justin Timberlake"": 0.0, ""Julianne Hough"": 0.0, ""Johnny Depp"": 0.0, ""John Wayne"": 0.0, ""John Oliver"": 0.0, ""Jessica Chastain"": 0.0, ""Jessica Biel"": 0.0, ""Jeremy Renner"": 0.0, ""Jennifer Lopez"": 0.0, ""Jennifer Lawrence"": 0.0, ""Jennifer Aniston"": 0.0, ""Jason Momoa"": 0.0, ""Jared Leto"": 0.0, ""James Franco"": 0.0, ""Jake Gyllenhaal"": 0.8, ""Idris Elba"": 0.0, ""Hugh Jackman"": 0.0, ""Hillary Clinton"": 0.0, ""Harrison Ford"": 0.0, ""Gwyneth Paltrow"": 0.0, ""Glenn Close"": 0.0, ""George Clooney"": 0.0, ""Frida Kahlo"": 0.0, ""Emma Stone"": 0.0, ""Elvis Presley"": 0.0, ""Elon Musk"": 0.0, ""Ed Sheeran"": 0.0, ""Dwayne Johnson"": 0.0, ""Drew Barrymore"": 0.0}",0.011428571428571429,0.0,0.8,0.8850102669404517,400,500,487,338bce90c18c241b5f41a5cc4ac59947f5eead3815f88d54d456db298671c7d7
order_b,retain_history,9,"[""Cameron Diaz"", ""Bryan Cranston"", ""Bruce Willis"", ""Bradley Cooper"", ""Bob Marley"", ""Bob Dylan"", ""Bill Clinton"", ""Beth Behrs"", ""Barack Obama"", ""Arnold Schwarzenegger""]","{""Cameron Diaz"": 0.0, ""Bryan Cranston"": 0.0, ""Bruce Willis"": 0.0, ""Bradley Cooper"": 0.0, ""Bob Marley"": 0.0, ""Bob Dylan"": 0.0, ""Bill Clinton"": 0.0, ""Beth Behrs"": 0.0, ""Barack Obama"": 0.0, ""Arnold Schwarzenegger"": 0.0}",0.0,0.0,0.0,80,"{""Zayn Malik"": 0.0, ""Zac Efron"": 0.0, ""Whoopi Goldberg"": 0.0, ""Tom Hiddleston"": 0.0, ""Tom Hardy"": 0.0, ""Tom Hanks"": 0.0, ""Tom Cruise"": 0.0, ""Theresa May"": 0.0, ""Stan Lee"": 0.0, ""Spike Lee"": 0.0, ""Shirley Temple"": 0.0, ""Shia Labeouf"": 0.0, ""Ryan Reynolds"": 0.0, ""Ryan Gosling"": 0.0, ""Ronald Reagan"": 0.0, ""Robin Williams"": 0.0, ""Rihanna"": 0.0, ""Ricky Gervais"": 0.0, ""Richard Gere"": 0.0, ""Reese Witherspoon"": 0.0, ""Philip Seymour Hoffman"": 0.0, ""Peter Dinklage"": 0.2, ""Paul Walker"": 0.0, ""Paul Mccartney"": 0.0, ""Oprah Winfrey"": 0.0, ""Olivia Wilde"": 0.0, ""Octavia Spencer"": 0.0, ""Nicole Kidman"": 0.0, ""Nicolas Cage"": 0.0, ""Nick Jonas"": 0.0, ""Morgan Freeman"": 0.0, ""Milla Jovovich"": 0.0, ""Mila Kunis"": 0.0, ""Mick Jagger"": 0.0, ""Meryl Streep"": 0.0, ""Melania Trump"": 0.0, ""Mariah Carey"": 0.0, ""Margot Robbie"": 0.0, ""Leonardo Dicaprio"": 0.0, ""Kate Winslet"": 0.0, ""Kate Bosworth"": 0.0, ""Justin Timberlake"": 0.0, ""Julianne Hough"": 0.0, ""Johnny Depp"": 0.0, ""John Wayne"": 0.0, ""John Oliver"": 0.0, ""Jessica Chastain"": 0.0, ""Jessica Biel"": 0.0, ""Jeremy Renner"": 0.0, ""Jennifer Lopez"": 0.0, ""Jennifer Lawrence"": 0.0, ""Jennifer Aniston"": 0.0, ""Jason Momoa"": 0.0, ""Jared Leto"": 0.0, ""James Franco"": 0.0, ""Jake Gyllenhaal"": 0.8, ""Idris Elba"": 0.0, ""Hugh Jackman"": 0.0, ""Hillary Clinton"": 0.0, ""Harrison Ford"": 0.0, ""Gwyneth Paltrow"": 0.0, ""Glenn Close"": 0.0, ""George Clooney"": 0.0, ""Frida Kahlo"": 0.0, ""Emma Stone"": 0.0, ""Elvis Presley"": 0.0, ""Elon Musk"": 0.0, ""Ed Sheeran"": 0.0, ""Dwayne Johnson"": 0.0, ""Drew Barrymore"": 0.0, ""Drake"": 0.0, ""Demi Lovato"": 0.0, ""Courteney Cox"": 0.0, ""Chuck Norris"": 0.0, ""Chris Pine"": 0.0, ""Chris Hemsworth"": 0.0, ""Chris Evans"": 0.0, ""Charlize Theron"": 0.0, ""Charlie Sheen"": 0.0, ""Channing Tatum"": 0.0}",0.0125,0.0,0.8,0.8694736842105263,450,500,475,409022ca7fde352d64cf7457f3af92c0e91a06f0c43062c612f21e4be8814220
order_b,retain_history,10,"[""Anne Hathaway"", ""Anna Kendrick"", ""Anna Faris"", ""Anjelica Huston"", ""Angelina Jolie"", ""Andrew Garfield"", ""Amy Adams"", ""Amber Heard"", ""Adriana Lima"", ""Adam Driver""]","{""Anne Hathaway"": 0.0, ""Anna Kendrick"": 0.0, ""Anna Faris"": 0.0, ""Anjelica Huston"": 0.0, ""Angelina Jolie"": 0.0, ""Andrew Garfield"": 0.0, ""Amy Adams"": 0.0, ""Amber Heard"": 0.0, ""Adriana Lima"": 0.0, ""Adam Driver"": 0.0}",0.0,0.0,0.0,90,"{""Zayn Malik"": 0.0, ""Zac Efron"": 0.0, ""Whoopi Goldberg"": 0.0, ""Tom Hiddleston"": 0.0, ""Tom Hardy"": 0.0, ""Tom Hanks"": 0.0, ""Tom Cruise"": 0.0, ""Theresa May"": 0.0, ""Stan Lee"": 0.0, ""Spike Lee"": 0.0, ""Shirley Temple"": 0.0, ""Shia Labeouf"": 0.0, ""Ryan Reynolds"": 0.0, ""Ryan Gosling"": 0.0, ""Ronald Reagan"": 0.0, ""Robin Williams"": 0.0, ""Rihanna"": 0.0, ""Ricky Gervais"": 0.0, ""Richard Gere"": 0.0, ""Reese Witherspoon"": 0.0, ""Philip Seymour Hoffman"": 0.0, ""Peter Dinklage"": 0.0, ""Paul Walker"": 0.0, ""Paul Mccartney"": 0.0, ""Oprah Winfrey"": 0.0, ""Olivia Wilde"": 0.0, ""Octavia Spencer"": 0.0, ""Nicole Kidman"": 0.0, ""Nicolas Cage"": 0.0, ""Nick Jonas"": 0.0, ""Morgan Freeman"": 0.0, ""Milla Jovovich"": 0.0, ""Mila Kunis"": 0.0, ""Mick Jagger"": 0.0, ""Meryl Streep"": 0.0, ""Melania Trump"": 0.0, ""Mariah Carey"": 0.0, ""Margot Robbie"": 0.0, ""Leonardo Dicaprio"": 0.0, ""Kate Winslet"": 0.0, ""Kate Bosworth"": 0.0, ""Justin Timberlake"": 0.0, ""Julianne Hough"": 0.0, ""Johnny Depp"": 0.0, ""John Wayne"": 0.0, ""John Oliver"": 0.0, ""Jessica Chastain"": 0.0, ""Jessica Biel"": 0.0, ""Jeremy Renner"": 0.0, ""Jennifer Lopez"": 0.0, ""Jennifer Lawrence"": 0.0, ""Jennifer Aniston"": 0.0, ""Jason Momoa"": 0.0, ""Jared Leto"": 0.0, ""James Franco"": 0.0, ""Jake Gyllenhaal"": 0.6, ""Idris Elba"": 0.0, ""Hugh Jackman"": 0.0, ""Hillary Clinton"": 0.0, ""Harrison Ford"": 0.0, ""Gwyneth Paltrow"": 0.0, ""Glenn Close"": 0.0, ""George Clooney"": 0.0, ""Frida Kahlo"": 0.0, ""Emma Stone"": 0.0, ""Elvis Presley"": 0.0, ""Elon Musk"": 0.0, ""Ed Sheeran"": 0.0, ""Dwayne Johnson"": 0.0, ""Drew Barrymore"": 0.0, ""Drake"": 0.0, ""Demi Lovato"": 0.0, ""Courteney Cox"": 0.0, ""Chuck Norris"": 0.0, ""Chris Pine"": 0.0, ""Chris Hemsworth"": 0.0, ""Chris Evans"": 0.0, ""Charlize Theron"": 0.25, ""Charlie Sheen"": 0.0, ""Channing Tatum"": 0.0, ""Cameron Diaz"": 0.0, ""Bryan Cranston"": 0.0, ""Bruce Willis"": 0.0, ""Bradley Cooper"": 0.0, ""Bob Marley"": 0.0, ""Bob Dylan"": 0.0, ""Bill Clinton"": 0.0, ""Beth Behrs"": 0.0, ""Barack Obama"": 0.0, ""Arnold Schwarzenegger"": 0.0}",0.009444444444444445,0.0,0.6,0.8755186721991701,500,500,482,dbcf44c3ebeedaf0c1bfe6ca540ae86b8923b80e65d10a61d9ddab1ba7d27e2d
