group,checkpoint,concept,prompt,sample_index,seed,image_path,expected_label,predicted_label,correct,expected_probability,image_retention,sample_origin,artifact_root,prob_airplane,prob_automobile,prob_bird,prob_cat,prob_deer,prob_dog,prob_frog,prob_horse,prob_ship,prob_truck
retain_always,W06,dog,a photo of the dog,100,142,images/experiment1_sequential_own_step/retain_always/W06/dog/index_100_seed_142.png,dog,horse,False,0.05619695037603378,delete-after-eval,new_followup_supplement,/home/tslin/Documents/jupyter_data/anLi/machine_unlearning/orthogonal-concept-erasure/experiments/sequential_object_followup/outputs/sequential_oce_object_followup_v1,5.014303314965218e-05,0.0006843907758593559,0.0021065245382487774,0.003877263981848955,0.127853125333786,0.05619695037603378,3.844130696961656e-05,0.8082230091094971,9.157213207799941e-05,0.0008786075050011277
retain_always,W06,dog,a photo of the dog,101,143,images/experiment1_sequential_own_step/retain_always/W06/dog/index_101_seed_143.png,dog,automobile,False,0.24704799056053162,delete-after-eval,new_followup_supplement,/home/tslin/Documents/jupyter_data/anLi/machine_unlearning/orthogonal-concept-erasure/experiments/sequential_object_followup/outputs/sequential_oce_object_followup_v1,0.008786813355982304,0.31732118129730225,0.0020128057803958654,0.017716264352202415,0.13056161999702454,0.24704799056053162,0.0021967305801808834,0.07363257557153702,0.0022881105542182922,0.1984359472990036
retain_always,W06,dog,a photo of the dog,102,144,images/experiment1_sequential_own_step/retain_always/W06/dog/index_102_seed_144.png,dog,horse,False,0.007635877933353186,delete-after-eval,new_followup_supplement,/home/tslin/Documents/jupyter_data/anLi/machine_unlearning/orthogonal-concept-erasure/experiments/sequential_object_followup/outputs/sequential_oce_object_followup_v1,2.4972896426334046e-05,0.00044576459913514555,5.525419328478165e-05,0.0004090690636076033,0.008523231372237206,0.007635877933353186,1.1009855370502919e-05,0.982582688331604,4.804076161235571e-05,0.0002641984901856631
retain_always,W06,dog,a photo of the dog,103,145,images/experiment1_sequential_own_step/retain_always/W06/dog/index_103_seed_145.png,dog,deer,False,0.054627515375614166,delete-after-eval,new_followup_supplement,/home/tslin/Documents/jupyter_data/anLi/machine_unlearning/orthogonal-concept-erasure/experiments/sequential_object_followup/outputs/sequential_oce_object_followup_v1,0.00013027108798269182,0.0016092754667624831,0.0026168343611061573,0.008123124949634075,0.8822153210639954,0.054627515375614166,9.911051165545359e-05,0.0472148060798645,0.0002831944148056209,0.0030806041322648525
retain_always,W06,dog,a photo of the dog,104,146,images/experiment1_sequential_own_step/retain_always/W06/dog/index_104_seed_146.png,dog,horse,False,0.002049374161288142,delete-after-eval,new_followup_supplement,/home/tslin/Documents/jupyter_data/anLi/machine_unlearning/orthogonal-concept-erasure/experiments/sequential_object_followup/outputs/sequential_oce_object_followup_v1,2.478164560670848e-06,0.00030223309295251966,4.640193219529465e-05,0.00021670230489689857,0.0008138688281178474,0.002049374161288142,5.49163132745889e-07,0.9963930249214172,1.0927815310424194e-05,0.0001644969015615061
retain_always,W06,dog,a photo of the dog,105,147,images/experiment1_sequential_own_step/retain_always/W06/dog/index_105_seed_147.png,dog,deer,False,0.18738512694835663,delete-after-eval,new_followup_supplement,/home/tslin/Documents/jupyter_data/anLi/machine_unlearning/orthogonal-concept-erasure/experiments/sequential_object_followup/outputs/sequential_oce_object_followup_v1,0.0005751583958044648,0.010516582056879997,0.002118377946317196,0.012203730642795563,0.7576334476470947,0.18738512694835663,0.004089071415364742,0.004876506049185991,0.00013209693133831024,0.0204697847366333
retain_always,W06,dog,a photo of the dog,106,148,images/experiment1_sequential_own_step/retain_always/W06/dog/index_106_seed_148.png,dog,deer,False,0.09265606105327606,delete-after-eval,new_followup_supplement,/home/tslin/Documents/jupyter_data/anLi/machine_unlearning/orthogonal-concept-erasure/experiments/sequential_object_followup/outputs/sequential_oce_object_followup_v1,0.0004569225711748004,0.0038838419131934643,0.0025771886575967073,0.00822352059185505,0.6690261363983154,0.09265606105327606,0.00023888789291959256,0.21789100766181946,0.000163983553647995,0.004882544744759798
retain_always,W06,dog,a photo of the dog,107,149,images/experiment1_sequential_own_step/retain_always/W06/dog/index_107_seed_149.png,dog,horse,False,0.05291682854294777,delete-after-eval,new_followup_supplement,/home/tslin/Documents/jupyter_data/anLi/machine_unlearning/orthogonal-concept-erasure/experiments/sequential_object_followup/outputs/sequential_oce_object_followup_v1,0.0006551672122441232,0.004229934420436621,0.009259014390408993,0.003504184540361166,0.19531142711639404,0.05291682854294777,0.0007525596884079278,0.7224935293197632,0.0006408295012079179,0.010236564092338085
retain_always,W06,dog,a photo of the dog,108,150,images/experiment1_sequential_own_step/retain_always/W06/dog/index_108_seed_150.png,dog,horse,False,0.008250894956290722,delete-after-eval,new_followup_supplement,/home/tslin/Documents/jupyter_data/anLi/machine_unlearning/orthogonal-concept-erasure/experiments/sequential_object_followup/outputs/sequential_oce_object_followup_v1,3.244451363570988e-05,0.0025350095238536596,0.00013808414223603904,0.0002595797413960099,0.002615863224491477,0.008250894956290722,3.5453249438432977e-06,0.9846412539482117,4.2833704355871305e-05,0.001480514882132411
retain_always,W06,dog,a photo of the dog,109,151,images/experiment1_sequential_own_step/retain_always/W06/dog/index_109_seed_151.png,dog,deer,False,0.00793521199375391,delete-after-eval,new_followup_supplement,/home/tslin/Documents/jupyter_data/anLi/machine_unlearning/orthogonal-concept-erasure/experiments/sequential_object_followup/outputs/sequential_oce_object_followup_v1,3.693261896842159e-05,7.901886419858783e-05,0.0006928833317942917,0.00041231836075894535,0.9866278767585754,0.00793521199375391,2.800547008519061e-05,0.003942995332181454,2.4163047783076763e-05,0.00022067072859499604
retain_always,W06,dog,a photo of the dog,110,152,images/experiment1_sequential_own_step/retain_always/W06/dog/index_110_seed_152.png,dog,deer,False,0.0033653958234936,delete-after-eval,new_followup_supplement,/home/tslin/Documents/jupyter_data/anLi/machine_unlearning/orthogonal-concept-erasure/experiments/sequential_object_followup/outputs/sequential_oce_object_followup_v1,1.3258740182209294e-05,0.00025611359160393476,0.00042261849739588797,0.00029214913956820965,0.9384928941726685,0.0033653958234936,5.031048658565851e-06,0.05703209713101387,1.7754848158801906e-05,0.00010275743261445314
retain_always,W06,dog,a photo of the dog,111,153,images/experiment1_sequential_own_step/retain_always/W06/dog/index_111_seed_153.png,dog,horse,False,0.005035789217799902,delete-after-eval,new_followup_supplement,/home/tslin/Documents/jupyter_data/anLi/machine_unlearning/orthogonal-concept-erasure/experiments/sequential_object_followup/outputs/sequential_oce_object_followup_v1,2.0744775611092336e-05,0.00013717508409172297,0.00011485632421681657,0.0006608630646951497,0.03428633511066437,0.005035789217799902,2.7951066385867307e-06,0.9595929384231567,2.4907407350838184e-05,0.00012362186680547893
retain_always,W06,dog,a photo of the dog,112,154,images/experiment1_sequential_own_step/retain_always/W06/dog/index_112_seed_154.png,dog,horse,False,0.0572822280228138,delete-after-eval,new_followup_supplement,/home/tslin/Documents/jupyter_data/anLi/machine_unlearning/orthogonal-concept-erasure/experiments/sequential_object_followup/outputs/sequential_oce_object_followup_v1,0.003656842513009906,0.13864079117774963,0.007575180847197771,0.0064303092658519745,0.016676630824804306,0.0572822280228138,0.002892342396080494,0.7524744272232056,0.003150273347273469,0.011220981366932392
retain_always,W06,dog,a photo of the dog,113,155,images/experiment1_sequential_own_step/retain_always/W06/dog/index_113_seed_155.png,dog,horse,False,0.005598799325525761,delete-after-eval,new_followup_supplement,/home/tslin/Documents/jupyter_data/anLi/machine_unlearning/orthogonal-concept-erasure/experiments/sequential_object_followup/outputs/sequential_oce_object_followup_v1,2.576249244157225e-05,0.0002898982784245163,0.0015827177558094263,0.0004061415384057909,0.16307410597801208,0.005598799325525761,3.8631027564406395e-05,0.8284904360771179,1.2447857443476096e-05,0.00048106195754371583
retain_always,W06,dog,a photo of the dog,114,156,images/experiment1_sequential_own_step/retain_always/W06/dog/index_114_seed_156.png,dog,deer,False,0.13727039098739624,delete-after-eval,new_followup_supplement,/home/tslin/Documents/jupyter_data/anLi/machine_unlearning/orthogonal-concept-erasure/experiments/sequential_object_followup/outputs/sequential_oce_object_followup_v1,0.007993066683411598,0.002153238281607628,0.005933036096394062,0.010314599610865116,0.5746170282363892,0.13727039098739624,0.0015418909024447203,0.25156891345977783,0.0013941810466349125,0.007213563192635775
retain_always,W06,dog,a photo of the dog,115,157,images/experiment1_sequential_own_step/retain_always/W06/dog/index_115_seed_157.png,dog,deer,False,0.04884345456957817,delete-after-eval,new_followup_supplement,/home/tslin/Documents/jupyter_data/anLi/machine_unlearning/orthogonal-concept-erasure/experiments/sequential_object_followup/outputs/sequential_oce_object_followup_v1,0.00013875094009563327,0.0007106130942702293,0.0013394630514085293,0.0027442353311926126,0.8926658630371094,0.04884345456957817,6.984757783357054e-05,0.04954936355352402,0.00018679813365451992,0.0037516187876462936
retain_always,W06,dog,a photo of the dog,116,158,images/experiment1_sequential_own_step/retain_always/W06/dog/index_116_seed_158.png,dog,horse,False,0.0031562591902911663,delete-after-eval,new_followup_supplement,/home/tslin/Documents/jupyter_data/anLi/machine_unlearning/orthogonal-concept-erasure/experiments/sequential_object_followup/outputs/sequential_oce_object_followup_v1,8.738466021895874e-06,5.026367580285296e-05,0.00021966712665744126,0.00046061351895332336,0.005040677264332771,0.0031562591902911663,3.356247816554969e-06,0.9908919930458069,2.698726166272536e-05,0.000141576660098508
retain_always,W06,dog,a photo of the dog,117,159,images/experiment1_sequential_own_step/retain_always/W06/dog/index_117_seed_159.png,dog,deer,False,0.10403043031692505,delete-after-eval,new_followup_supplement,/home/tslin/Documents/jupyter_data/anLi/machine_unlearning/orthogonal-concept-erasure/experiments/sequential_object_followup/outputs/sequential_oce_object_followup_v1,0.0004035080492030829,0.0009692180901765823,0.008018416352570057,0.008543295785784721,0.7828450798988342,0.10403043031692505,0.00017664242477621883,0.09242304414510727,0.00035877799382433295,0.002231693360954523
retain_always,W06,dog,a photo of the dog,118,160,images/experiment1_sequential_own_step/retain_always/W06/dog/index_118_seed_160.png,dog,horse,False,0.0334160290658474,delete-after-eval,new_followup_supplement,/home/tslin/Documents/jupyter_data/anLi/machine_unlearning/orthogonal-concept-erasure/experiments/sequential_object_followup/outputs/sequential_oce_object_followup_v1,0.00010805117199197412,0.000405517581384629,0.0004306900955270976,0.0005235730204731226,0.006387592758983374,0.0334160290658474,3.334836583235301e-05,0.9569664597511292,5.635369598167017e-05,0.0016723654698580503
retain_always,W06,dog,a photo of the dog,119,161,images/experiment1_sequential_own_step/retain_always/W06/dog/index_119_seed_161.png,dog,horse,False,0.0036427753511816263,delete-after-eval,new_followup_supplement,/home/tslin/Documents/jupyter_data/anLi/machine_unlearning/orthogonal-concept-erasure/experiments/sequential_object_followup/outputs/sequential_oce_object_followup_v1,3.3226384402951226e-05,0.0004693741793744266,0.000655981304589659,0.0003864259924739599,0.01587497629225254,0.0036427753511816263,1.8641547285369597e-05,0.9784180521965027,5.9497844631550834e-05,0.0004411574627738446
retain_always,W06,dog,a photo of the dog,120,162,images/experiment1_sequential_own_step/retain_always/W06/dog/index_120_seed_162.png,dog,horse,False,0.03928123414516449,delete-after-eval,new_followup_supplement,/home/tslin/Documents/jupyter_data/anLi/machine_unlearning/orthogonal-concept-erasure/experiments/sequential_object_followup/outputs/sequential_oce_object_followup_v1,4.087323759449646e-05,0.0005633612163364887,0.001507359673269093,0.005196635145694017,0.30943500995635986,0.03928123414516449,1.4419598301174119e-05,0.6421671509742737,6.950848910491914e-05,0.0017244130140170455
retain_always,W06,dog,a photo of the dog,121,163,images/experiment1_sequential_own_step/retain_always/W06/dog/index_121_seed_163.png,dog,deer,False,0.21201837062835693,delete-after-eval,new_followup_supplement,/home/tslin/Documents/jupyter_data/anLi/machine_unlearning/orthogonal-concept-erasure/experiments/sequential_object_followup/outputs/sequential_oce_object_followup_v1,0.00017188946367241442,0.0002862547989934683,0.0021451981738209724,0.010422431863844395,0.6660027503967285,0.21201837062835693,0.000817003776319325,0.10699371248483658,9.346429578727111e-05,0.0010490275453776121
retain_always,W06,dog,a photo of the dog,122,164,images/experiment1_sequential_own_step/retain_always/W06/dog/index_122_seed_164.png,dog,horse,False,0.0006149905966594815,delete-after-eval,new_followup_supplement,/home/tslin/Documents/jupyter_data/anLi/machine_unlearning/orthogonal-concept-erasure/experiments/sequential_object_followup/outputs/sequential_oce_object_followup_v1,3.4930701531266095e-06,5.365964534576051e-05,3.408766133361496e-05,4.8782701924210414e-05,0.0002093501971103251,0.0006149905966594815,2.1171058506297413e-07,0.9989612102508545,5.827385848533595e-06,6.842378206783906e-05
retain_always,W06,dog,a photo of the dog,123,165,images/experiment1_sequential_own_step/retain_always/W06/dog/index_123_seed_165.png,dog,horse,False,0.0138658806681633,delete-after-eval,new_followup_supplement,/home/tslin/Documents/jupyter_data/anLi/machine_unlearning/orthogonal-concept-erasure/experiments/sequential_object_followup/outputs/sequential_oce_object_followup_v1,0.0004110181762371212,0.015421988442540169,0.0008592357044108212,0.0010262347059324384,0.078193798661232,0.0138658806681633,0.00015286031702999026,0.8835107684135437,0.0001614994980627671,0.0063967593014240265
retain_always,W06,dog,a photo of the dog,124,166,images/experiment1_sequential_own_step/retain_always/W06/dog/index_124_seed_166.png,dog,horse,False,0.00255045504309237,delete-after-eval,new_followup_supplement,/home/tslin/Documents/jupyter_data/anLi/machine_unlearning/orthogonal-concept-erasure/experiments/sequential_object_followup/outputs/sequential_oce_object_followup_v1,1.4995338460721541e-05,0.00010334289981983602,0.00044781414908356965,0.0005183896864764392,0.005049954634159803,0.00255045504309237,7.730387551418971e-06,0.9911642074584961,4.3277799704810604e-05,9.992008563131094e-05
retain_always,W06,dog,a photo of the dog,125,167,images/experiment1_sequential_own_step/retain_always/W06/dog/index_125_seed_167.png,dog,deer,False,0.34364229440689087,delete-after-eval,new_followup_supplement,/home/tslin/Documents/jupyter_data/anLi/machine_unlearning/orthogonal-concept-erasure/experiments/sequential_object_followup/outputs/sequential_oce_object_followup_v1,0.00020715822756756097,0.0003079233574680984,0.0007052227738313377,0.005684228613972664,0.46031805872917175,0.34364229440689087,0.00011701036419253796,0.18725070357322693,0.00018092973914463073,0.0015865544555708766
retain_always,W06,dog,a photo of the dog,126,168,images/experiment1_sequential_own_step/retain_always/W06/dog/index_126_seed_168.png,dog,horse,False,0.10190200805664062,delete-after-eval,new_followup_supplement,/home/tslin/Documents/jupyter_data/anLi/machine_unlearning/orthogonal-concept-erasure/experiments/sequential_object_followup/outputs/sequential_oce_object_followup_v1,0.001179967657662928,0.005406534764915705,0.002417712239548564,0.011036274954676628,0.2585037648677826,0.10190200805664062,0.00012447114568203688,0.6048516035079956,0.0014524400467053056,0.013125112280249596
retain_always,W06,dog,a photo of the dog,127,169,images/experiment1_sequential_own_step/retain_always/W06/dog/index_127_seed_169.png,dog,horse,False,0.0163206048309803,delete-after-eval,new_followup_supplement,/home/tslin/Documents/jupyter_data/anLi/machine_unlearning/orthogonal-concept-erasure/experiments/sequential_object_followup/outputs/sequential_oce_object_followup_v1,0.00020874988695140928,0.008043721318244934,0.000737840193323791,0.0018315648194402456,0.015172605402767658,0.0163206048309803,2.1222727809799835e-05,0.9538218975067139,2.9784485377604142e-05,0.0038119175005704165
retain_always,W06,dog,a photo of the dog,128,170,images/experiment1_sequential_own_step/retain_always/W06/dog/index_128_seed_170.png,dog,deer,False,0.019543945789337158,delete-after-eval,new_followup_supplement,/home/tslin/Documents/jupyter_data/anLi/machine_unlearning/orthogonal-concept-erasure/experiments/sequential_object_followup/outputs/sequential_oce_object_followup_v1,0.00034500384936109185,0.001808042754419148,0.0010052722645923495,0.0023037081118673086,0.7162092924118042,0.019543945789337158,0.00020715389109682292,0.25485214591026306,0.00030007000896148384,0.003425347153097391
retain_always,W06,dog,a photo of the dog,129,171,images/experiment1_sequential_own_step/retain_always/W06/dog/index_129_seed_171.png,dog,deer,False,0.07597842812538147,delete-after-eval,new_followup_supplement,/home/tslin/Documents/jupyter_data/anLi/machine_unlearning/orthogonal-concept-erasure/experiments/sequential_object_followup/outputs/sequential_oce_object_followup_v1,7.973187894094735e-05,0.0010442850179970264,0.001846352475695312,0.003784121247008443,0.8181470632553101,0.07597842812538147,5.98468650423456e-05,0.09591246396303177,0.00010411838593427092,0.0030435628723353148
retain_always,W06,dog,a photo of the dog,130,172,images/experiment1_sequential_own_step/retain_always/W06/dog/index_130_seed_172.png,dog,horse,False,0.005637104157358408,delete-after-eval,new_followup_supplement,/home/tslin/Documents/jupyter_data/anLi/machine_unlearning/orthogonal-concept-erasure/experiments/sequential_object_followup/outputs/sequential_oce_object_followup_v1,1.0374042176408693e-05,4.7305988118750975e-05,0.0004591102770064026,0.0009102537296712399,0.008129144087433815,0.005637104157358408,2.1444784579216503e-06,0.9846466779708862,4.982452082913369e-05,0.00010804392513819039
retain_always,W06,dog,a photo of the dog,131,173,images/experiment1_sequential_own_step/retain_always/W06/dog/index_131_seed_173.png,dog,horse,False,0.04399479553103447,delete-after-eval,new_followup_supplement,/home/tslin/Documents/jupyter_data/anLi/machine_unlearning/orthogonal-concept-erasure/experiments/sequential_object_followup/outputs/sequential_oce_object_followup_v1,0.00014487853331957012,0.0007828176603652537,0.0010714349336922169,0.002517196349799633,0.09339261054992676,0.04399479553103447,0.00013324299652595073,0.8543654084205627,0.0001288038183702156,0.0034687884617596865
retain_always,W06,dog,a photo of the dog,132,174,images/experiment1_sequential_own_step/retain_always/W06/dog/index_132_seed_174.png,dog,horse,False,0.019235169515013695,delete-after-eval,new_followup_supplement,/home/tslin/Documents/jupyter_data/anLi/machine_unlearning/orthogonal-concept-erasure/experiments/sequential_object_followup/outputs/sequential_oce_object_followup_v1,0.00019270917982794344,0.0011403848184272647,0.001342310686595738,0.0004262916627340019,0.08893183618783951,0.019235169515013695,2.2099893612903543e-05,0.8855931758880615,0.00012199815682834014,0.0029939136002212763
retain_always,W06,dog,a photo of the dog,133,175,images/experiment1_sequential_own_step/retain_always/W06/dog/index_133_seed_175.png,dog,horse,False,0.044494811445474625,delete-after-eval,new_followup_supplement,/home/tslin/Documents/jupyter_data/anLi/machine_unlearning/orthogonal-concept-erasure/experiments/sequential_object_followup/outputs/sequential_oce_object_followup_v1,3.154698424623348e-05,0.0015359311364591122,0.0009662878583185375,0.0026289732195436954,0.0012938129948452115,0.044494811445474625,7.077640930219786e-06,0.9474549889564514,9.793778735911474e-05,0.001488715410232544
retain_always,W06,dog,a photo of the dog,134,176,images/experiment1_sequential_own_step/retain_always/W06/dog/index_134_seed_176.png,dog,deer,False,0.26536044478416443,delete-after-eval,new_followup_supplement,/home/tslin/Documents/jupyter_data/anLi/machine_unlearning/orthogonal-concept-erasure/experiments/sequential_object_followup/outputs/sequential_oce_object_followup_v1,0.002015030011534691,0.004057798534631729,0.01051304955035448,0.04090788587927818,0.40992259979248047,0.26536044478416443,0.006014897022396326,0.24669718742370605,0.0033916528336703777,0.011119444854557514
retain_always,W06,dog,a photo of the dog,135,177,images/experiment1_sequential_own_step/retain_always/W06/dog/index_135_seed_177.png,dog,deer,False,0.1244388073682785,delete-after-eval,new_followup_supplement,/home/tslin/Documents/jupyter_data/anLi/machine_unlearning/orthogonal-concept-erasure/experiments/sequential_object_followup/outputs/sequential_oce_object_followup_v1,0.0018698853673413396,0.0721316933631897,0.007972012273967266,0.018406996503472328,0.5573610663414001,0.1244388073682785,0.0004162842524237931,0.19213558733463287,0.0003780282859224826,0.024889662861824036
retain_always,W06,dog,a photo of the dog,136,178,images/experiment1_sequential_own_step/retain_always/W06/dog/index_136_seed_178.png,dog,horse,False,0.042327769100666046,delete-after-eval,new_followup_supplement,/home/tslin/Documents/jupyter_data/anLi/machine_unlearning/orthogonal-concept-erasure/experiments/sequential_object_followup/outputs/sequential_oce_object_followup_v1,7.183902198448777e-05,0.0010256355162709951,0.005754614248871803,0.0037877706345170736,0.1148347407579422,0.042327769100666046,1.2644790331250988e-05,0.8306940197944641,0.00026053047622554004,0.0012304927222430706
retain_always,W06,dog,a photo of the dog,137,179,images/experiment1_sequential_own_step/retain_always/W06/dog/index_137_seed_179.png,dog,horse,False,0.02161998115479946,delete-after-eval,new_followup_supplement,/home/tslin/Documents/jupyter_data/anLi/machine_unlearning/orthogonal-concept-erasure/experiments/sequential_object_followup/outputs/sequential_oce_object_followup_v1,0.0003109535318799317,0.007492000237107277,0.0010336777195334435,0.0015157620655372739,0.0015989526873454452,0.02161998115479946,1.3508813935914077e-05,0.9590597748756409,0.0008747895481064916,0.006480596028268337
retain_always,W06,dog,a photo of the dog,138,180,images/experiment1_sequential_own_step/retain_always/W06/dog/index_138_seed_180.png,dog,horse,False,0.002506828401237726,delete-after-eval,new_followup_supplement,/home/tslin/Documents/jupyter_data/anLi/machine_unlearning/orthogonal-concept-erasure/experiments/sequential_object_followup/outputs/sequential_oce_object_followup_v1,8.608491953054909e-06,0.0002552903024479747,8.36583785712719e-05,0.00017568064504303038,0.0014210841618478298,0.002506828401237726,3.32088404775277e-07,0.9953893423080444,8.108753718261141e-06,0.00015093172260094434
retain_always,W06,dog,a photo of the dog,139,181,images/experiment1_sequential_own_step/retain_always/W06/dog/index_139_seed_181.png,dog,horse,False,0.0018245007377117872,delete-after-eval,new_followup_supplement,/home/tslin/Documents/jupyter_data/anLi/machine_unlearning/orthogonal-concept-erasure/experiments/sequential_object_followup/outputs/sequential_oce_object_followup_v1,2.99573421216337e-05,0.00011024164268746972,0.00016278712428174913,0.00020434558973647654,0.005659539718180895,0.0018245007377117872,8.36300114315236e-06,0.9917421340942383,1.9997003619209863e-05,0.00023821255308575928
retain_always,W06,dog,a photo of the dog,140,182,images/experiment1_sequential_own_step/retain_always/W06/dog/index_140_seed_182.png,dog,deer,False,0.08436742424964905,delete-after-eval,new_followup_supplement,/home/tslin/Documents/jupyter_data/anLi/machine_unlearning/orthogonal-concept-erasure/experiments/sequential_object_followup/outputs/sequential_oce_object_followup_v1,0.0006893285899423063,0.020928138867020607,0.005664147436618805,0.004816203378140926,0.6017694473266602,0.08436742424964905,0.00011469804303487763,0.24442251026630402,0.0002920226543210447,0.03693600744009018
retain_always,W06,dog,a photo of the dog,141,183,images/experiment1_sequential_own_step/retain_always/W06/dog/index_141_seed_183.png,dog,horse,False,0.07143431156873703,delete-after-eval,new_followup_supplement,/home/tslin/Documents/jupyter_data/anLi/machine_unlearning/orthogonal-concept-erasure/experiments/sequential_object_followup/outputs/sequential_oce_object_followup_v1,0.017192205414175987,0.1300821751356125,0.008598919957876205,0.004901039879769087,0.01996755413711071,0.07143431156873703,0.0009497403516434133,0.5676502585411072,0.0012525744969025254,0.1779712438583374
retain_always,W06,dog,a photo of the dog,142,184,images/experiment1_sequential_own_step/retain_always/W06/dog/index_142_seed_184.png,dog,horse,False,0.1589900702238083,delete-after-eval,new_followup_supplement,/home/tslin/Documents/jupyter_data/anLi/machine_unlearning/orthogonal-concept-erasure/experiments/sequential_object_followup/outputs/sequential_oce_object_followup_v1,0.005690911319106817,0.03931161388754845,0.008134194649755955,0.005816341377794743,0.11143416166305542,0.1589900702238083,0.0035342343617230654,0.6396444439888,0.001377707696519792,0.026066385209560394
retain_always,W06,dog,a photo of the dog,143,185,images/experiment1_sequential_own_step/retain_always/W06/dog/index_143_seed_185.png,dog,horse,False,0.04958789050579071,delete-after-eval,new_followup_supplement,/home/tslin/Documents/jupyter_data/anLi/machine_unlearning/orthogonal-concept-erasure/experiments/sequential_object_followup/outputs/sequential_oce_object_followup_v1,3.5493605537340045e-05,0.0002840039669536054,0.00117120414506644,0.009783542715013027,0.3267872929573059,0.04958789050579071,0.0003710877208504826,0.610763669013977,7.908316183602437e-05,0.0011367907281965017
retain_always,W06,dog,a photo of the dog,144,186,images/experiment1_sequential_own_step/retain_always/W06/dog/index_144_seed_186.png,dog,deer,False,0.3659926652908325,delete-after-eval,new_followup_supplement,/home/tslin/Documents/jupyter_data/anLi/machine_unlearning/orthogonal-concept-erasure/experiments/sequential_object_followup/outputs/sequential_oce_object_followup_v1,3.440996806602925e-05,0.0005954001098871231,0.0012097145663574338,0.006736599374562502,0.5945487022399902,0.3659926652908325,0.0001163945416919887,0.029762014746665955,5.597862764261663e-05,0.0009481838205829263
retain_always,W06,dog,a photo of the dog,145,187,images/experiment1_sequential_own_step/retain_always/W06/dog/index_145_seed_187.png,dog,horse,False,0.07044288516044617,delete-after-eval,new_followup_supplement,/home/tslin/Documents/jupyter_data/anLi/machine_unlearning/orthogonal-concept-erasure/experiments/sequential_object_followup/outputs/sequential_oce_object_followup_v1,0.0004181399126537144,0.013444182462990284,0.010661972686648369,0.00619936641305685,0.3776741921901703,0.07044288516044617,5.601616794592701e-05,0.5166203379631042,0.0003978982858825475,0.004084967542439699
retain_always,W06,dog,a photo of the dog,146,188,images/experiment1_sequential_own_step/retain_always/W06/dog/index_146_seed_188.png,dog,horse,False,0.07071772962808609,delete-after-eval,new_followup_supplement,/home/tslin/Documents/jupyter_data/anLi/machine_unlearning/orthogonal-concept-erasure/experiments/sequential_object_followup/outputs/sequential_oce_object_followup_v1,8.60284999362193e-05,0.0030575545970350504,0.001453791162930429,0.003169103292748332,0.20922918617725372,0.07071772962808609,7.465134785888949e-06,0.7114148139953613,0.00017288903472945094,0.0006914592231623828
retain_always,W06,dog,a photo of the dog,147,189,images/experiment1_sequential_own_step/retain_always/W06/dog/index_147_seed_189.png,dog,horse,False,0.001132011180743575,delete-after-eval,new_followup_supplement,/home/tslin/Documents/jupyter_data/anLi/machine_unlearning/orthogonal-concept-erasure/experiments/sequential_object_followup/outputs/sequential_oce_object_followup_v1,2.0894409317406826e-05,8.723507198737934e-05,0.00012141133629484102,0.00010816172289196402,0.0023103817366063595,0.001132011180743575,7.379555313491437e-07,0.99607914686203,4.056456873513525e-06,0.00013601366663351655
retain_always,W06,dog,a photo of the dog,148,190,images/experiment1_sequential_own_step/retain_always/W06/dog/index_148_seed_190.png,dog,dog,True,0.4115150272846222,delete-after-eval,new_followup_supplement,/home/tslin/Documents/jupyter_data/anLi/machine_unlearning/orthogonal-concept-erasure/experiments/sequential_object_followup/outputs/sequential_oce_object_followup_v1,0.001546081737615168,0.0025516897439956665,0.0667218491435051,0.05216909199953079,0.25175952911376953,0.4115150272846222,0.0036016316153109074,0.15458445250988007,0.001381833921186626,0.05416879802942276
retain_always,W06,dog,a photo of the dog,149,191,images/experiment1_sequential_own_step/retain_always/W06/dog/index_149_seed_191.png,dog,deer,False,0.006777625065296888,delete-after-eval,new_followup_supplement,/home/tslin/Documents/jupyter_data/anLi/machine_unlearning/orthogonal-concept-erasure/experiments/sequential_object_followup/outputs/sequential_oce_object_followup_v1,1.685165989329107e-05,0.00015554387937299907,0.0006533396081067622,0.0007863289210945368,0.6474580764770508,0.006777625065296888,3.6732137687067734e-06,0.34387025237083435,1.124210211855825e-05,0.0002671361726243049
retain_always,W06,dog,a photo of the dog,150,192,images/experiment1_sequential_own_step/retain_always/W06/dog/index_150_seed_192.png,dog,deer,False,0.004375305492430925,delete-after-eval,new_followup_supplement,/home/tslin/Documents/jupyter_data/anLi/machine_unlearning/orthogonal-concept-erasure/experiments/sequential_object_followup/outputs/sequential_oce_object_followup_v1,3.2145231671165675e-05,0.00012390899064484984,0.0009385921875946224,0.000705174112226814,0.9810650944709778,0.004375305492430925,2.311266325705219e-05,0.01226520910859108,2.611042327771429e-05,0.00044535723282024264
retain_always,W06,dog,a photo of the dog,151,193,images/experiment1_sequential_own_step/retain_always/W06/dog/index_151_seed_193.png,dog,horse,False,0.0013409495586529374,delete-after-eval,new_followup_supplement,/home/tslin/Documents/jupyter_data/anLi/machine_unlearning/orthogonal-concept-erasure/experiments/sequential_object_followup/outputs/sequential_oce_object_followup_v1,3.0918583888706053e-06,0.00010274355008732527,0.00011389563587727025,0.00020653122919611633,0.009015189483761787,0.0013409495586529374,2.4148914690158563e-06,0.989051878452301,8.900668035494164e-06,0.0001543481630505994
retain_always,W06,dog,a photo of the dog,152,194,images/experiment1_sequential_own_step/retain_always/W06/dog/index_152_seed_194.png,dog,horse,False,0.004036398138850927,delete-after-eval,new_followup_supplement,/home/tslin/Documents/jupyter_data/anLi/machine_unlearning/orthogonal-concept-erasure/experiments/sequential_object_followup/outputs/sequential_oce_object_followup_v1,2.5319632186437957e-06,0.0003674164181575179,0.00021356290380936116,0.0004715894174296409,0.0006791275809518993,0.004036398138850927,1.732435180201719e-06,0.994183361530304,2.1008907424402423e-05,2.329385097254999e-05
retain_always,W06,dog,a photo of the dog,153,195,images/experiment1_sequential_own_step/retain_always/W06/dog/index_153_seed_195.png,dog,deer,False,0.0423700325191021,delete-after-eval,new_followup_supplement,/home/tslin/Documents/jupyter_data/anLi/machine_unlearning/orthogonal-concept-erasure/experiments/sequential_object_followup/outputs/sequential_oce_object_followup_v1,0.00045935731031931937,0.0017280698521062732,0.0015709905419498682,0.003924321848899126,0.9187532067298889,0.0423700325191021,0.00023524944845121354,0.022848809137940407,0.0005797413759864867,0.007530268747359514
retain_always,W06,dog,a photo of the dog,154,196,images/experiment1_sequential_own_step/retain_always/W06/dog/index_154_seed_196.png,dog,deer,False,0.0013763332972303033,delete-after-eval,new_followup_supplement,/home/tslin/Documents/jupyter_data/anLi/machine_unlearning/orthogonal-concept-erasure/experiments/sequential_object_followup/outputs/sequential_oce_object_followup_v1,4.312175406084862e-06,0.0004932654555886984,0.000177486683242023,4.052623989991844e-05,0.9659931063652039,0.0013763332972303033,2.031797976087546e-06,0.03145452216267586,4.495359462453052e-06,0.0004539176297839731
retain_always,W06,dog,a photo of the dog,155,197,images/experiment1_sequential_own_step/retain_always/W06/dog/index_155_seed_197.png,dog,dog,True,0.4344177842140198,delete-after-eval,new_followup_supplement,/home/tslin/Documents/jupyter_data/anLi/machine_unlearning/orthogonal-concept-erasure/experiments/sequential_object_followup/outputs/sequential_oce_object_followup_v1,0.0017043498810380697,0.003571375273168087,0.023324476554989815,0.09932732582092285,0.16513660550117493,0.4344177842140198,0.0016688108444213867,0.2555008828639984,0.003027243074029684,0.01232115738093853
retain_always,W06,dog,a photo of the dog,156,198,images/experiment1_sequential_own_step/retain_always/W06/dog/index_156_seed_198.png,dog,horse,False,0.017317986115813255,delete-after-eval,new_followup_supplement,/home/tslin/Documents/jupyter_data/anLi/machine_unlearning/orthogonal-concept-erasure/experiments/sequential_object_followup/outputs/sequential_oce_object_followup_v1,2.0190980649203993e-05,9.406569006387144e-05,0.0001489861315349117,0.0016182143008336425,0.04726545140147209,0.017317986115813255,8.9759423644864e-06,0.9333313703536987,2.6637508199200965e-05,0.0001680635759839788
retain_always,W06,dog,a photo of the dog,157,199,images/experiment1_sequential_own_step/retain_always/W06/dog/index_157_seed_199.png,dog,horse,False,0.13457542657852173,delete-after-eval,new_followup_supplement,/home/tslin/Documents/jupyter_data/anLi/machine_unlearning/orthogonal-concept-erasure/experiments/sequential_object_followup/outputs/sequential_oce_object_followup_v1,0.0010979485232383013,0.002194746630266309,0.002133845118805766,0.0045887501910328865,0.34411874413490295,0.13457542657852173,0.0001333035179413855,0.5044867992401123,0.00022951693972572684,0.006440895609557629
retain_always,W06,dog,a photo of the dog,158,200,images/experiment1_sequential_own_step/retain_always/W06/dog/index_158_seed_200.png,dog,horse,False,0.02005610801279545,delete-after-eval,new_followup_supplement,/home/tslin/Documents/jupyter_data/anLi/machine_unlearning/orthogonal-concept-erasure/experiments/sequential_object_followup/outputs/sequential_oce_object_followup_v1,3.970069519709796e-05,0.0003022161254193634,0.00027972288080491126,0.0008719264878891408,0.005352231673896313,0.02005610801279545,9.135406435234472e-05,0.9723347425460815,8.714754221728072e-05,0.0005848313448950648
retain_always,W06,dog,a photo of the dog,159,201,images/experiment1_sequential_own_step/retain_always/W06/dog/index_159_seed_201.png,dog,deer,False,0.009558592922985554,delete-after-eval,new_followup_supplement,/home/tslin/Documents/jupyter_data/anLi/machine_unlearning/orthogonal-concept-erasure/experiments/sequential_object_followup/outputs/sequential_oce_object_followup_v1,0.00013920314086135477,0.022561419755220413,0.0016611958853900433,0.0018328131409361959,0.6919347047805786,0.009558592922985554,5.239190431893803e-05,0.25648725032806396,0.00014240453310776502,0.015629926696419716
retain_always,W06,dog,a photo of the dog,160,202,images/experiment1_sequential_own_step/retain_always/W06/dog/index_160_seed_202.png,dog,horse,False,0.00572280352935195,delete-after-eval,new_followup_supplement,/home/tslin/Documents/jupyter_data/anLi/machine_unlearning/orthogonal-concept-erasure/experiments/sequential_object_followup/outputs/sequential_oce_object_followup_v1,9.005951142171398e-06,0.0001507802226115018,0.00016278155089821666,0.00012034048995701596,0.01444073673337698,0.00572280352935195,4.785049895872362e-06,0.9792519211769104,9.811096788325813e-06,0.0001269968197448179
retain_always,W06,dog,a photo of the dog,161,203,images/experiment1_sequential_own_step/retain_always/W06/dog/index_161_seed_203.png,dog,horse,False,0.010122878476977348,delete-after-eval,new_followup_supplement,/home/tslin/Documents/jupyter_data/anLi/machine_unlearning/orthogonal-concept-erasure/experiments/sequential_object_followup/outputs/sequential_oce_object_followup_v1,8.562146831536666e-05,0.0007688102195970714,0.0019151888554915786,0.001696012681350112,0.04044964164495468,0.010122878476977348,5.890353713766672e-05,0.9439062476158142,8.530767081538215e-05,0.0009113632258959115
retain_always,W06,dog,a photo of the dog,162,204,images/experiment1_sequential_own_step/retain_always/W06/dog/index_162_seed_204.png,dog,deer,False,0.06473056972026825,delete-after-eval,new_followup_supplement,/home/tslin/Documents/jupyter_data/anLi/machine_unlearning/orthogonal-concept-erasure/experiments/sequential_object_followup/outputs/sequential_oce_object_followup_v1,0.0002686962252482772,0.0016721072606742382,0.004058250226080418,0.011087325401604176,0.8808526396751404,0.06473056972026825,0.0001006531310849823,0.033631838858127594,0.0003753924975171685,0.0032225733157247305
retain_always,W06,dog,a photo of the dog,163,205,images/experiment1_sequential_own_step/retain_always/W06/dog/index_163_seed_205.png,dog,horse,False,0.009401875548064709,delete-after-eval,new_followup_supplement,/home/tslin/Documents/jupyter_data/anLi/machine_unlearning/orthogonal-concept-erasure/experiments/sequential_object_followup/outputs/sequential_oce_object_followup_v1,0.00017385344835929573,0.0017204878386110067,0.0007744026370346546,0.00041637237882241607,0.18260382115840912,0.009401875548064709,7.318072221096372e-06,0.8018440008163452,0.00011031128087779507,0.0029475160408765078
retain_always,W06,dog,a photo of the dog,164,206,images/experiment1_sequential_own_step/retain_always/W06/dog/index_164_seed_206.png,dog,deer,False,0.0529676154255867,delete-after-eval,new_followup_supplement,/home/tslin/Documents/jupyter_data/anLi/machine_unlearning/orthogonal-concept-erasure/experiments/sequential_object_followup/outputs/sequential_oce_object_followup_v1,0.00024358047812711447,0.0014370859134942293,0.004305963404476643,0.0055260565131902695,0.746597409248352,0.0529676154255867,0.00020929574384354055,0.18543843924999237,0.00013124753604643047,0.0031433715485036373
retain_always,W06,dog,a photo of the dog,165,207,images/experiment1_sequential_own_step/retain_always/W06/dog/index_165_seed_207.png,dog,deer,False,0.02076401375234127,delete-after-eval,new_followup_supplement,/home/tslin/Documents/jupyter_data/anLi/machine_unlearning/orthogonal-concept-erasure/experiments/sequential_object_followup/outputs/sequential_oce_object_followup_v1,8.592403901275247e-06,4.739932046504691e-05,0.0002832909522112459,0.0004316203994676471,0.9699515104293823,0.02076401375234127,0.00017214645049534738,0.008147621527314186,5.457217412185855e-06,0.00018828388419933617
retain_always,W06,dog,a photo of the dog,166,208,images/experiment1_sequential_own_step/retain_always/W06/dog/index_166_seed_208.png,dog,deer,False,0.01990836299955845,delete-after-eval,new_followup_supplement,/home/tslin/Documents/jupyter_data/anLi/machine_unlearning/orthogonal-concept-erasure/experiments/sequential_object_followup/outputs/sequential_oce_object_followup_v1,6.905249756528065e-05,0.0031148423440754414,0.0005125679890625179,0.001208332134410739,0.803296685218811,0.01990836299955845,8.832403545966372e-05,0.16558381915092468,5.275719377095811e-05,0.0061652883887290955
retain_always,W06,dog,a photo of the dog,167,209,images/experiment1_sequential_own_step/retain_always/W06/dog/index_167_seed_209.png,dog,dog,True,0.7866523861885071,delete-after-eval,new_followup_supplement,/home/tslin/Documents/jupyter_data/anLi/machine_unlearning/orthogonal-concept-erasure/experiments/sequential_object_followup/outputs/sequential_oce_object_followup_v1,0.00014528981409966946,0.0006022922461852431,0.0028386975172907114,0.006171708926558495,0.13637208938598633,0.7866523861885071,0.0057577695697546005,0.06032298505306244,4.6507524530170485e-05,0.001090254751034081
retain_always,W06,dog,a photo of the dog,168,210,images/experiment1_sequential_own_step/retain_always/W06/dog/index_168_seed_210.png,dog,horse,False,0.06585319340229034,delete-after-eval,new_followup_supplement,/home/tslin/Documents/jupyter_data/anLi/machine_unlearning/orthogonal-concept-erasure/experiments/sequential_object_followup/outputs/sequential_oce_object_followup_v1,0.00041953835170716047,0.01578262448310852,0.0017835880862548947,0.004298703745007515,0.008486008271574974,0.06585319340229034,3.304695928818546e-05,0.8867692351341248,0.0014609541976824403,0.015113119967281818
retain_always,W06,dog,a photo of the dog,169,211,images/experiment1_sequential_own_step/retain_always/W06/dog/index_169_seed_211.png,dog,deer,False,0.04042499512434006,delete-after-eval,new_followup_supplement,/home/tslin/Documents/jupyter_data/anLi/machine_unlearning/orthogonal-concept-erasure/experiments/sequential_object_followup/outputs/sequential_oce_object_followup_v1,0.00019762743613682687,0.0015040793223306537,0.001895829802379012,0.0018010467756539583,0.7101675271987915,0.04042499512434006,9.74251906882273e-06,0.24163247644901276,0.00017311472038272768,0.002193583408370614
retain_always,W06,dog,a photo of the dog,170,212,images/experiment1_sequential_own_step/retain_always/W06/dog/index_170_seed_212.png,dog,horse,False,0.0057105435989797115,delete-after-eval,new_followup_supplement,/home/tslin/Documents/jupyter_data/anLi/machine_unlearning/orthogonal-concept-erasure/experiments/sequential_object_followup/outputs/sequential_oce_object_followup_v1,1.2105909263482317e-05,2.2850703317089938e-05,6.177944305818528e-05,0.0001750729134073481,0.004455220885574818,0.0057105435989797115,9.575981039233739e-07,0.9895177483558655,1.509317007730715e-05,2.8677663067355752e-05
retain_always,W06,dog,a photo of the dog,171,213,images/experiment1_sequential_own_step/retain_always/W06/dog/index_171_seed_213.png,dog,deer,False,0.011984995566308498,delete-after-eval,new_followup_supplement,/home/tslin/Documents/jupyter_data/anLi/machine_unlearning/orthogonal-concept-erasure/experiments/sequential_object_followup/outputs/sequential_oce_object_followup_v1,0.0001177008671220392,0.0020495071075856686,0.0018146272050216794,0.001279702177271247,0.7842274308204651,0.011984995566308498,0.0016889942344278097,0.19570772349834442,0.00022979533241596073,0.0008995743119157851
retain_always,W06,dog,a photo of the dog,172,214,images/experiment1_sequential_own_step/retain_always/W06/dog/index_172_seed_214.png,dog,horse,False,0.009589891880750656,delete-after-eval,new_followup_supplement,/home/tslin/Documents/jupyter_data/anLi/machine_unlearning/orthogonal-concept-erasure/experiments/sequential_object_followup/outputs/sequential_oce_object_followup_v1,1.3909264453104697e-05,0.00024237504112534225,0.0001742807507980615,0.0010344487382099032,0.0092694703489542,0.009589891880750656,3.483661203063093e-05,0.9788318872451782,4.23330238845665e-05,0.0007665714947506785
retain_always,W06,dog,a photo of the dog,173,215,images/experiment1_sequential_own_step/retain_always/W06/dog/index_173_seed_215.png,dog,deer,False,0.016527697443962097,delete-after-eval,new_followup_supplement,/home/tslin/Documents/jupyter_data/anLi/machine_unlearning/orthogonal-concept-erasure/experiments/sequential_object_followup/outputs/sequential_oce_object_followup_v1,3.9776739868102595e-05,0.0010489278938621283,0.003443838329985738,0.002382139675319195,0.5501196980476379,0.016527697443962097,2.522573595342692e-05,0.4250987470149994,0.00011273262498434633,0.0012011324288323522
retain_always,W06,dog,a photo of the dog,174,216,images/experiment1_sequential_own_step/retain_always/W06/dog/index_174_seed_216.png,dog,horse,False,0.04810279980301857,delete-after-eval,new_followup_supplement,/home/tslin/Documents/jupyter_data/anLi/machine_unlearning/orthogonal-concept-erasure/experiments/sequential_object_followup/outputs/sequential_oce_object_followup_v1,9.130330727202818e-05,0.0005963201983831823,0.0010751908412203193,0.003884589532390237,0.1720706671476364,0.04810279980301857,0.00014446122804656625,0.7734636664390564,5.176748527446762e-05,0.000519245455507189
retain_always,W06,dog,a photo of the dog,175,217,images/experiment1_sequential_own_step/retain_always/W06/dog/index_175_seed_217.png,dog,horse,False,0.0932207927107811,delete-after-eval,new_followup_supplement,/home/tslin/Documents/jupyter_data/anLi/machine_unlearning/orthogonal-concept-erasure/experiments/sequential_object_followup/outputs/sequential_oce_object_followup_v1,0.002227228367701173,0.0021525199990719557,0.008456851355731487,0.009487641043961048,0.17079278826713562,0.0932207927107811,0.00027359696105122566,0.7090420126914978,0.0012868910562247038,0.003059767885133624
retain_always,W06,dog,a photo of the dog,176,218,images/experiment1_sequential_own_step/retain_always/W06/dog/index_176_seed_218.png,dog,deer,False,0.05632524937391281,delete-after-eval,new_followup_supplement,/home/tslin/Documents/jupyter_data/anLi/machine_unlearning/orthogonal-concept-erasure/experiments/sequential_object_followup/outputs/sequential_oce_object_followup_v1,1.887974030978512e-05,2.03513955057133e-05,0.0001466222747694701,0.001386557356454432,0.9295541644096375,0.05632524937391281,1.174514545709826e-05,0.012369499541819096,1.5644991435692646e-05,0.0001512762828497216
retain_always,W06,dog,a photo of the dog,177,219,images/experiment1_sequential_own_step/retain_always/W06/dog/index_177_seed_219.png,dog,horse,False,0.019410060718655586,delete-after-eval,new_followup_supplement,/home/tslin/Documents/jupyter_data/anLi/machine_unlearning/orthogonal-concept-erasure/experiments/sequential_object_followup/outputs/sequential_oce_object_followup_v1,5.777162732556462e-05,0.0005120306159369648,0.0006684866384603083,0.0014423169195652008,0.10436791181564331,0.019410060718655586,7.726315743639134e-06,0.8727724552154541,7.200870459200814e-05,0.0006891873199492693
retain_always,W06,dog,a photo of the dog,178,220,images/experiment1_sequential_own_step/retain_always/W06/dog/index_178_seed_220.png,dog,deer,False,0.009438975714147091,delete-after-eval,new_followup_supplement,/home/tslin/Documents/jupyter_data/anLi/machine_unlearning/orthogonal-concept-erasure/experiments/sequential_object_followup/outputs/sequential_oce_object_followup_v1,4.721326695289463e-05,0.00102012709248811,0.0006832043873146176,0.0013297050027176738,0.5234452486038208,0.009438975714147091,5.732354475185275e-05,0.46264421939849854,9.216339094564319e-05,0.0012417782563716173
retain_always,W06,dog,a photo of the dog,179,221,images/experiment1_sequential_own_step/retain_always/W06/dog/index_179_seed_221.png,dog,deer,False,0.0328470841050148,delete-after-eval,new_followup_supplement,/home/tslin/Documents/jupyter_data/anLi/machine_unlearning/orthogonal-concept-erasure/experiments/sequential_object_followup/outputs/sequential_oce_object_followup_v1,3.0060720746405423e-05,0.00038551955367438495,0.00029929037555120885,0.0004823228809982538,0.7549355626106262,0.0328470841050148,7.996538624865934e-05,0.20957326889038086,4.470123894861899e-05,0.001322164200246334
retain_always,W06,dog,a photo of the dog,180,222,images/experiment1_sequential_own_step/retain_always/W06/dog/index_180_seed_222.png,dog,deer,False,0.014001607894897461,delete-after-eval,new_followup_supplement,/home/tslin/Documents/jupyter_data/anLi/machine_unlearning/orthogonal-concept-erasure/experiments/sequential_object_followup/outputs/sequential_oce_object_followup_v1,4.315834758017445e-06,3.437205305090174e-05,0.00013903051149100065,0.00013000362378079444,0.9825625419616699,0.014001607894897461,1.3731661056226585e-05,0.003039157949388027,3.288139623691677e-06,7.195754733402282e-05
retain_always,W06,dog,a photo of the dog,181,223,images/experiment1_sequential_own_step/retain_always/W06/dog/index_181_seed_223.png,dog,horse,False,0.0225375983864069,delete-after-eval,new_followup_supplement,/home/tslin/Documents/jupyter_data/anLi/machine_unlearning/orthogonal-concept-erasure/experiments/sequential_object_followup/outputs/sequential_oce_object_followup_v1,0.001107427291572094,0.003393569029867649,0.003447239985689521,0.001517802127636969,0.036894310265779495,0.0225375983864069,4.275198807590641e-05,0.9223278760910034,0.0008310558623634279,0.007900464348495007
retain_always,W06,dog,a photo of the dog,182,224,images/experiment1_sequential_own_step/retain_always/W06/dog/index_182_seed_224.png,dog,horse,False,0.063299261033535,delete-after-eval,new_followup_supplement,/home/tslin/Documents/jupyter_data/anLi/machine_unlearning/orthogonal-concept-erasure/experiments/sequential_object_followup/outputs/sequential_oce_object_followup_v1,0.0022162047680467367,0.0042318738996982574,0.014955124817788601,0.00819945428520441,0.07771669328212738,0.063299261033535,0.003216996556147933,0.823854386806488,0.0005387308774515986,0.001771282171830535
retain_always,W06,dog,a photo of the dog,183,225,images/experiment1_sequential_own_step/retain_always/W06/dog/index_183_seed_225.png,dog,horse,False,0.30254265666007996,delete-after-eval,new_followup_supplement,/home/tslin/Documents/jupyter_data/anLi/machine_unlearning/orthogonal-concept-erasure/experiments/sequential_object_followup/outputs/sequential_oce_object_followup_v1,0.0002794511092361063,0.00043579540215432644,0.0010778491850942373,0.00636691739782691,0.24255934357643127,0.30254265666007996,0.00037726963637396693,0.44418543577194214,6.459421274485067e-05,0.0021106363274157047
retain_always,W06,dog,a photo of the dog,184,226,images/experiment1_sequential_own_step/retain_always/W06/dog/index_184_seed_226.png,dog,horse,False,0.06182381138205528,delete-after-eval,new_followup_supplement,/home/tslin/Documents/jupyter_data/anLi/machine_unlearning/orthogonal-concept-erasure/experiments/sequential_object_followup/outputs/sequential_oce_object_followup_v1,0.00011715868458850309,0.010145284235477448,0.000597725564148277,0.003130979835987091,0.049185339361429214,0.06182381138205528,3.5119624953949824e-05,0.8694961071014404,6.633817247347906e-05,0.0054021249525249004
retain_always,W06,dog,a photo of the dog,185,227,images/experiment1_sequential_own_step/retain_always/W06/dog/index_185_seed_227.png,dog,horse,False,0.020090751349925995,delete-after-eval,new_followup_supplement,/home/tslin/Documents/jupyter_data/anLi/machine_unlearning/orthogonal-concept-erasure/experiments/sequential_object_followup/outputs/sequential_oce_object_followup_v1,0.00023817733745090663,0.0012114598648622632,0.001246592029929161,0.0014765521045774221,0.31130775809288025,0.020090751349925995,2.6761519620777108e-05,0.6623187065124512,0.0001870798587333411,0.0018962089670822024
retain_always,W06,dog,a photo of the dog,186,228,images/experiment1_sequential_own_step/retain_always/W06/dog/index_186_seed_228.png,dog,horse,False,0.08245924860239029,delete-after-eval,new_followup_supplement,/home/tslin/Documents/jupyter_data/anLi/machine_unlearning/orthogonal-concept-erasure/experiments/sequential_object_followup/outputs/sequential_oce_object_followup_v1,6.153620779514313e-05,0.0007676267414353788,0.0001493417948950082,0.0020854203030467033,0.09728627651929855,0.08245924860239029,4.265278039383702e-05,0.8164548277854919,9.583669452695176e-05,0.0005971604841761291
retain_always,W06,dog,a photo of the dog,187,229,images/experiment1_sequential_own_step/retain_always/W06/dog/index_187_seed_229.png,dog,horse,False,0.0029663369059562683,delete-after-eval,new_followup_supplement,/home/tslin/Documents/jupyter_data/anLi/machine_unlearning/orthogonal-concept-erasure/experiments/sequential_object_followup/outputs/sequential_oce_object_followup_v1,6.4204350564978085e-06,5.989690907881595e-05,0.00018698311760090292,0.0001308598293690011,0.0007231526542454958,0.0029663369059562683,4.0666859604243655e-06,0.9957969188690186,1.1209329386474565e-05,0.00011416844790801406
retain_always,W06,dog,a photo of the dog,188,230,images/experiment1_sequential_own_step/retain_always/W06/dog/index_188_seed_230.png,dog,horse,False,0.009888550266623497,delete-after-eval,new_followup_supplement,/home/tslin/Documents/jupyter_data/anLi/machine_unlearning/orthogonal-concept-erasure/experiments/sequential_object_followup/outputs/sequential_oce_object_followup_v1,2.3988261091290042e-05,0.0005126988980919123,0.0009593580034561455,0.0012072838144376874,0.02861843630671501,0.009888550266623497,6.960652171983384e-06,0.958465039730072,3.7023019103799015e-05,0.0002805754484143108
retain_always,W06,dog,a photo of the dog,189,231,images/experiment1_sequential_own_step/retain_always/W06/dog/index_189_seed_231.png,dog,deer,False,0.01383902132511139,delete-after-eval,new_followup_supplement,/home/tslin/Documents/jupyter_data/anLi/machine_unlearning/orthogonal-concept-erasure/experiments/sequential_object_followup/outputs/sequential_oce_object_followup_v1,0.00014447355351876467,0.0003863674064632505,0.010184907354414463,0.0007018650649115443,0.4898544251918793,0.01383902132511139,1.7793470760807395e-05,0.483259916305542,0.00010381873289588839,0.0015073741087689996
retain_always,W06,dog,a photo of the dog,190,232,images/experiment1_sequential_own_step/retain_always/W06/dog/index_190_seed_232.png,dog,horse,False,0.002257830463349819,delete-after-eval,new_followup_supplement,/home/tslin/Documents/jupyter_data/anLi/machine_unlearning/orthogonal-concept-erasure/experiments/sequential_object_followup/outputs/sequential_oce_object_followup_v1,2.3493241315009072e-05,0.0003720430249813944,5.9989572037011385e-05,0.00021609794930554926,0.004578400403261185,0.002257830463349819,4.857552085013594e-07,0.99196857213974,1.4792235560889821e-05,0.0005082509596832097
retain_always,W06,dog,a photo of the dog,191,233,images/experiment1_sequential_own_step/retain_always/W06/dog/index_191_seed_233.png,dog,horse,False,0.01204846240580082,delete-after-eval,new_followup_supplement,/home/tslin/Documents/jupyter_data/anLi/machine_unlearning/orthogonal-concept-erasure/experiments/sequential_object_followup/outputs/sequential_oce_object_followup_v1,3.9614584238734096e-05,0.0004208307364024222,0.0002852663747034967,0.0004816379805561155,0.029778113588690758,0.01204846240580082,1.3892295100959018e-05,0.956348717212677,5.186285125091672e-05,0.0005315904272720218
retain_always,W06,dog,a photo of the dog,192,234,images/experiment1_sequential_own_step/retain_always/W06/dog/index_192_seed_234.png,dog,horse,False,0.0047013526782393456,delete-after-eval,new_followup_supplement,/home/tslin/Documents/jupyter_data/anLi/machine_unlearning/orthogonal-concept-erasure/experiments/sequential_object_followup/outputs/sequential_oce_object_followup_v1,2.9240594813018106e-05,0.0003574068541638553,0.0008036334766075015,0.0006767659215256572,0.001827696803957224,0.0047013526782393456,1.831253257478238e-06,0.9912080764770508,6.832244980614632e-05,0.0003257760254200548
retain_always,W06,dog,a photo of the dog,193,235,images/experiment1_sequential_own_step/retain_always/W06/dog/index_193_seed_235.png,dog,horse,False,0.008934756740927696,delete-after-eval,new_followup_supplement,/home/tslin/Documents/jupyter_data/anLi/machine_unlearning/orthogonal-concept-erasure/experiments/sequential_object_followup/outputs/sequential_oce_object_followup_v1,3.6051133065484464e-05,0.0030815093778073788,0.0010673223296180367,0.0010149129666388035,0.46955469250679016,0.008934756740927696,2.568574473116314e-06,0.5148940682411194,2.9646031180163845e-05,0.0013844037894159555
retain_always,W06,dog,a photo of the dog,194,236,images/experiment1_sequential_own_step/retain_always/W06/dog/index_194_seed_236.png,dog,horse,False,0.04287968948483467,delete-after-eval,new_followup_supplement,/home/tslin/Documents/jupyter_data/anLi/machine_unlearning/orthogonal-concept-erasure/experiments/sequential_object_followup/outputs/sequential_oce_object_followup_v1,0.001225917600095272,0.0023071698378771544,0.005605131853371859,0.007617128547281027,0.4525269567966461,0.04287968948483467,0.00025354904937557876,0.4807422459125519,0.0005410702433437109,0.006301225628703833
retain_always,W06,dog,a photo of the dog,195,237,images/experiment1_sequential_own_step/retain_always/W06/dog/index_195_seed_237.png,dog,dog,True,0.861413836479187,delete-after-eval,new_followup_supplement,/home/tslin/Documents/jupyter_data/anLi/machine_unlearning/orthogonal-concept-erasure/experiments/sequential_object_followup/outputs/sequential_oce_object_followup_v1,5.840435187565163e-05,0.0005953733343631029,0.0007651952328160405,0.008525666780769825,0.11027337610721588,0.861413836479187,0.009500951506197453,0.0077994996681809425,3.7474655982805416e-05,0.0010301502188667655
retain_always,W06,dog,a photo of the dog,196,238,images/experiment1_sequential_own_step/retain_always/W06/dog/index_196_seed_238.png,dog,horse,False,0.03195881098508835,delete-after-eval,new_followup_supplement,/home/tslin/Documents/jupyter_data/anLi/machine_unlearning/orthogonal-concept-erasure/experiments/sequential_object_followup/outputs/sequential_oce_object_followup_v1,3.5683053283719346e-05,0.0005470446776598692,0.0008338190382346511,0.0033692950382828712,0.24189536273479462,0.03195881098508835,2.1831467165611684e-05,0.7201606631278992,0.00015786678704898804,0.001019632676616311
retain_always,W06,dog,a photo of the dog,197,239,images/experiment1_sequential_own_step/retain_always/W06/dog/index_197_seed_239.png,dog,horse,False,0.01001922320574522,delete-after-eval,new_followup_supplement,/home/tslin/Documents/jupyter_data/anLi/machine_unlearning/orthogonal-concept-erasure/experiments/sequential_object_followup/outputs/sequential_oce_object_followup_v1,0.0003931305545847863,0.004366751294583082,0.0009009375353343785,0.0009197589242830873,0.012761364690959454,0.01001922320574522,1.0280613423674367e-05,0.9689086675643921,0.0003617304319050163,0.0013581416569650173
retain_always,W06,dog,a photo of the dog,198,240,images/experiment1_sequential_own_step/retain_always/W06/dog/index_198_seed_240.png,dog,horse,False,0.17709623277187347,delete-after-eval,new_followup_supplement,/home/tslin/Documents/jupyter_data/anLi/machine_unlearning/orthogonal-concept-erasure/experiments/sequential_object_followup/outputs/sequential_oce_object_followup_v1,0.0004410127585288137,0.007306497544050217,0.0013684137957170606,0.012526417151093483,0.013626116327941418,0.17709623277187347,0.00019566051196306944,0.7802488207817078,0.0007215807563625276,0.00646921107545495
retain_always,W06,dog,a photo of the dog,199,241,images/experiment1_sequential_own_step/retain_always/W06/dog/index_199_seed_241.png,dog,dog,True,0.40756362676620483,delete-after-eval,new_followup_supplement,/home/tslin/Documents/jupyter_data/anLi/machine_unlearning/orthogonal-concept-erasure/experiments/sequential_object_followup/outputs/sequential_oce_object_followup_v1,0.004414506256580353,0.009040874429047108,0.0015633620787411928,0.01928464137017727,0.14337369799613953,0.40756362676620483,0.001860849210061133,0.4005628526210785,0.0010086242109537125,0.011326956562697887
