group,checkpoint,concept,prompt,sample_index,seed,image_path,expected_label,predicted_label,correct,expected_probability,image_retention,prob_airplane,prob_automobile,prob_bird,prob_cat,prob_deer,prob_dog,prob_frog,prob_horse,prob_ship,prob_truck,prob_elephant
retain_once,W07,elephant,a photo of the elephant,0,42,images/retain_once/W07/elephant/index_000_seed_42.png,elephant,elephant,True,0.9996169805526733,delete-after-eval,3.6221595109964255e-06,0.00013226541341282427,9.7063893917948e-06,4.016099865111755e-06,3.7004683690611273e-06,3.174333323840983e-05,2.26304663897281e-07,0.00016855292778927833,7.646029189345427e-06,2.1546933567151427e-05,0.9996169805526733
retain_once,W07,elephant,a photo of the elephant,1,43,images/retain_once/W07/elephant/index_001_seed_43.png,elephant,elephant,True,0.9998189806938171,delete-after-eval,4.8088149924296886e-06,4.550917583401315e-05,7.817114237695932e-06,2.3408372271660483e-06,2.816219875967363e-06,2.000400490942411e-05,2.1339792510843836e-07,8.033785707084462e-05,7.698592526139691e-06,9.331194632977713e-06,0.9998189806938171
retain_once,W07,elephant,a photo of the elephant,2,44,images/retain_once/W07/elephant/index_002_seed_44.png,elephant,elephant,True,0.9996123909950256,delete-after-eval,3.6930125588696683e-06,9.804742876440287e-05,1.503026760474313e-05,6.809184014855418e-06,6.5048952819779515e-06,6.345286965370178e-05,1.753880496835336e-06,0.00017174152890220284,8.041702130867634e-06,1.2551913641800638e-05,0.9996123909950256
retain_once,W07,elephant,a photo of the elephant,3,45,images/retain_once/W07/elephant/index_003_seed_45.png,elephant,elephant,True,0.9996121525764465,delete-after-eval,4.587724106386304e-06,4.854467260884121e-05,1.0624199603626039e-05,4.843153419642476e-06,9.887235137284733e-06,5.633331966237165e-05,6.613978484892868e-07,0.00023293956473935395,9.574577234161552e-06,9.872781447484158e-06,0.9996121525764465
retain_once,W07,elephant,a photo of the elephant,4,46,images/retain_once/W07/elephant/index_004_seed_46.png,elephant,elephant,True,0.9997560381889343,delete-after-eval,4.802729108632775e-06,9.262804815080017e-05,5.000128567189677e-06,3.061692950723227e-06,3.0895635063643567e-06,1.9105986211798154e-05,2.2147862921428896e-07,8.920228719944134e-05,1.1712114428519271e-05,1.521812919236254e-05,0.9997560381889343
retain_once,W07,elephant,a photo of the elephant,5,47,images/retain_once/W07/elephant/index_005_seed_47.png,elephant,elephant,True,0.9996987581253052,delete-after-eval,5.744803274865262e-06,7.165622082538903e-05,6.922395641595358e-06,4.263853043084964e-06,5.303152647684328e-06,2.5812998501351103e-05,7.355283173637872e-07,0.00015565715148113668,1.0313689926988445e-05,1.4944489521440119e-05,0.9996987581253052
retain_once,W07,elephant,a photo of the elephant,6,48,images/retain_once/W07/elephant/index_006_seed_48.png,elephant,elephant,True,0.9997369647026062,delete-after-eval,5.765033620264148e-06,0.00014254784036893398,3.3768224056984764e-06,2.9963930501253344e-06,1.7524138229418895e-06,1.3109942301525734e-05,2.0917984500101738e-07,5.7997451222036034e-05,2.1488158381544054e-05,1.3857717021892313e-05,0.9997369647026062
retain_once,W07,elephant,a photo of the elephant,7,49,images/retain_once/W07/elephant/index_007_seed_49.png,elephant,elephant,True,0.9996727705001831,delete-after-eval,5.123209120938554e-06,0.00013064676022622734,4.1812977542576846e-06,3.874133653880563e-06,2.1574689981207484e-06,2.354578100494109e-05,1.1164332391899734e-07,9.989865066017956e-05,2.796445187414065e-05,2.9731914764852263e-05,0.9996727705001831
retain_once,W07,elephant,a photo of the elephant,8,50,images/retain_once/W07/elephant/index_008_seed_50.png,elephant,elephant,True,0.9989117383956909,delete-after-eval,1.6023317584767938e-05,0.000674454087857157,1.0207658306171652e-05,1.0210093023488298e-05,1.2144758329668548e-05,5.341865471564233e-05,1.0328568578188424e-06,0.00016709198825992644,9.102026524487883e-06,0.00013451441191136837,0.9989117383956909
retain_once,W07,elephant,a photo of the elephant,9,51,images/retain_once/W07/elephant/index_009_seed_51.png,elephant,elephant,True,0.9996752738952637,delete-after-eval,3.0276835332188057e-06,0.0002064013824565336,5.425732069852529e-06,2.513731715225731e-06,1.488717657593952e-06,1.6799454897409305e-05,2.902790470216132e-07,5.28343407495413e-05,9.96345352177741e-06,2.5901905246428214e-05,0.9996752738952637
retain_once,W07,elephant,a photo of the elephant,10,52,images/retain_once/W07/elephant/index_010_seed_52.png,elephant,elephant,True,0.9996802806854248,delete-after-eval,4.301582521293312e-06,0.00015462101146113127,3.915029083145782e-06,5.486795998876914e-06,3.7263180274749175e-06,2.708324791456107e-05,3.2651627179802745e-07,8.320440974785015e-05,1.8117438230547123e-05,1.897058609756641e-05,0.9996802806854248
retain_once,W07,elephant,a photo of the elephant,11,53,images/retain_once/W07/elephant/index_011_seed_53.png,elephant,elephant,True,0.9998732805252075,delete-after-eval,1.5602843177475734e-06,3.523656050674617e-05,5.353228971216595e-06,1.7681584267847938e-06,2.0339891761977924e-06,1.1210138836759143e-05,1.1128745569521925e-07,5.421523019322194e-05,1.724736762298562e-06,1.3467132703226525e-05,0.9998732805252075
retain_once,W07,elephant,a photo of the elephant,12,54,images/retain_once/W07/elephant/index_012_seed_54.png,elephant,elephant,True,0.9996504783630371,delete-after-eval,5.226022494753124e-06,3.180142448400147e-05,2.0954888896085322e-05,1.0520413525227923e-05,1.0626634320942685e-05,6.678696081507951e-05,2.9047444058960536e-06,0.00018879286653827876,6.950081115064677e-06,5.009336746297777e-06,0.9996504783630371
retain_once,W07,elephant,a photo of the elephant,13,55,images/retain_once/W07/elephant/index_013_seed_55.png,elephant,elephant,True,0.9995923638343811,delete-after-eval,4.025833277410129e-06,8.975236414698884e-05,9.84291636996204e-06,5.527455414267024e-06,7.614696187374648e-06,3.6959634599043056e-05,2.364396891607612e-07,0.00022669990721624345,6.898698757140664e-06,2.002515975618735e-05,0.9995923638343811
retain_once,W07,elephant,a photo of the elephant,14,56,images/retain_once/W07/elephant/index_014_seed_56.png,elephant,elephant,True,0.9997979998588562,delete-after-eval,3.88965008824016e-06,7.045399979688227e-05,4.216501565679209e-06,2.6674626951717073e-06,1.4663946785731241e-06,1.68316673807567e-05,1.3180118685340858e-07,7.373256084974855e-05,1.1989880476903636e-05,1.6662184862070717e-05,0.9997979998588562
retain_once,W07,elephant,a photo of the elephant,15,57,images/retain_once/W07/elephant/index_015_seed_57.png,elephant,elephant,True,0.9998759031295776,delete-after-eval,3.006800397997722e-06,3.893578104907647e-05,4.030441232316662e-06,1.8040759641735349e-06,1.2390803476591827e-06,9.592424248694442e-06,1.568807164176178e-07,4.7632649511797354e-05,3.8056016364862444e-06,1.3826585018250626e-05,0.9998759031295776
retain_once,W07,elephant,a photo of the elephant,16,58,images/retain_once/W07/elephant/index_016_seed_58.png,elephant,elephant,True,0.9998530149459839,delete-after-eval,2.6798950329975924e-06,3.916047717211768e-05,3.3192920909641543e-06,1.869744437499321e-06,1.2631949175556656e-06,1.1425556294852868e-05,1.3114377850342862e-07,7.079722126945853e-05,6.817347639298532e-06,9.499983207206242e-06,0.9998530149459839
retain_once,W07,elephant,a photo of the elephant,17,59,images/retain_once/W07/elephant/index_017_seed_59.png,elephant,elephant,True,0.9997637867927551,delete-after-eval,4.025640464533353e-06,3.388508775969967e-05,5.173384124645963e-06,2.3099414647731464e-06,4.361872470326489e-06,2.0104569557588547e-05,3.8280674630186695e-07,0.00015327990695368499,5.928928203502437e-06,6.8917934186174534e-06,0.9997637867927551
retain_once,W07,elephant,a photo of the elephant,18,60,images/retain_once/W07/elephant/index_018_seed_60.png,elephant,elephant,True,0.9997099041938782,delete-after-eval,7.455668310285546e-06,4.061596700921655e-05,1.0143741747015156e-05,5.779310413345229e-06,8.705461368663236e-06,3.698690125020221e-05,5.634737476611917e-07,0.0001580911921337247,1.2905899893667083e-05,8.792418157099746e-06,0.9997099041938782
retain_once,W07,elephant,a photo of the elephant,19,61,images/retain_once/W07/elephant/index_019_seed_61.png,elephant,elephant,True,0.999760091304779,delete-after-eval,2.456121819705004e-06,6.79746299283579e-05,4.962155344401253e-06,2.8250599370949203e-06,6.26398923486704e-06,2.6639463612809777e-05,4.686289685196243e-07,0.00011048807937186211,6.752541594323702e-06,1.0962756277876906e-05,0.999760091304779
retain_once,W07,elephant,a photo of the elephant,20,62,images/retain_once/W07/elephant/index_020_seed_62.png,elephant,elephant,True,0.9994418025016785,delete-after-eval,4.193580934952479e-06,0.00030704340315423906,8.594778591941576e-06,6.000877419864992e-06,5.4411070777860004e-06,4.145493221585639e-05,7.532757422268332e-07,0.00012695242185145617,1.1404118595237378e-05,4.636590529116802e-05,0.9994418025016785
retain_once,W07,elephant,a photo of the elephant,21,63,images/retain_once/W07/elephant/index_021_seed_63.png,elephant,elephant,True,0.9995330572128296,delete-after-eval,1.2542302101792302e-05,0.00016946969844866544,1.1052930858568288e-05,4.54939663541154e-06,3.98187557948404e-06,3.2853266020538285e-05,1.0977522606481216e-06,0.0002016068174270913,8.141671060002409e-06,2.1672354705515318e-05,0.9995330572128296
retain_once,W07,elephant,a photo of the elephant,22,64,images/retain_once/W07/elephant/index_022_seed_64.png,elephant,elephant,True,0.9996919631958008,delete-after-eval,2.647125029398012e-06,7.342541357502341e-05,8.372048796445597e-06,5.663342562911566e-06,4.947650722897379e-06,5.0253758672624826e-05,3.554862928467628e-07,0.00013658929674420506,1.566236278449651e-05,1.021954813040793e-05,0.9996919631958008
retain_once,W07,elephant,a photo of the elephant,23,65,images/retain_once/W07/elephant/index_023_seed_65.png,elephant,elephant,True,0.9996156692504883,delete-after-eval,3.7639888432750013e-06,5.088455873192288e-05,9.810701158130541e-06,6.400489382940577e-06,7.814451237209141e-06,4.888473267783411e-05,9.03135060070781e-07,0.00022337402333505452,1.8831973648048006e-05,1.360712485620752e-05,0.9996156692504883
retain_once,W07,elephant,a photo of the elephant,24,66,images/retain_once/W07/elephant/index_024_seed_66.png,elephant,elephant,True,0.9996751546859741,delete-after-eval,1.9913386495318264e-05,7.353602268267423e-05,2.0007881175843067e-05,5.328130100679118e-06,6.7275432229507715e-06,2.730437699938193e-05,9.275854040424747e-07,0.00012790111941285431,2.0144123482168652e-05,2.2966249161981978e-05,0.9996751546859741
retain_once,W07,elephant,a photo of the elephant,25,67,images/retain_once/W07/elephant/index_025_seed_67.png,elephant,elephant,True,0.9998038411140442,delete-after-eval,2.036040996244992e-06,5.209638402448036e-05,2.8616716463147895e-06,2.976303676405223e-06,2.167333605029853e-06,2.2504627850139514e-05,6.419245579536437e-08,9.154681174550205e-05,8.517388778273016e-06,1.1366265425749589e-05,0.9998038411140442
retain_once,W07,elephant,a photo of the elephant,26,68,images/retain_once/W07/elephant/index_026_seed_68.png,elephant,elephant,True,0.9997825026512146,delete-after-eval,5.1751094360952266e-06,4.8311012506019324e-05,9.07871981326025e-06,2.569758862591698e-06,3.5097316413157387e-06,1.2338478882156778e-05,2.235254044080648e-07,0.00011188021744601429,1.1547412213985808e-05,1.2827809769078158e-05,0.9997825026512146
retain_once,W07,elephant,a photo of the elephant,27,69,images/retain_once/W07/elephant/index_027_seed_69.png,elephant,elephant,True,0.9992008805274963,delete-after-eval,8.994761628855485e-06,0.00032260501757264137,1.219451951328665e-05,9.157693057204597e-06,7.47184003557777e-06,7.128527067834511e-05,8.466683425467636e-07,0.00031512105488218367,1.3539977771870326e-05,3.796649252763018e-05,0.9992008805274963
retain_once,W07,elephant,a photo of the elephant,28,70,images/retain_once/W07/elephant/index_028_seed_70.png,elephant,elephant,True,0.9998408555984497,delete-after-eval,2.028777998930309e-06,4.529799844021909e-05,6.424009825423127e-06,3.6435455967875896e-06,2.5024985461641336e-06,2.3651698938920163e-05,2.1278499673371698e-07,5.8646804973250255e-05,5.302257250150433e-06,1.1291489499853924e-05,0.9998408555984497
retain_once,W07,elephant,a photo of the elephant,29,71,images/retain_once/W07/elephant/index_029_seed_71.png,elephant,elephant,True,0.9995850920677185,delete-after-eval,1.8745640772976913e-05,0.00014487009320873767,1.3014330761507154e-05,6.236095941858366e-06,8.015037565201055e-06,3.162079883622937e-05,9.494634127804602e-07,0.00014280565665103495,1.7174757886095904e-05,3.1519579351879656e-05,0.9995850920677185
retain_once,W07,elephant,a photo of the elephant,30,72,images/retain_once/W07/elephant/index_030_seed_72.png,elephant,elephant,True,0.9995875954627991,delete-after-eval,1.0803865734487772e-05,0.000204007257707417,7.87921544542769e-06,3.5399641546973726e-06,4.221705694362754e-06,2.6744928618427366e-05,9.795124924494303e-07,0.00011290228576399386,9.85088809102308e-06,3.1515326554654166e-05,0.9995875954627991
retain_once,W07,elephant,a photo of the elephant,31,73,images/retain_once/W07/elephant/index_031_seed_73.png,elephant,elephant,True,0.9998304843902588,delete-after-eval,1.8478244783182163e-06,5.206052082940005e-05,4.348407401266741e-06,2.212965682701906e-06,1.6920470216064132e-06,1.1690377505146898e-05,1.6094516297471273e-07,8.097491081571206e-05,4.0089289541356266e-06,1.0658471182978246e-05,0.9998304843902588
retain_once,W07,elephant,a photo of the elephant,32,74,images/retain_once/W07/elephant/index_032_seed_74.png,elephant,elephant,True,0.9998114705085754,delete-after-eval,5.539528501685709e-06,6.391436909325421e-05,3.82909183826996e-06,1.4852785170660354e-06,9.018141895467124e-07,1.148591036326252e-05,1.0862400756650459e-07,6.934571865713224e-05,1.1525325135153253e-05,2.0402132577146403e-05,0.9998114705085754
retain_once,W07,elephant,a photo of the elephant,33,75,images/retain_once/W07/elephant/index_033_seed_75.png,elephant,elephant,True,0.9996744394302368,delete-after-eval,8.748144864512142e-06,9.324851998826489e-05,7.543271749455016e-06,4.921493655274389e-06,4.566724783217069e-06,3.139051841571927e-05,1.0718384828578564e-06,0.00014204524632077664,1.3971526641398668e-05,1.807322223612573e-05,0.9996744394302368
retain_once,W07,elephant,a photo of the elephant,34,76,images/retain_once/W07/elephant/index_034_seed_76.png,elephant,elephant,True,0.9991384744644165,delete-after-eval,3.9177361941256095e-06,0.0006535475258715451,7.860277946747374e-06,4.529111265583197e-06,4.167394308751682e-06,2.1817559172632173e-05,5.345416980162554e-07,7.188347080955282e-05,6.172745997901075e-06,8.710103429621086e-05,0.9991384744644165
retain_once,W07,elephant,a photo of the elephant,35,77,images/retain_once/W07/elephant/index_035_seed_77.png,elephant,elephant,True,0.9988711476325989,delete-after-eval,1.8172135241911747e-05,0.00018383197311777622,2.5910310796462e-05,4.7354358684970066e-05,4.2208790546283126e-05,0.0002710282278712839,1.800947757146787e-05,0.00047321876627393067,3.0329512810567394e-05,1.872889515652787e-05,0.9988711476325989
retain_once,W07,elephant,a photo of the elephant,36,78,images/retain_once/W07/elephant/index_036_seed_78.png,elephant,elephant,True,0.9999129772186279,delete-after-eval,9.835313221628894e-07,4.2638173908926547e-05,2.023386514338199e-06,8.028910656321386e-07,4.5536592097050743e-07,5.301456440065522e-06,1.0723575627480386e-07,2.263442729599774e-05,1.5800555956957396e-06,1.0474035661900416e-05,0.9999129772186279
retain_once,W07,elephant,a photo of the elephant,37,79,images/retain_once/W07/elephant/index_037_seed_79.png,elephant,elephant,True,0.9997932314872742,delete-after-eval,3.479276074358495e-06,4.4730233639711514e-05,6.933898930583382e-06,4.105050265934551e-06,8.932064702094067e-06,2.4444085283903405e-05,3.1505189213021367e-07,0.0001006253733066842,2.712527702897205e-06,1.0517762348172255e-05,0.9997932314872742
retain_once,W07,elephant,a photo of the elephant,38,80,images/retain_once/W07/elephant/index_038_seed_80.png,elephant,elephant,True,0.9998302459716797,delete-after-eval,2.1487364847416757e-06,4.8378609790233895e-05,4.380355221655918e-06,1.7720594769343734e-06,1.8656157863006229e-06,1.316848283750005e-05,1.234912048175829e-07,8.2155987911392e-05,5.681155926140491e-06,1.0048367585113738e-05,0.9998302459716797
retain_once,W07,elephant,a photo of the elephant,39,81,images/retain_once/W07/elephant/index_039_seed_81.png,elephant,elephant,True,0.9997487664222717,delete-after-eval,3.6470826216827845e-06,6.04116685281042e-05,5.5463383432652336e-06,3.625588533395785e-06,3.217262246835162e-06,2.457032496749889e-05,2.248369526114402e-07,0.00013038807082921267,8.135882126225624e-06,1.1393118256819434e-05,0.9997487664222717
retain_once,W07,elephant,a photo of the elephant,40,82,images/retain_once/W07/elephant/index_040_seed_82.png,elephant,elephant,True,0.9989927411079407,delete-after-eval,1.2833381333621219e-05,0.00013912135909777135,1.657244320085738e-05,1.8312210158910602e-05,1.8043578165816143e-05,0.00012622695066966116,8.358564969057625e-07,0.0005996185354888439,2.7467714971862733e-05,4.818923116545193e-05,0.9989927411079407
retain_once,W07,elephant,a photo of the elephant,41,83,images/retain_once/W07/elephant/index_041_seed_83.png,elephant,elephant,True,0.9998581409454346,delete-after-eval,2.747791768342722e-06,2.461837539158296e-05,4.558982254820876e-06,1.4903765759299858e-06,3.5421041957306443e-06,1.31717397380271e-05,2.0724642979530472e-07,7.722252485109493e-05,2.9929519769211765e-06,1.1324620572850108e-05,0.9998581409454346
retain_once,W07,elephant,a photo of the elephant,42,84,images/retain_once/W07/elephant/index_042_seed_84.png,elephant,elephant,True,0.9996650218963623,delete-after-eval,5.19447667102213e-06,4.455828820937313e-05,6.83725056660478e-06,4.101980266568717e-06,5.629556653730106e-06,4.552039536065422e-05,7.905759957793634e-07,0.0002052505878964439,7.5938701229461e-06,9.405819582752883e-06,0.9996650218963623
retain_once,W07,elephant,a photo of the elephant,43,85,images/retain_once/W07/elephant/index_043_seed_85.png,elephant,elephant,True,0.9998266100883484,delete-after-eval,1.2439658121365937e-06,6.388986366800964e-05,7.049065516184783e-06,2.0380182377266465e-06,1.6972863932096516e-06,1.7721215044730343e-05,1.3693032485662116e-07,6.425293395295739e-05,3.5374016533751274e-06,1.1876080861839e-05,0.9998266100883484
retain_once,W07,elephant,a photo of the elephant,44,86,images/retain_once/W07/elephant/index_044_seed_86.png,elephant,elephant,True,0.9997262358665466,delete-after-eval,6.860936537123052e-06,7.554566400358453e-05,7.207678663689876e-06,3.1883441806712653e-06,2.3123011487768963e-06,2.6968969905283302e-05,4.276111553735973e-07,0.00012026817421428859,1.5727022400824353e-05,1.522795355413109e-05,0.9997262358665466
retain_once,W07,elephant,a photo of the elephant,45,87,images/retain_once/W07/elephant/index_045_seed_87.png,elephant,elephant,True,0.9996873140335083,delete-after-eval,4.5978631533216685e-06,0.00011115195957245305,7.5324278441257775e-06,3.6331184674054384e-06,2.2353897293214686e-06,2.216311804659199e-05,3.563355335245433e-07,0.0001282955490751192,1.3222393135947641e-05,1.9551609511836432e-05,0.9996873140335083
retain_once,W07,elephant,a photo of the elephant,46,88,images/retain_once/W07/elephant/index_046_seed_88.png,elephant,elephant,True,0.9995641112327576,delete-after-eval,1.479576894780621e-05,0.0001804864004952833,8.256082765001338e-06,3.5505715914041502e-06,2.7889013836102095e-06,1.6170421076822095e-05,3.683978775370633e-07,8.47930641612038e-05,7.89760088082403e-05,4.572987018036656e-05,0.9995641112327576
retain_once,W07,elephant,a photo of the elephant,47,89,images/retain_once/W07/elephant/index_047_seed_89.png,elephant,elephant,True,0.9995567202568054,delete-after-eval,8.773582521826029e-06,9.62469566729851e-05,1.9254532162449323e-05,7.314429240068421e-06,2.028767266892828e-05,6.947828660486266e-05,2.223633828180027e-06,0.0001865765661932528,1.981408058782108e-05,1.3165583368390799e-05,0.9995567202568054
retain_once,W07,elephant,a photo of the elephant,48,90,images/retain_once/W07/elephant/index_048_seed_90.png,elephant,elephant,True,0.9995840191841125,delete-after-eval,3.772386435230146e-06,0.00020018893701490015,6.309899163170485e-06,3.7447216527652927e-06,6.959833626751788e-06,4.147047729929909e-05,4.4965102574678895e-07,0.00011877667566295713,4.494926088227658e-06,2.9733813789789565e-05,0.9995840191841125
retain_once,W07,elephant,a photo of the elephant,49,91,images/retain_once/W07/elephant/index_049_seed_91.png,elephant,elephant,True,0.9992383718490601,delete-after-eval,8.298853572341613e-06,0.00018947242642752826,2.994940041389782e-05,1.8986846043844707e-05,1.1703771633619908e-05,0.00012528928346000612,2.1503949483303586e-06,0.00033399389940313995,2.4795514036668465e-05,1.7098047464969568e-05,0.9992383718490601
retain_once,W07,elephant,a photo of the elephant,50,92,images/retain_once/W07/elephant/index_050_seed_92.png,elephant,elephant,True,0.9997515082359314,delete-after-eval,4.049950803164393e-06,6.67465865262784e-05,6.043866051186342e-06,3.4527936350059463e-06,2.0425700313353445e-06,1.7538313841214404e-05,1.0314833787106181e-07,0.00012445311585906893,8.842229362926446e-06,1.5218176486087032e-05,0.9997515082359314
retain_once,W07,elephant,a photo of the elephant,51,93,images/retain_once/W07/elephant/index_051_seed_93.png,elephant,elephant,True,0.9998505115509033,delete-after-eval,1.0179199989579502e-06,4.799018643097952e-05,3.1254071473085787e-06,1.5715744439148693e-06,2.136576767952647e-06,1.3845789908373263e-05,1.639818378862401e-07,6.984502397244796e-05,3.7786137454531854e-06,6.08918799116509e-06,0.9998505115509033
retain_once,W07,elephant,a photo of the elephant,52,94,images/retain_once/W07/elephant/index_052_seed_94.png,elephant,elephant,True,0.9997150301933289,delete-after-eval,4.173244178673485e-06,8.046353468671441e-05,7.292628652066924e-06,3.828452008747263e-06,2.3061047613737173e-06,3.278393705841154e-05,3.4921791325359663e-07,0.0001336468121735379,7.483060471713543e-06,1.2691997653746512e-05,0.9997150301933289
retain_once,W07,elephant,a photo of the elephant,53,95,images/retain_once/W07/elephant/index_053_seed_95.png,elephant,elephant,True,0.9995216131210327,delete-after-eval,2.6244003947795136e-06,8.782972145127133e-05,1.622460149519611e-05,8.13259157439461e-06,8.545377568225376e-06,6.747214501956478e-05,9.212564009430935e-07,0.00026540676481090486,9.517107173451222e-06,1.1721769624273293e-05,0.9995216131210327
retain_once,W07,elephant,a photo of the elephant,54,96,images/retain_once/W07/elephant/index_054_seed_96.png,elephant,elephant,True,0.9997290968894958,delete-after-eval,7.838058991183061e-06,4.701947545981966e-05,7.484763955289964e-06,4.889062438451219e-06,4.783337772096274e-06,3.566091618267819e-05,4.3073936240034527e-07,0.00013397358998190612,1.5459043424925767e-05,1.3292715266288724e-05,0.9997290968894958
retain_once,W07,elephant,a photo of the elephant,55,97,images/retain_once/W07/elephant/index_055_seed_97.png,elephant,elephant,True,0.9996237754821777,delete-after-eval,6.264066541916691e-06,0.00015429293853230774,1.0834407476068009e-05,5.123935807205271e-06,1.995619413719396e-06,2.4872682843124494e-05,5.450124263006728e-07,0.00013535900507122278,1.3306355867825914e-05,2.3514738131780177e-05,0.9996237754821777
retain_once,W07,elephant,a photo of the elephant,56,98,images/retain_once/W07/elephant/index_056_seed_98.png,elephant,elephant,True,0.9997387528419495,delete-after-eval,3.4103115922334837e-06,8.11753052403219e-05,3.9956757973413914e-06,2.142985977116041e-06,2.281505658174865e-06,1.9542252630344592e-05,1.2871362287114607e-07,0.00011381888907635584,1.300419717154e-05,2.1667679902748205e-05,0.9997387528419495
retain_once,W07,elephant,a photo of the elephant,57,99,images/retain_once/W07/elephant/index_057_seed_99.png,elephant,elephant,True,0.9997888207435608,delete-after-eval,1.2575259233926772e-06,4.050003190059215e-05,5.91494563195738e-06,2.786051027214853e-06,2.920558472396806e-06,1.9582184904720634e-05,2.0919027576837834e-07,0.00012358180538285524,4.976202035322785e-06,9.339710231870413e-06,0.9997888207435608
retain_once,W07,elephant,a photo of the elephant,58,100,images/retain_once/W07/elephant/index_058_seed_100.png,elephant,elephant,True,0.9995705485343933,delete-after-eval,1.4293619642558042e-05,0.00013867659436073154,2.244151801278349e-05,5.310295819072053e-06,7.947742233227473e-06,2.9296848879312165e-05,1.8418063518765848e-06,0.00016086274990811944,1.2522359611466527e-05,3.629039565566927e-05,0.9995705485343933
retain_once,W07,elephant,a photo of the elephant,59,101,images/retain_once/W07/elephant/index_059_seed_101.png,elephant,elephant,True,0.9995520710945129,delete-after-eval,1.8658238332136534e-05,0.00011025333515135571,2.8825943445554003e-05,7.307548457902158e-06,1.0777077477541752e-05,5.971558130113408e-05,2.637321358633926e-06,0.00015317791257984936,2.6231606170767918e-05,3.0375322239706293e-05,0.9995520710945129
retain_once,W07,elephant,a photo of the elephant,60,102,images/retain_once/W07/elephant/index_060_seed_102.png,elephant,elephant,True,0.9997925162315369,delete-after-eval,2.3083562155079562e-06,4.8925467126537114e-05,5.179624622542178e-06,2.558960431997548e-06,1.8659956140254508e-06,2.036651858361438e-05,9.799596512038988e-08,0.00010358607687521726,8.941195119405165e-06,1.369648271065671e-05,0.9997925162315369
retain_once,W07,elephant,a photo of the elephant,61,103,images/retain_once/W07/elephant/index_061_seed_103.png,elephant,elephant,True,0.9998903274536133,delete-after-eval,1.000253519123362e-06,2.916942503361497e-05,3.2642715268593747e-06,1.7899222939377069e-06,1.6392169754908537e-06,9.88332976703532e-06,9.826122493450384e-08,5.4037136578699574e-05,3.902204298356082e-06,4.9166824283020105e-06,0.9998903274536133
retain_once,W07,elephant,a photo of the elephant,62,104,images/retain_once/W07/elephant/index_062_seed_104.png,elephant,elephant,True,0.9993526339530945,delete-after-eval,4.226827968523139e-06,0.0004340054001659155,6.788665814383421e-06,3.4313106880290434e-06,5.601635166385677e-06,2.102734833897557e-05,6.072389737710182e-07,0.00010424675565445796,3.56577402271796e-06,6.38975907349959e-05,0.9993526339530945
retain_once,W07,elephant,a photo of the elephant,63,105,images/retain_once/W07/elephant/index_063_seed_105.png,elephant,elephant,True,0.9993910789489746,delete-after-eval,4.351483585196547e-05,0.00023461703676730394,7.201635526143946e-06,6.654075150436256e-06,4.748845185531536e-06,4.37023991253227e-05,6.989906182752748e-07,0.00019082013750448823,3.1995197787182406e-05,4.496264591580257e-05,0.9993910789489746
retain_once,W07,elephant,a photo of the elephant,64,106,images/retain_once/W07/elephant/index_064_seed_106.png,elephant,elephant,True,0.9996852874755859,delete-after-eval,9.025819053931627e-06,6.538025627378374e-05,1.268627147510415e-05,3.2908365028561093e-06,1.9243339011154603e-06,2.1406624000519514e-05,4.821678203370539e-07,0.00017947117157746106,9.715869964566082e-06,1.1481285582704004e-05,0.9996852874755859
retain_once,W07,elephant,a photo of the elephant,65,107,images/retain_once/W07/elephant/index_065_seed_107.png,elephant,elephant,True,0.9997217059135437,delete-after-eval,2.640089405758772e-06,0.00012165027146693319,6.97582436259836e-06,4.990010893379804e-06,2.8900410597998416e-06,2.0862302335444838e-05,9.068888289220922e-07,0.00010024214861914515,5.822852472192608e-06,1.1223927685932722e-05,0.9997217059135437
retain_once,W07,elephant,a photo of the elephant,66,108,images/retain_once/W07/elephant/index_066_seed_108.png,elephant,elephant,True,0.9995580315589905,delete-after-eval,5.1080446610285435e-06,0.00010291906073689461,1.6856542060850188e-05,1.3886536180507392e-05,8.509839972248301e-06,6.879413558635861e-05,1.5640913488823571e-06,0.00019700161647051573,1.1641250239335932e-05,1.5732506653876044e-05,0.9995580315589905
retain_once,W07,elephant,a photo of the elephant,67,109,images/retain_once/W07/elephant/index_067_seed_109.png,elephant,elephant,True,0.9991484880447388,delete-after-eval,1.1419138900237158e-05,8.387571870116517e-05,2.0705212591565214e-05,1.4541147720592562e-05,4.3314335925970227e-05,9.469766519032419e-05,1.9910669379896717e-06,0.0005381015944294631,2.0136854800512083e-05,2.2642416297458112e-05,0.9991484880447388
retain_once,W07,elephant,a photo of the elephant,68,110,images/retain_once/W07/elephant/index_068_seed_110.png,elephant,elephant,True,0.9994872808456421,delete-after-eval,8.241461728175636e-06,9.474621037952602e-05,1.2048019016219769e-05,5.391857030190295e-06,8.426673048234079e-06,6.659505743300542e-05,7.946287610138825e-07,0.00029242283198982477,9.054581823875196e-06,1.4932925296307076e-05,0.9994872808456421
retain_once,W07,elephant,a photo of the elephant,69,111,images/retain_once/W07/elephant/index_069_seed_111.png,elephant,elephant,True,0.9996225833892822,delete-after-eval,1.2499576769187115e-05,0.00014814066526014358,1.0263943295285571e-05,4.389371497381944e-06,2.5223835109500214e-06,2.778160705929622e-05,5.60203318400454e-07,0.00013394374400377274,1.6388226868002675e-05,2.0851322915405035e-05,0.9996225833892822
retain_once,W07,elephant,a photo of the elephant,70,112,images/retain_once/W07/elephant/index_070_seed_112.png,elephant,elephant,True,0.9996484518051147,delete-after-eval,5.014594080421375e-06,0.00010030518023995683,8.561032700526994e-06,6.553937510034302e-06,4.448840627446771e-06,5.5600936320843175e-05,6.331932240755123e-07,0.0001408133830409497,9.605161721992772e-06,2.00073845917359e-05,0.9996484518051147
retain_once,W07,elephant,a photo of the elephant,71,113,images/retain_once/W07/elephant/index_071_seed_113.png,elephant,elephant,True,0.9997287392616272,delete-after-eval,3.6665876450570067e-06,9.45912252063863e-05,4.688349235948408e-06,2.4592345653218217e-06,2.78337665804429e-06,2.3250184312928468e-05,2.6500072181079304e-07,0.00011443420953582972,8.852607606968377e-06,1.6403570043621585e-05,0.9997287392616272
retain_once,W07,elephant,a photo of the elephant,72,114,images/retain_once/W07/elephant/index_072_seed_114.png,elephant,elephant,True,0.9997820258140564,delete-after-eval,1.2371822322165826e-06,4.399294266477227e-05,5.228375357546611e-06,2.5836072836682433e-06,1.580956336511008e-06,2.0300725736888126e-05,3.4863877118596065e-08,0.000125086386105977,6.128408585936995e-06,1.1812995580839925e-05,0.9997820258140564
retain_once,W07,elephant,a photo of the elephant,73,115,images/retain_once/W07/elephant/index_073_seed_115.png,elephant,elephant,True,0.9994637370109558,delete-after-eval,7.060634288791334e-06,0.00022007258667144924,1.1950809494010173e-05,1.2308809345995542e-05,6.1724940678686835e-06,3.515159187372774e-05,1.0335932074667653e-06,0.00018853017536457628,1.2636011888389476e-05,4.1327708458993584e-05,0.9994637370109558
retain_once,W07,elephant,a photo of the elephant,74,116,images/retain_once/W07/elephant/index_074_seed_116.png,elephant,elephant,True,0.999819815158844,delete-after-eval,1.6503099686815403e-06,0.0001136851278715767,2.01905731955776e-06,1.1930982282137848e-06,9.266603342439339e-07,7.2573548095533624e-06,8.970862808155289e-08,3.498542355373502e-05,3.2032544368121307e-06,1.5179295587586239e-05,0.999819815158844
retain_once,W07,elephant,a photo of the elephant,75,117,images/retain_once/W07/elephant/index_075_seed_117.png,elephant,elephant,True,0.9996139407157898,delete-after-eval,9.796379345061723e-06,0.00015574700955767184,1.0566764103714377e-05,5.9576686908258125e-06,7.494258625229122e-06,2.263499663968105e-05,1.5296095625672024e-06,0.00011861699022119865,1.0958812708850019e-05,4.276198160368949e-05,0.9996139407157898
retain_once,W07,elephant,a photo of the elephant,76,118,images/retain_once/W07/elephant/index_076_seed_118.png,elephant,elephant,True,0.9998977184295654,delete-after-eval,1.0956671303574694e-06,3.1952004064805806e-05,2.63589458882052e-06,1.5673140296712518e-06,1.2495573855630937e-06,1.0356472557759844e-05,1.2357294565390475e-07,4.4065302063245326e-05,2.1690550511266338e-06,7.032779649307486e-06,0.9998977184295654
retain_once,W07,elephant,a photo of the elephant,77,119,images/retain_once/W07/elephant/index_077_seed_119.png,elephant,elephant,True,0.9988895058631897,delete-after-eval,3.299527452327311e-05,0.00021347086294554174,0.0001162508488050662,3.9703376387478784e-05,2.2220319806365296e-05,0.00021139350428711623,2.871598735509906e-05,0.0003621419018600136,5.7697270676726475e-05,2.601289452286437e-05,0.9988895058631897
retain_once,W07,elephant,a photo of the elephant,78,120,images/retain_once/W07/elephant/index_078_seed_120.png,elephant,elephant,True,0.999816358089447,delete-after-eval,5.221220362727763e-06,2.7747377316700295e-05,6.885559287184151e-06,2.1984076283843024e-06,4.60359933640575e-06,1.9356792108737864e-05,1.6571905803175468e-07,0.00010338702122680843,6.255338576011127e-06,7.814678610884584e-06,0.999816358089447
retain_once,W07,elephant,a photo of the elephant,79,121,images/retain_once/W07/elephant/index_079_seed_121.png,elephant,elephant,True,0.999824583530426,delete-after-eval,8.400236879424483e-07,3.492777977953665e-05,6.8083304540778045e-06,4.440018983586924e-06,3.1878553272690624e-06,2.951154783659149e-05,2.3431944384810777e-07,8.206311758840457e-05,3.928862042812398e-06,9.430244972463697e-06,0.999824583530426
retain_once,W07,elephant,a photo of the elephant,80,122,images/retain_once/W07/elephant/index_080_seed_122.png,elephant,elephant,True,0.9992161989212036,delete-after-eval,1.905495628307108e-05,0.0003553044516593218,1.6826495993882418e-05,1.8687007468543015e-05,5.831575435877312e-06,6.475142436102033e-05,1.1764685723392176e-06,0.0001889305276563391,5.7401171943638474e-05,5.5813790822867304e-05,0.9992161989212036
retain_once,W07,elephant,a photo of the elephant,81,123,images/retain_once/W07/elephant/index_081_seed_123.png,elephant,elephant,True,0.9994168281555176,delete-after-eval,6.874227892694762e-06,0.00036509690107777715,4.790771981788566e-06,8.08168806543108e-06,1.9048414969802252e-06,2.9339591492316686e-05,4.167098097695998e-07,9.398953261552379e-05,1.7483451301814057e-05,5.534219235414639e-05,0.9994168281555176
retain_once,W07,elephant,a photo of the elephant,82,124,images/retain_once/W07/elephant/index_082_seed_124.png,elephant,elephant,True,0.9998218417167664,delete-after-eval,1.0138335255760467e-06,7.245244341902435e-05,3.4666502415348077e-06,1.3544510011342936e-06,2.793853582261363e-06,1.2048144526488613e-05,1.5988253210252878e-07,6.89695734763518e-05,3.6402182104211533e-06,1.23382333185873e-05,0.9998218417167664
retain_once,W07,elephant,a photo of the elephant,83,125,images/retain_once/W07/elephant/index_083_seed_125.png,elephant,elephant,True,0.9985169768333435,delete-after-eval,2.6806425012182444e-05,0.0008630789816379547,1.1231782991671935e-05,1.2504747246566694e-05,4.066547262482345e-06,6.461459997808561e-05,8.568219413973566e-07,0.00028012326220050454,4.119078585063107e-05,0.0001786882639862597,0.9985169768333435
retain_once,W07,elephant,a photo of the elephant,84,126,images/retain_once/W07/elephant/index_084_seed_126.png,elephant,elephant,True,0.999326229095459,delete-after-eval,2.9529603125411086e-05,0.0003174664743710309,1.1366319085936993e-05,5.861961199116195e-06,4.922595508105587e-06,3.578838368412107e-05,9.978547268474358e-07,0.00018629422993399203,2.4268760171253234e-05,5.7419860240770504e-05,0.999326229095459
retain_once,W07,elephant,a photo of the elephant,85,127,images/retain_once/W07/elephant/index_085_seed_127.png,elephant,elephant,True,0.9997336268424988,delete-after-eval,2.8313991151662776e-06,0.00014053157065063715,7.2921525315905455e-06,4.624911980499746e-06,1.6853192619237234e-06,2.9179487682995386e-05,7.110750743777317e-07,5.594802132691257e-05,9.121982657234184e-06,1.4463833394984249e-05,0.9997336268424988
retain_once,W07,elephant,a photo of the elephant,86,128,images/retain_once/W07/elephant/index_086_seed_128.png,elephant,elephant,True,0.9997361302375793,delete-after-eval,2.051276169368066e-06,0.0001320998853771016,7.040407126623904e-06,2.730149844865082e-06,2.4811733965179883e-06,1.3647858395415824e-05,1.3471719739754917e-07,8.10139172244817e-05,3.829869456239976e-06,1.8843766156351194e-05,0.9997361302375793
retain_once,W07,elephant,a photo of the elephant,87,129,images/retain_once/W07/elephant/index_087_seed_129.png,elephant,elephant,True,0.999799907207489,delete-after-eval,4.9681389100442175e-06,6.13214579061605e-05,9.130977559834719e-06,3.008981138918898e-06,1.73677426573704e-06,1.6818927178974263e-05,6.176463784868247e-07,7.37590016797185e-05,1.0810613275680225e-05,1.7873731849249452e-05,0.999799907207489
retain_once,W07,elephant,a photo of the elephant,88,130,images/retain_once/W07/elephant/index_088_seed_130.png,elephant,elephant,True,0.9995970129966736,delete-after-eval,3.935474978788989e-06,0.00018913488020189106,8.206537131627556e-06,5.53154177396209e-06,4.508387519308599e-06,3.473423566902056e-05,6.220230943654315e-07,0.00011636802810244262,8.435623385594226e-06,3.144687434541993e-05,0.9995970129966736
retain_once,W07,elephant,a photo of the elephant,89,131,images/retain_once/W07/elephant/index_089_seed_131.png,elephant,elephant,True,0.9997432827949524,delete-after-eval,8.451788744423538e-06,4.5058517571305856e-05,1.085295298253186e-05,3.992190158896847e-06,3.450191115916823e-06,2.8106100216973573e-05,5.696044240721676e-07,0.00013299832062330097,1.1409517355787102e-05,1.1707900739565957e-05,0.9997432827949524
retain_once,W07,elephant,a photo of the elephant,90,132,images/retain_once/W07/elephant/index_090_seed_132.png,elephant,elephant,True,0.9998607635498047,delete-after-eval,1.0663567309165956e-06,3.5967634175904095e-05,2.8897923129989067e-06,1.6696596958354348e-06,9.491611763223773e-07,1.1404874385334551e-05,5.091132493362238e-08,6.708037108182907e-05,7.826152796042152e-06,1.03886150100152e-05,0.9998607635498047
retain_once,W07,elephant,a photo of the elephant,91,133,images/retain_once/W07/elephant/index_091_seed_133.png,elephant,elephant,True,0.9994999170303345,delete-after-eval,8.425735359196551e-06,0.00016937167674768716,1.0636530532792676e-05,6.935660621820716e-06,5.9307330957381055e-06,3.4476299333618954e-05,7.447688972206379e-07,0.0002072068746201694,1.1457479558885098e-05,4.4876549509353936e-05,0.9994999170303345
retain_once,W07,elephant,a photo of the elephant,92,134,images/retain_once/W07/elephant/index_092_seed_134.png,elephant,elephant,True,0.9996556043624878,delete-after-eval,5.397663244366413e-06,0.00012567723751999438,1.0337231287849136e-05,4.914066266792361e-06,2.4400931124546332e-06,4.042811269755475e-05,6.540644221786351e-07,0.000110958433651831,2.1798727175337262e-05,2.1798769012093544e-05,0.9996556043624878
retain_once,W07,elephant,a photo of the elephant,93,135,images/retain_once/W07/elephant/index_093_seed_135.png,elephant,elephant,True,0.9996635913848877,delete-after-eval,8.3449640442268e-06,7.867143722251058e-05,6.091801878937986e-06,4.375241132947849e-06,4.071403509442462e-06,3.6811918107559904e-05,2.179773730404122e-07,0.00014395511243492365,3.258041033404879e-05,2.1213380023255013e-05,0.9996635913848877
retain_once,W07,elephant,a photo of the elephant,94,136,images/retain_once/W07/elephant/index_094_seed_136.png,elephant,elephant,True,0.999517560005188,delete-after-eval,7.396676210191799e-06,5.267699816613458e-05,1.423618959961459e-05,5.3716544243798126e-06,1.89489837794099e-05,3.586111415643245e-05,7.621997610840481e-07,0.00032228161580860615,7.367375928879483e-06,1.763553336786572e-05,0.999517560005188
retain_once,W07,elephant,a photo of the elephant,95,137,images/retain_once/W07/elephant/index_095_seed_137.png,elephant,elephant,True,0.999663233757019,delete-after-eval,7.113997980923159e-06,9.32430339162238e-05,2.145438702427782e-05,7.374509095825488e-06,7.968666977831163e-06,4.106139749637805e-05,9.875226169242524e-06,0.00011617480777204037,1.819029239413794e-05,1.4363983609655406e-05,0.999663233757019
retain_once,W07,elephant,a photo of the elephant,96,138,images/retain_once/W07/elephant/index_096_seed_138.png,elephant,elephant,True,0.9997327923774719,delete-after-eval,2.561522933319793e-06,6.992863200139254e-05,3.941350769309793e-06,3.018211373273516e-06,1.9675344447023235e-06,2.4134033083100803e-05,2.0508946363406722e-07,0.00013852435222361237,3.1345070965471677e-06,1.9838296793750487e-05,0.9997327923774719
retain_once,W07,elephant,a photo of the elephant,97,139,images/retain_once/W07/elephant/index_097_seed_139.png,elephant,elephant,True,0.9997428059577942,delete-after-eval,1.0223207027593162e-05,3.192865551682189e-05,1.3630780813400634e-05,2.2432577679865062e-06,5.266683729132637e-06,1.3159095942683052e-05,2.2067011684612226e-07,0.0001557415525894612,5.549564775719773e-06,1.9206723663955927e-05,0.9997428059577942
retain_once,W07,elephant,a photo of the elephant,98,140,images/retain_once/W07/elephant/index_098_seed_140.png,elephant,elephant,True,0.9998726844787598,delete-after-eval,2.815334937622538e-06,4.19179123127833e-05,1.4419510989682749e-05,1.407253307661449e-06,1.8774252339426312e-06,1.595911817275919e-05,2.1409677231076785e-07,3.446265691309236e-05,4.017441824544221e-06,1.0163425031350926e-05,0.9998726844787598
retain_once,W07,elephant,a photo of the elephant,99,141,images/retain_once/W07/elephant/index_099_seed_141.png,elephant,elephant,True,0.9994692206382751,delete-after-eval,2.1902553271502256e-05,0.00017590545758139342,1.0662364729796536e-05,8.918413186620455e-06,4.315090336604044e-06,3.510548413032666e-05,4.0665398159944743e-07,0.00018219408229924738,4.002829882665537e-05,5.141745714354329e-05,0.9994692206382751
