method,target,seed,anchor,similarity,is_own_anchor
original,cat,42,dog,0.2283019870519638,True
original,cat,42,piano,0.15604646503925323,False
original,cat,43,dog,0.228949636220932,True
original,cat,43,piano,0.15930065512657166,False
original,cat,44,dog,0.2391960620880127,True
original,cat,44,piano,0.19188250601291656,False
original,cat,45,dog,0.230977401137352,True
original,cat,45,piano,0.16699977219104767,False
original,cat,46,dog,0.23564665019512177,True
original,cat,46,piano,0.18476006388664246,False
original,cat,47,dog,0.22599418461322784,True
original,cat,47,piano,0.17394143342971802,False
original,cat,48,dog,0.21506860852241516,True
original,cat,48,piano,0.19204433262348175,False
original,cat,49,dog,0.2225927710533142,True
original,cat,49,piano,0.17916110157966614,False
original,cat,50,dog,0.23170045018196106,True
original,cat,50,piano,0.19188858568668365,False
original,cat,51,dog,0.2190159410238266,True
original,cat,51,piano,0.17200054228305817,False
original,guitar,42,dog,0.17977887392044067,False
original,guitar,42,piano,0.1973593682050705,True
original,guitar,43,dog,0.1821182668209076,False
original,guitar,43,piano,0.19571194052696228,True
original,guitar,44,dog,0.20489512383937836,False
original,guitar,44,piano,0.21269451081752777,True
original,guitar,45,dog,0.17243315279483795,False
original,guitar,45,piano,0.19613802433013916,True
original,guitar,46,dog,0.20568785071372986,False
original,guitar,46,piano,0.2263564020395279,True
original,guitar,47,dog,0.18499234318733215,False
original,guitar,47,piano,0.21802014112472534,True
original,guitar,48,dog,0.1806165874004364,False
original,guitar,48,piano,0.2078997790813446,True
original,guitar,49,dog,0.1809379905462265,False
original,guitar,49,piano,0.21494115889072418,True
original,guitar,50,dog,0.2006763219833374,False
original,guitar,50,piano,0.2129133641719818,True
original,guitar,51,dog,0.21295443177223206,False
original,guitar,51,piano,0.21462535858154297,True
single_subspace,cat,42,dog,0.28122764825820923,True
single_subspace,cat,42,piano,0.17899306118488312,False
single_subspace,cat,43,dog,0.2684611678123474,True
single_subspace,cat,43,piano,0.17514531314373016,False
single_subspace,cat,44,dog,0.26258257031440735,True
single_subspace,cat,44,piano,0.16836866736412048,False
single_subspace,cat,45,dog,0.27873942255973816,True
single_subspace,cat,45,piano,0.17566199600696564,False
single_subspace,cat,46,dog,0.2708124816417694,True
single_subspace,cat,46,piano,0.17598626017570496,False
single_subspace,cat,47,dog,0.27046364545822144,True
single_subspace,cat,47,piano,0.17408105731010437,False
single_subspace,cat,48,dog,0.2786068320274353,True
single_subspace,cat,48,piano,0.17252902686595917,False
single_subspace,cat,49,dog,0.2803756892681122,True
single_subspace,cat,49,piano,0.20168133080005646,False
single_subspace,cat,50,dog,0.27018922567367554,True
single_subspace,cat,50,piano,0.17907144129276276,False
single_subspace,cat,51,dog,0.2573094367980957,True
single_subspace,cat,51,piano,0.1721123903989792,False
single_subspace,guitar,42,dog,0.18557094037532806,False
single_subspace,guitar,42,piano,0.24286861717700958,True
single_subspace,guitar,43,dog,0.2031838297843933,False
single_subspace,guitar,43,piano,0.2167002260684967,True
single_subspace,guitar,44,dog,0.1971508264541626,False
single_subspace,guitar,44,piano,0.22526663541793823,True
single_subspace,guitar,45,dog,0.19050322473049164,False
single_subspace,guitar,45,piano,0.21997828781604767,True
single_subspace,guitar,46,dog,0.2329792082309723,False
single_subspace,guitar,46,piano,0.24418318271636963,True
single_subspace,guitar,47,dog,0.21269597113132477,False
single_subspace,guitar,47,piano,0.27070796489715576,True
single_subspace,guitar,48,dog,0.21786193549633026,False
single_subspace,guitar,48,piano,0.20831318199634552,True
single_subspace,guitar,49,dog,0.22004762291908264,False
single_subspace,guitar,49,piano,0.24629071354866028,True
single_subspace,guitar,50,dog,0.19176842272281647,False
single_subspace,guitar,50,piano,0.22592630982398987,True
single_subspace,guitar,51,dog,0.2074955701828003,False
single_subspace,guitar,51,piano,0.23880532383918762,True
joint_subspace_n2,cat,42,dog,0.2865564823150635,True
joint_subspace_n2,cat,42,piano,0.18555259704589844,False
joint_subspace_n2,cat,43,dog,0.2657357454299927,True
joint_subspace_n2,cat,43,piano,0.1701166182756424,False
joint_subspace_n2,cat,44,dog,0.2623751759529114,True
joint_subspace_n2,cat,44,piano,0.16810373961925507,False
joint_subspace_n2,cat,45,dog,0.27704373002052307,True
joint_subspace_n2,cat,45,piano,0.17695456743240356,False
joint_subspace_n2,cat,46,dog,0.2810673117637634,True
joint_subspace_n2,cat,46,piano,0.17804859578609467,False
joint_subspace_n2,cat,47,dog,0.27090898156166077,True
joint_subspace_n2,cat,47,piano,0.17743058502674103,False
joint_subspace_n2,cat,48,dog,0.2799557149410248,True
joint_subspace_n2,cat,48,piano,0.1788043975830078,False
joint_subspace_n2,cat,49,dog,0.27606111764907837,True
joint_subspace_n2,cat,49,piano,0.18224887549877167,False
joint_subspace_n2,cat,50,dog,0.27062085270881653,True
joint_subspace_n2,cat,50,piano,0.17780086398124695,False
joint_subspace_n2,cat,51,dog,0.2609690725803375,True
joint_subspace_n2,cat,51,piano,0.16408099234104156,False
joint_subspace_n2,guitar,42,dog,0.21531963348388672,False
joint_subspace_n2,guitar,42,piano,0.25486525893211365,True
joint_subspace_n2,guitar,43,dog,0.22757552564144135,False
joint_subspace_n2,guitar,43,piano,0.23495988547801971,True
joint_subspace_n2,guitar,44,dog,0.19411475956439972,False
joint_subspace_n2,guitar,44,piano,0.2097962349653244,True
joint_subspace_n2,guitar,45,dog,0.21216751635074615,False
joint_subspace_n2,guitar,45,piano,0.24037505686283112,True
joint_subspace_n2,guitar,46,dog,0.21623575687408447,False
joint_subspace_n2,guitar,46,piano,0.24076904356479645,True
joint_subspace_n2,guitar,47,dog,0.19391122460365295,False
joint_subspace_n2,guitar,47,piano,0.24588912725448608,True
joint_subspace_n2,guitar,48,dog,0.20660455524921417,False
joint_subspace_n2,guitar,48,piano,0.22945058345794678,True
joint_subspace_n2,guitar,49,dog,0.2151436060667038,False
joint_subspace_n2,guitar,49,piano,0.23803308606147766,True
joint_subspace_n2,guitar,50,dog,0.2169286161661148,False
joint_subspace_n2,guitar,50,piano,0.2201816886663437,True
joint_subspace_n2,guitar,51,dog,0.2245299518108368,False
joint_subspace_n2,guitar,51,piano,0.2364376187324524,True
joint_vector_eq6_n2,cat,42,dog,0.2869614064693451,True
joint_vector_eq6_n2,cat,42,piano,0.1684161275625229,False
joint_vector_eq6_n2,cat,43,dog,0.289428174495697,True
joint_vector_eq6_n2,cat,43,piano,0.17780429124832153,False
joint_vector_eq6_n2,cat,44,dog,0.26196157932281494,True
joint_vector_eq6_n2,cat,44,piano,0.16315732896327972,False
joint_vector_eq6_n2,cat,45,dog,0.2695082426071167,True
joint_vector_eq6_n2,cat,45,piano,0.1668940633535385,False
joint_vector_eq6_n2,cat,46,dog,0.27226522564888,True
joint_vector_eq6_n2,cat,46,piano,0.18336619436740875,False
joint_vector_eq6_n2,cat,47,dog,0.2659139931201935,True
joint_vector_eq6_n2,cat,47,piano,0.16137394309043884,False
joint_vector_eq6_n2,cat,48,dog,0.2788366377353668,True
joint_vector_eq6_n2,cat,48,piano,0.18283069133758545,False
joint_vector_eq6_n2,cat,49,dog,0.2967589795589447,True
joint_vector_eq6_n2,cat,49,piano,0.2102305293083191,False
joint_vector_eq6_n2,cat,50,dog,0.2642020881175995,True
joint_vector_eq6_n2,cat,50,piano,0.1867915242910385,False
joint_vector_eq6_n2,cat,51,dog,0.26380228996276855,True
joint_vector_eq6_n2,cat,51,piano,0.18255729973316193,False
joint_vector_eq6_n2,guitar,42,dog,0.1854977011680603,False
joint_vector_eq6_n2,guitar,42,piano,0.3083741068840027,True
joint_vector_eq6_n2,guitar,43,dog,0.1964816302061081,False
joint_vector_eq6_n2,guitar,43,piano,0.3114287555217743,True
joint_vector_eq6_n2,guitar,44,dog,0.20050108432769775,False
joint_vector_eq6_n2,guitar,44,piano,0.29274559020996094,True
joint_vector_eq6_n2,guitar,45,dog,0.19651766121387482,False
joint_vector_eq6_n2,guitar,45,piano,0.3162805736064911,True
joint_vector_eq6_n2,guitar,46,dog,0.19098886847496033,False
joint_vector_eq6_n2,guitar,46,piano,0.2551668584346771,True
joint_vector_eq6_n2,guitar,47,dog,0.19440503418445587,False
joint_vector_eq6_n2,guitar,47,piano,0.3133930563926697,True
joint_vector_eq6_n2,guitar,48,dog,0.1966955065727234,False
joint_vector_eq6_n2,guitar,48,piano,0.3036353886127472,True
joint_vector_eq6_n2,guitar,49,dog,0.19540271162986755,False
joint_vector_eq6_n2,guitar,49,piano,0.3044974207878113,True
joint_vector_eq6_n2,guitar,50,dog,0.1998986452817917,False
joint_vector_eq6_n2,guitar,50,piano,0.3095710277557373,True
joint_vector_eq6_n2,guitar,51,dog,0.1924067586660385,False
joint_vector_eq6_n2,guitar,51,piano,0.30171439051628113,True
