layer_index,layer,out_dim,in_dim,objective,reflection_detected,reflection_correction,orthogonality_error,weight_gram_relative_error,method,role,checkpoint_sha256,rotation_sha256
1,down_blocks.0.attentions.0.transformer_blocks.0.attn2.to_v,320,768,subspace,False,upstream,5.791531748400303e-06,9.302033868152648e-05,single_subspace_cat_to_dog,official_oce_baseline,d67095a06a402414046421c0b25a7f42cce24b8a11bc61276604421e1daa417c,9c0128a85b9d3f244f005d72541990a077b58ff46fce909c2493f7d7f8e52d71
2,down_blocks.0.attentions.1.transformer_blocks.0.attn2.to_v,320,768,subspace,False,upstream,6.032853889337275e-06,9.21155369724147e-05,single_subspace_cat_to_dog,official_oce_baseline,d67095a06a402414046421c0b25a7f42cce24b8a11bc61276604421e1daa417c,9c0128a85b9d3f244f005d72541990a077b58ff46fce909c2493f7d7f8e52d71
3,down_blocks.1.attentions.0.transformer_blocks.0.attn2.to_v,640,768,subspace,False,upstream,8.991873983177356e-06,0.00017678544099908322,single_subspace_cat_to_dog,official_oce_baseline,d67095a06a402414046421c0b25a7f42cce24b8a11bc61276604421e1daa417c,9c0128a85b9d3f244f005d72541990a077b58ff46fce909c2493f7d7f8e52d71
4,down_blocks.1.attentions.1.transformer_blocks.0.attn2.to_v,640,768,subspace,False,upstream,9.815956218517385e-06,0.0001719356223475188,single_subspace_cat_to_dog,official_oce_baseline,d67095a06a402414046421c0b25a7f42cce24b8a11bc61276604421e1daa417c,9c0128a85b9d3f244f005d72541990a077b58ff46fce909c2493f7d7f8e52d71
5,down_blocks.2.attentions.0.transformer_blocks.0.attn2.to_v,1280,768,subspace,True,upstream,1.2402130778355058e-05,0.0002919735270552337,single_subspace_cat_to_dog,official_oce_baseline,d67095a06a402414046421c0b25a7f42cce24b8a11bc61276604421e1daa417c,9c0128a85b9d3f244f005d72541990a077b58ff46fce909c2493f7d7f8e52d71
6,down_blocks.2.attentions.1.transformer_blocks.0.attn2.to_v,1280,768,subspace,False,upstream,1.2783920283254702e-05,0.0003309270250611007,single_subspace_cat_to_dog,official_oce_baseline,d67095a06a402414046421c0b25a7f42cce24b8a11bc61276604421e1daa417c,9c0128a85b9d3f244f005d72541990a077b58ff46fce909c2493f7d7f8e52d71
7,up_blocks.1.attentions.0.transformer_blocks.0.attn2.to_v,1280,768,subspace,True,upstream,1.2279369002499152e-05,0.0002809728612191975,single_subspace_cat_to_dog,official_oce_baseline,d67095a06a402414046421c0b25a7f42cce24b8a11bc61276604421e1daa417c,9c0128a85b9d3f244f005d72541990a077b58ff46fce909c2493f7d7f8e52d71
8,up_blocks.1.attentions.1.transformer_blocks.0.attn2.to_v,1280,768,subspace,True,upstream,1.2722091014438774e-05,0.00030482583679258823,single_subspace_cat_to_dog,official_oce_baseline,d67095a06a402414046421c0b25a7f42cce24b8a11bc61276604421e1daa417c,9c0128a85b9d3f244f005d72541990a077b58ff46fce909c2493f7d7f8e52d71
9,up_blocks.1.attentions.2.transformer_blocks.0.attn2.to_v,1280,768,subspace,False,upstream,1.262434852833394e-05,0.0003574182919692248,single_subspace_cat_to_dog,official_oce_baseline,d67095a06a402414046421c0b25a7f42cce24b8a11bc61276604421e1daa417c,9c0128a85b9d3f244f005d72541990a077b58ff46fce909c2493f7d7f8e52d71
10,up_blocks.2.attentions.0.transformer_blocks.0.attn2.to_v,640,768,subspace,False,upstream,8.958636499301065e-06,0.00019665078434627503,single_subspace_cat_to_dog,official_oce_baseline,d67095a06a402414046421c0b25a7f42cce24b8a11bc61276604421e1daa417c,9c0128a85b9d3f244f005d72541990a077b58ff46fce909c2493f7d7f8e52d71
11,up_blocks.2.attentions.1.transformer_blocks.0.attn2.to_v,640,768,subspace,False,upstream,8.614608304924332e-06,0.00016880205657798797,single_subspace_cat_to_dog,official_oce_baseline,d67095a06a402414046421c0b25a7f42cce24b8a11bc61276604421e1daa417c,9c0128a85b9d3f244f005d72541990a077b58ff46fce909c2493f7d7f8e52d71
12,up_blocks.2.attentions.2.transformer_blocks.0.attn2.to_v,640,768,subspace,False,upstream,8.880959285306744e-06,0.0001857308961916715,single_subspace_cat_to_dog,official_oce_baseline,d67095a06a402414046421c0b25a7f42cce24b8a11bc61276604421e1daa417c,9c0128a85b9d3f244f005d72541990a077b58ff46fce909c2493f7d7f8e52d71
13,up_blocks.3.attentions.0.transformer_blocks.0.attn2.to_v,320,768,subspace,False,upstream,5.737099399993895e-06,6.612790457438678e-05,single_subspace_cat_to_dog,official_oce_baseline,d67095a06a402414046421c0b25a7f42cce24b8a11bc61276604421e1daa417c,9c0128a85b9d3f244f005d72541990a077b58ff46fce909c2493f7d7f8e52d71
14,up_blocks.3.attentions.1.transformer_blocks.0.attn2.to_v,320,768,subspace,False,upstream,6.0283905440883245e-06,7.914762682048604e-05,single_subspace_cat_to_dog,official_oce_baseline,d67095a06a402414046421c0b25a7f42cce24b8a11bc61276604421e1daa417c,9c0128a85b9d3f244f005d72541990a077b58ff46fce909c2493f7d7f8e52d71
15,up_blocks.3.attentions.2.transformer_blocks.0.attn2.to_v,320,768,subspace,False,upstream,6.264337571337819e-06,9.389762271894142e-05,single_subspace_cat_to_dog,official_oce_baseline,d67095a06a402414046421c0b25a7f42cce24b8a11bc61276604421e1daa417c,9c0128a85b9d3f244f005d72541990a077b58ff46fce909c2493f7d7f8e52d71
16,mid_block.attentions.0.transformer_blocks.0.attn2.to_v,1280,768,subspace,True,upstream,1.340666403848445e-05,0.0003156729508191347,single_subspace_cat_to_dog,official_oce_baseline,d67095a06a402414046421c0b25a7f42cce24b8a11bc61276604421e1daa417c,9c0128a85b9d3f244f005d72541990a077b58ff46fce909c2493f7d7f8e52d71
1,down_blocks.0.attentions.0.transformer_blocks.0.attn2.to_v,320,768,subspace,False,upstream,5.5632731346122455e-06,9.025962935993448e-05,single_subspace_airplane_to_helicopter,official_oce_baseline,4e78509123e2b8ec5bc7ce8c0ea0cc84201c8bd5d46616289abbeb5fdc3137a0,2bfa2d75896c361fefa88bdaecaad9d1545ca812dc00e08da3ecee37c8a3779b
2,down_blocks.0.attentions.1.transformer_blocks.0.attn2.to_v,320,768,subspace,False,upstream,5.826817869092338e-06,7.410020771203563e-05,single_subspace_airplane_to_helicopter,official_oce_baseline,4e78509123e2b8ec5bc7ce8c0ea0cc84201c8bd5d46616289abbeb5fdc3137a0,2bfa2d75896c361fefa88bdaecaad9d1545ca812dc00e08da3ecee37c8a3779b
3,down_blocks.1.attentions.0.transformer_blocks.0.attn2.to_v,640,768,subspace,False,upstream,9.48153046920197e-06,0.0001860422344179824,single_subspace_airplane_to_helicopter,official_oce_baseline,4e78509123e2b8ec5bc7ce8c0ea0cc84201c8bd5d46616289abbeb5fdc3137a0,2bfa2d75896c361fefa88bdaecaad9d1545ca812dc00e08da3ecee37c8a3779b
4,down_blocks.1.attentions.1.transformer_blocks.0.attn2.to_v,640,768,subspace,False,upstream,9.683498319645878e-06,0.00016860112373251468,single_subspace_airplane_to_helicopter,official_oce_baseline,4e78509123e2b8ec5bc7ce8c0ea0cc84201c8bd5d46616289abbeb5fdc3137a0,2bfa2d75896c361fefa88bdaecaad9d1545ca812dc00e08da3ecee37c8a3779b
5,down_blocks.2.attentions.0.transformer_blocks.0.attn2.to_v,1280,768,subspace,False,upstream,1.2990353752684314e-05,0.00029938077204860747,single_subspace_airplane_to_helicopter,official_oce_baseline,4e78509123e2b8ec5bc7ce8c0ea0cc84201c8bd5d46616289abbeb5fdc3137a0,2bfa2d75896c361fefa88bdaecaad9d1545ca812dc00e08da3ecee37c8a3779b
6,down_blocks.2.attentions.1.transformer_blocks.0.attn2.to_v,1280,768,subspace,False,upstream,1.3000612852920312e-05,0.00034270487958565354,single_subspace_airplane_to_helicopter,official_oce_baseline,4e78509123e2b8ec5bc7ce8c0ea0cc84201c8bd5d46616289abbeb5fdc3137a0,2bfa2d75896c361fefa88bdaecaad9d1545ca812dc00e08da3ecee37c8a3779b
7,up_blocks.1.attentions.0.transformer_blocks.0.attn2.to_v,1280,768,subspace,True,upstream,1.2828420040023047e-05,0.0003231474256608635,single_subspace_airplane_to_helicopter,official_oce_baseline,4e78509123e2b8ec5bc7ce8c0ea0cc84201c8bd5d46616289abbeb5fdc3137a0,2bfa2d75896c361fefa88bdaecaad9d1545ca812dc00e08da3ecee37c8a3779b
8,up_blocks.1.attentions.1.transformer_blocks.0.attn2.to_v,1280,768,subspace,False,upstream,1.2570499166031368e-05,0.0002666014770511538,single_subspace_airplane_to_helicopter,official_oce_baseline,4e78509123e2b8ec5bc7ce8c0ea0cc84201c8bd5d46616289abbeb5fdc3137a0,2bfa2d75896c361fefa88bdaecaad9d1545ca812dc00e08da3ecee37c8a3779b
9,up_blocks.1.attentions.2.transformer_blocks.0.attn2.to_v,1280,768,subspace,True,upstream,1.3051062524027657e-05,0.00039105815812945366,single_subspace_airplane_to_helicopter,official_oce_baseline,4e78509123e2b8ec5bc7ce8c0ea0cc84201c8bd5d46616289abbeb5fdc3137a0,2bfa2d75896c361fefa88bdaecaad9d1545ca812dc00e08da3ecee37c8a3779b
10,up_blocks.2.attentions.0.transformer_blocks.0.attn2.to_v,640,768,subspace,False,upstream,8.161699952324852e-06,0.0001721632870612666,single_subspace_airplane_to_helicopter,official_oce_baseline,4e78509123e2b8ec5bc7ce8c0ea0cc84201c8bd5d46616289abbeb5fdc3137a0,2bfa2d75896c361fefa88bdaecaad9d1545ca812dc00e08da3ecee37c8a3779b
11,up_blocks.2.attentions.1.transformer_blocks.0.attn2.to_v,640,768,subspace,False,upstream,8.847399840306025e-06,0.00017746731464285403,single_subspace_airplane_to_helicopter,official_oce_baseline,4e78509123e2b8ec5bc7ce8c0ea0cc84201c8bd5d46616289abbeb5fdc3137a0,2bfa2d75896c361fefa88bdaecaad9d1545ca812dc00e08da3ecee37c8a3779b
12,up_blocks.2.attentions.2.transformer_blocks.0.attn2.to_v,640,768,subspace,False,upstream,8.512154636264313e-06,0.00016862397023942322,single_subspace_airplane_to_helicopter,official_oce_baseline,4e78509123e2b8ec5bc7ce8c0ea0cc84201c8bd5d46616289abbeb5fdc3137a0,2bfa2d75896c361fefa88bdaecaad9d1545ca812dc00e08da3ecee37c8a3779b
13,up_blocks.3.attentions.0.transformer_blocks.0.attn2.to_v,320,768,subspace,False,upstream,6.055900485080201e-06,7.54415086703375e-05,single_subspace_airplane_to_helicopter,official_oce_baseline,4e78509123e2b8ec5bc7ce8c0ea0cc84201c8bd5d46616289abbeb5fdc3137a0,2bfa2d75896c361fefa88bdaecaad9d1545ca812dc00e08da3ecee37c8a3779b
14,up_blocks.3.attentions.1.transformer_blocks.0.attn2.to_v,320,768,subspace,False,upstream,5.775966656074161e-06,8.146383333951235e-05,single_subspace_airplane_to_helicopter,official_oce_baseline,4e78509123e2b8ec5bc7ce8c0ea0cc84201c8bd5d46616289abbeb5fdc3137a0,2bfa2d75896c361fefa88bdaecaad9d1545ca812dc00e08da3ecee37c8a3779b
15,up_blocks.3.attentions.2.transformer_blocks.0.attn2.to_v,320,768,subspace,False,upstream,6.535928150697146e-06,0.00010036311141448095,single_subspace_airplane_to_helicopter,official_oce_baseline,4e78509123e2b8ec5bc7ce8c0ea0cc84201c8bd5d46616289abbeb5fdc3137a0,2bfa2d75896c361fefa88bdaecaad9d1545ca812dc00e08da3ecee37c8a3779b
16,mid_block.attentions.0.transformer_blocks.0.attn2.to_v,1280,768,subspace,False,upstream,1.3439220310829114e-05,0.0003438090207055211,single_subspace_airplane_to_helicopter,official_oce_baseline,4e78509123e2b8ec5bc7ce8c0ea0cc84201c8bd5d46616289abbeb5fdc3137a0,2bfa2d75896c361fefa88bdaecaad9d1545ca812dc00e08da3ecee37c8a3779b
1,down_blocks.0.attentions.0.transformer_blocks.0.attn2.to_v,320,768,subspace,False,upstream,5.373323347157566e-06,8.221018651966006e-05,single_subspace_church_to_castle,official_oce_baseline,9c32a11cdbb73de88245102d9f4f0590d0324a306f9b230eeacdf61bbabca372,d7199e903b430b7e621eee9b9ac982cf556bb2f12681a080e91bfbb91b17d349
2,down_blocks.0.attentions.1.transformer_blocks.0.attn2.to_v,320,768,subspace,False,upstream,5.524067091755569e-06,7.105100667104125e-05,single_subspace_church_to_castle,official_oce_baseline,9c32a11cdbb73de88245102d9f4f0590d0324a306f9b230eeacdf61bbabca372,d7199e903b430b7e621eee9b9ac982cf556bb2f12681a080e91bfbb91b17d349
3,down_blocks.1.attentions.0.transformer_blocks.0.attn2.to_v,640,768,subspace,False,upstream,9.465752555115614e-06,0.00019536240142770112,single_subspace_church_to_castle,official_oce_baseline,9c32a11cdbb73de88245102d9f4f0590d0324a306f9b230eeacdf61bbabca372,d7199e903b430b7e621eee9b9ac982cf556bb2f12681a080e91bfbb91b17d349
4,down_blocks.1.attentions.1.transformer_blocks.0.attn2.to_v,640,768,subspace,False,upstream,9.681157280283514e-06,0.00016554885951336473,single_subspace_church_to_castle,official_oce_baseline,9c32a11cdbb73de88245102d9f4f0590d0324a306f9b230eeacdf61bbabca372,d7199e903b430b7e621eee9b9ac982cf556bb2f12681a080e91bfbb91b17d349
5,down_blocks.2.attentions.0.transformer_blocks.0.attn2.to_v,1280,768,subspace,True,upstream,1.2626803254534025e-05,0.00029906773124821484,single_subspace_church_to_castle,official_oce_baseline,9c32a11cdbb73de88245102d9f4f0590d0324a306f9b230eeacdf61bbabca372,d7199e903b430b7e621eee9b9ac982cf556bb2f12681a080e91bfbb91b17d349
6,down_blocks.2.attentions.1.transformer_blocks.0.attn2.to_v,1280,768,subspace,True,upstream,1.2814311958209146e-05,0.0003390092169865966,single_subspace_church_to_castle,official_oce_baseline,9c32a11cdbb73de88245102d9f4f0590d0324a306f9b230eeacdf61bbabca372,d7199e903b430b7e621eee9b9ac982cf556bb2f12681a080e91bfbb91b17d349
7,up_blocks.1.attentions.0.transformer_blocks.0.attn2.to_v,1280,768,subspace,True,upstream,1.2985074135940522e-05,0.00034383832826279104,single_subspace_church_to_castle,official_oce_baseline,9c32a11cdbb73de88245102d9f4f0590d0324a306f9b230eeacdf61bbabca372,d7199e903b430b7e621eee9b9ac982cf556bb2f12681a080e91bfbb91b17d349
8,up_blocks.1.attentions.1.transformer_blocks.0.attn2.to_v,1280,768,subspace,True,upstream,1.255422284884844e-05,0.00027472677174955606,single_subspace_church_to_castle,official_oce_baseline,9c32a11cdbb73de88245102d9f4f0590d0324a306f9b230eeacdf61bbabca372,d7199e903b430b7e621eee9b9ac982cf556bb2f12681a080e91bfbb91b17d349
9,up_blocks.1.attentions.2.transformer_blocks.0.attn2.to_v,1280,768,subspace,True,upstream,1.315099507337436e-05,0.00039674321305938065,single_subspace_church_to_castle,official_oce_baseline,9c32a11cdbb73de88245102d9f4f0590d0324a306f9b230eeacdf61bbabca372,d7199e903b430b7e621eee9b9ac982cf556bb2f12681a080e91bfbb91b17d349
10,up_blocks.2.attentions.0.transformer_blocks.0.attn2.to_v,640,768,subspace,False,upstream,8.834688742354047e-06,0.00019746480393223464,single_subspace_church_to_castle,official_oce_baseline,9c32a11cdbb73de88245102d9f4f0590d0324a306f9b230eeacdf61bbabca372,d7199e903b430b7e621eee9b9ac982cf556bb2f12681a080e91bfbb91b17d349
11,up_blocks.2.attentions.1.transformer_blocks.0.attn2.to_v,640,768,subspace,False,upstream,9.514881639915984e-06,0.00020136147213634104,single_subspace_church_to_castle,official_oce_baseline,9c32a11cdbb73de88245102d9f4f0590d0324a306f9b230eeacdf61bbabca372,d7199e903b430b7e621eee9b9ac982cf556bb2f12681a080e91bfbb91b17d349
12,up_blocks.2.attentions.2.transformer_blocks.0.attn2.to_v,640,768,subspace,False,upstream,8.722799975657836e-06,0.00018035262473858893,single_subspace_church_to_castle,official_oce_baseline,9c32a11cdbb73de88245102d9f4f0590d0324a306f9b230eeacdf61bbabca372,d7199e903b430b7e621eee9b9ac982cf556bb2f12681a080e91bfbb91b17d349
13,up_blocks.3.attentions.0.transformer_blocks.0.attn2.to_v,320,768,subspace,False,upstream,6.268266133702127e-06,8.428884029854089e-05,single_subspace_church_to_castle,official_oce_baseline,9c32a11cdbb73de88245102d9f4f0590d0324a306f9b230eeacdf61bbabca372,d7199e903b430b7e621eee9b9ac982cf556bb2f12681a080e91bfbb91b17d349
14,up_blocks.3.attentions.1.transformer_blocks.0.attn2.to_v,320,768,subspace,False,upstream,5.963952389720362e-06,7.534389442298561e-05,single_subspace_church_to_castle,official_oce_baseline,9c32a11cdbb73de88245102d9f4f0590d0324a306f9b230eeacdf61bbabca372,d7199e903b430b7e621eee9b9ac982cf556bb2f12681a080e91bfbb91b17d349
15,up_blocks.3.attentions.2.transformer_blocks.0.attn2.to_v,320,768,subspace,False,upstream,6.507485522888601e-06,7.378663576673716e-05,single_subspace_church_to_castle,official_oce_baseline,9c32a11cdbb73de88245102d9f4f0590d0324a306f9b230eeacdf61bbabca372,d7199e903b430b7e621eee9b9ac982cf556bb2f12681a080e91bfbb91b17d349
16,mid_block.attentions.0.transformer_blocks.0.attn2.to_v,1280,768,subspace,True,upstream,1.3634263268613722e-05,0.0003525768406689167,single_subspace_church_to_castle,official_oce_baseline,9c32a11cdbb73de88245102d9f4f0590d0324a306f9b230eeacdf61bbabca372,d7199e903b430b7e621eee9b9ac982cf556bb2f12681a080e91bfbb91b17d349
1,down_blocks.0.attentions.0.transformer_blocks.0.attn2.to_v,320,768,subspace,False,upstream,5.671593953593401e-06,9.158060129266232e-05,single_subspace_truck_to_car,official_oce_baseline,41bdfd66d678df168f0fd66ad7538cf20f44ec58c8e8b000670fb98d2f3a4e6d,a34a7bcbf1fc925c1a3f16084f8b44f0232823e9ad5c6960e70849b64e5132ae
2,down_blocks.0.attentions.1.transformer_blocks.0.attn2.to_v,320,768,subspace,False,upstream,6.011529421812156e-06,6.000788926030509e-05,single_subspace_truck_to_car,official_oce_baseline,41bdfd66d678df168f0fd66ad7538cf20f44ec58c8e8b000670fb98d2f3a4e6d,a34a7bcbf1fc925c1a3f16084f8b44f0232823e9ad5c6960e70849b64e5132ae
3,down_blocks.1.attentions.0.transformer_blocks.0.attn2.to_v,640,768,subspace,False,upstream,8.714609066373669e-06,0.00017082861450035125,single_subspace_truck_to_car,official_oce_baseline,41bdfd66d678df168f0fd66ad7538cf20f44ec58c8e8b000670fb98d2f3a4e6d,a34a7bcbf1fc925c1a3f16084f8b44f0232823e9ad5c6960e70849b64e5132ae
4,down_blocks.1.attentions.1.transformer_blocks.0.attn2.to_v,640,768,subspace,False,upstream,9.306488209404051e-06,0.00014716634177602828,single_subspace_truck_to_car,official_oce_baseline,41bdfd66d678df168f0fd66ad7538cf20f44ec58c8e8b000670fb98d2f3a4e6d,a34a7bcbf1fc925c1a3f16084f8b44f0232823e9ad5c6960e70849b64e5132ae
5,down_blocks.2.attentions.0.transformer_blocks.0.attn2.to_v,1280,768,subspace,False,upstream,1.313919074164005e-05,0.0003211806179024279,single_subspace_truck_to_car,official_oce_baseline,41bdfd66d678df168f0fd66ad7538cf20f44ec58c8e8b000670fb98d2f3a4e6d,a34a7bcbf1fc925c1a3f16084f8b44f0232823e9ad5c6960e70849b64e5132ae
6,down_blocks.2.attentions.1.transformer_blocks.0.attn2.to_v,1280,768,subspace,True,upstream,1.299252198805334e-05,0.00034434645203873515,single_subspace_truck_to_car,official_oce_baseline,41bdfd66d678df168f0fd66ad7538cf20f44ec58c8e8b000670fb98d2f3a4e6d,a34a7bcbf1fc925c1a3f16084f8b44f0232823e9ad5c6960e70849b64e5132ae
7,up_blocks.1.attentions.0.transformer_blocks.0.attn2.to_v,1280,768,subspace,True,upstream,1.230193447554484e-05,0.0003103771014139056,single_subspace_truck_to_car,official_oce_baseline,41bdfd66d678df168f0fd66ad7538cf20f44ec58c8e8b000670fb98d2f3a4e6d,a34a7bcbf1fc925c1a3f16084f8b44f0232823e9ad5c6960e70849b64e5132ae
8,up_blocks.1.attentions.1.transformer_blocks.0.attn2.to_v,1280,768,subspace,False,upstream,1.2218150914122816e-05,0.0002884805726353079,single_subspace_truck_to_car,official_oce_baseline,41bdfd66d678df168f0fd66ad7538cf20f44ec58c8e8b000670fb98d2f3a4e6d,a34a7bcbf1fc925c1a3f16084f8b44f0232823e9ad5c6960e70849b64e5132ae
9,up_blocks.1.attentions.2.transformer_blocks.0.attn2.to_v,1280,768,subspace,False,upstream,1.2642347428482026e-05,0.0003726199211087078,single_subspace_truck_to_car,official_oce_baseline,41bdfd66d678df168f0fd66ad7538cf20f44ec58c8e8b000670fb98d2f3a4e6d,a34a7bcbf1fc925c1a3f16084f8b44f0232823e9ad5c6960e70849b64e5132ae
10,up_blocks.2.attentions.0.transformer_blocks.0.attn2.to_v,640,768,subspace,False,upstream,8.254392014350742e-06,0.00017251087410841137,single_subspace_truck_to_car,official_oce_baseline,41bdfd66d678df168f0fd66ad7538cf20f44ec58c8e8b000670fb98d2f3a4e6d,a34a7bcbf1fc925c1a3f16084f8b44f0232823e9ad5c6960e70849b64e5132ae
11,up_blocks.2.attentions.1.transformer_blocks.0.attn2.to_v,640,768,subspace,False,upstream,8.402370440308005e-06,0.00016312708612531424,single_subspace_truck_to_car,official_oce_baseline,41bdfd66d678df168f0fd66ad7538cf20f44ec58c8e8b000670fb98d2f3a4e6d,a34a7bcbf1fc925c1a3f16084f8b44f0232823e9ad5c6960e70849b64e5132ae
12,up_blocks.2.attentions.2.transformer_blocks.0.attn2.to_v,640,768,subspace,False,upstream,8.632565368316136e-06,0.00016126561968121678,single_subspace_truck_to_car,official_oce_baseline,41bdfd66d678df168f0fd66ad7538cf20f44ec58c8e8b000670fb98d2f3a4e6d,a34a7bcbf1fc925c1a3f16084f8b44f0232823e9ad5c6960e70849b64e5132ae
13,up_blocks.3.attentions.0.transformer_blocks.0.attn2.to_v,320,768,subspace,False,upstream,6.140265213616658e-06,7.6410397014115e-05,single_subspace_truck_to_car,official_oce_baseline,41bdfd66d678df168f0fd66ad7538cf20f44ec58c8e8b000670fb98d2f3a4e6d,a34a7bcbf1fc925c1a3f16084f8b44f0232823e9ad5c6960e70849b64e5132ae
14,up_blocks.3.attentions.1.transformer_blocks.0.attn2.to_v,320,768,subspace,False,upstream,6.131341251602862e-06,8.424316183663905e-05,single_subspace_truck_to_car,official_oce_baseline,41bdfd66d678df168f0fd66ad7538cf20f44ec58c8e8b000670fb98d2f3a4e6d,a34a7bcbf1fc925c1a3f16084f8b44f0232823e9ad5c6960e70849b64e5132ae
15,up_blocks.3.attentions.2.transformer_blocks.0.attn2.to_v,320,768,subspace,False,upstream,5.9273766055412125e-06,8.299187174998224e-05,single_subspace_truck_to_car,official_oce_baseline,41bdfd66d678df168f0fd66ad7538cf20f44ec58c8e8b000670fb98d2f3a4e6d,a34a7bcbf1fc925c1a3f16084f8b44f0232823e9ad5c6960e70849b64e5132ae
16,mid_block.attentions.0.transformer_blocks.0.attn2.to_v,1280,768,subspace,False,upstream,1.3352361747820396e-05,0.0003254908951930702,single_subspace_truck_to_car,official_oce_baseline,41bdfd66d678df168f0fd66ad7538cf20f44ec58c8e8b000670fb98d2f3a4e6d,a34a7bcbf1fc925c1a3f16084f8b44f0232823e9ad5c6960e70849b64e5132ae
1,down_blocks.0.attentions.0.transformer_blocks.0.attn2.to_v,320,768,subspace,False,upstream,5.884282927581808e-06,9.159966430161148e-05,single_subspace_guitar_to_piano,official_oce_baseline,8bad6b51b0599062b5a46d33ac396348cad5d297c939d2adfd66ebcdd3aab348,8e9decba7f0190568394dcf47c1b4dcbd9e4ae3be7c9691ed7d3c94641751f67
2,down_blocks.0.attentions.1.transformer_blocks.0.attn2.to_v,320,768,subspace,False,upstream,5.889302883588243e-06,6.475767440861091e-05,single_subspace_guitar_to_piano,official_oce_baseline,8bad6b51b0599062b5a46d33ac396348cad5d297c939d2adfd66ebcdd3aab348,8e9decba7f0190568394dcf47c1b4dcbd9e4ae3be7c9691ed7d3c94641751f67
3,down_blocks.1.attentions.0.transformer_blocks.0.attn2.to_v,640,768,subspace,False,upstream,9.092790605791379e-06,0.0001784621854312718,single_subspace_guitar_to_piano,official_oce_baseline,8bad6b51b0599062b5a46d33ac396348cad5d297c939d2adfd66ebcdd3aab348,8e9decba7f0190568394dcf47c1b4dcbd9e4ae3be7c9691ed7d3c94641751f67
4,down_blocks.1.attentions.1.transformer_blocks.0.attn2.to_v,640,768,subspace,False,upstream,9.331794899480883e-06,0.00015919272846076638,single_subspace_guitar_to_piano,official_oce_baseline,8bad6b51b0599062b5a46d33ac396348cad5d297c939d2adfd66ebcdd3aab348,8e9decba7f0190568394dcf47c1b4dcbd9e4ae3be7c9691ed7d3c94641751f67
5,down_blocks.2.attentions.0.transformer_blocks.0.attn2.to_v,1280,768,subspace,False,upstream,1.3082045370538253e-05,0.000321234023431316,single_subspace_guitar_to_piano,official_oce_baseline,8bad6b51b0599062b5a46d33ac396348cad5d297c939d2adfd66ebcdd3aab348,8e9decba7f0190568394dcf47c1b4dcbd9e4ae3be7c9691ed7d3c94641751f67
6,down_blocks.2.attentions.1.transformer_blocks.0.attn2.to_v,1280,768,subspace,True,upstream,1.3091625078232028e-05,0.0003447660419624299,single_subspace_guitar_to_piano,official_oce_baseline,8bad6b51b0599062b5a46d33ac396348cad5d297c939d2adfd66ebcdd3aab348,8e9decba7f0190568394dcf47c1b4dcbd9e4ae3be7c9691ed7d3c94641751f67
7,up_blocks.1.attentions.0.transformer_blocks.0.attn2.to_v,1280,768,subspace,True,upstream,1.3328869499673601e-05,0.0003329827741254121,single_subspace_guitar_to_piano,official_oce_baseline,8bad6b51b0599062b5a46d33ac396348cad5d297c939d2adfd66ebcdd3aab348,8e9decba7f0190568394dcf47c1b4dcbd9e4ae3be7c9691ed7d3c94641751f67
8,up_blocks.1.attentions.1.transformer_blocks.0.attn2.to_v,1280,768,subspace,False,upstream,1.2171667549409904e-05,0.0002978940319735557,single_subspace_guitar_to_piano,official_oce_baseline,8bad6b51b0599062b5a46d33ac396348cad5d297c939d2adfd66ebcdd3aab348,8e9decba7f0190568394dcf47c1b4dcbd9e4ae3be7c9691ed7d3c94641751f67
9,up_blocks.1.attentions.2.transformer_blocks.0.attn2.to_v,1280,768,subspace,False,upstream,1.3334752111404669e-05,0.0004068406706210226,single_subspace_guitar_to_piano,official_oce_baseline,8bad6b51b0599062b5a46d33ac396348cad5d297c939d2adfd66ebcdd3aab348,8e9decba7f0190568394dcf47c1b4dcbd9e4ae3be7c9691ed7d3c94641751f67
10,up_blocks.2.attentions.0.transformer_blocks.0.attn2.to_v,640,768,subspace,False,upstream,8.101281309791375e-06,0.00017009688599500805,single_subspace_guitar_to_piano,official_oce_baseline,8bad6b51b0599062b5a46d33ac396348cad5d297c939d2adfd66ebcdd3aab348,8e9decba7f0190568394dcf47c1b4dcbd9e4ae3be7c9691ed7d3c94641751f67
11,up_blocks.2.attentions.1.transformer_blocks.0.attn2.to_v,640,768,subspace,False,upstream,9.417020010005217e-06,0.00019472595886327326,single_subspace_guitar_to_piano,official_oce_baseline,8bad6b51b0599062b5a46d33ac396348cad5d297c939d2adfd66ebcdd3aab348,8e9decba7f0190568394dcf47c1b4dcbd9e4ae3be7c9691ed7d3c94641751f67
12,up_blocks.2.attentions.2.transformer_blocks.0.attn2.to_v,640,768,subspace,False,upstream,8.960893865150865e-06,0.00018157792510464787,single_subspace_guitar_to_piano,official_oce_baseline,8bad6b51b0599062b5a46d33ac396348cad5d297c939d2adfd66ebcdd3aab348,8e9decba7f0190568394dcf47c1b4dcbd9e4ae3be7c9691ed7d3c94641751f67
13,up_blocks.3.attentions.0.transformer_blocks.0.attn2.to_v,320,768,subspace,False,upstream,5.922785476286663e-06,6.843436858616769e-05,single_subspace_guitar_to_piano,official_oce_baseline,8bad6b51b0599062b5a46d33ac396348cad5d297c939d2adfd66ebcdd3aab348,8e9decba7f0190568394dcf47c1b4dcbd9e4ae3be7c9691ed7d3c94641751f67
14,up_blocks.3.attentions.1.transformer_blocks.0.attn2.to_v,320,768,subspace,False,upstream,5.691592832590686e-06,7.672834180993959e-05,single_subspace_guitar_to_piano,official_oce_baseline,8bad6b51b0599062b5a46d33ac396348cad5d297c939d2adfd66ebcdd3aab348,8e9decba7f0190568394dcf47c1b4dcbd9e4ae3be7c9691ed7d3c94641751f67
15,up_blocks.3.attentions.2.transformer_blocks.0.attn2.to_v,320,768,subspace,False,upstream,6.17061459706747e-06,8.158385753631592e-05,single_subspace_guitar_to_piano,official_oce_baseline,8bad6b51b0599062b5a46d33ac396348cad5d297c939d2adfd66ebcdd3aab348,8e9decba7f0190568394dcf47c1b4dcbd9e4ae3be7c9691ed7d3c94641751f67
16,mid_block.attentions.0.transformer_blocks.0.attn2.to_v,1280,768,subspace,False,upstream,1.3139978364051785e-05,0.00032186362659558654,single_subspace_guitar_to_piano,official_oce_baseline,8bad6b51b0599062b5a46d33ac396348cad5d297c939d2adfd66ebcdd3aab348,8e9decba7f0190568394dcf47c1b4dcbd9e4ae3be7c9691ed7d3c94641751f67
1,down_blocks.0.attentions.0.transformer_blocks.0.attn2.to_v,320,768,subspace,False,upstream,5.842172413395019e-06,9.188552212435752e-05,joint_subspace_n2,official_oce_baseline,cb91a7abf4bd657f8b15c65fba7b2156f1dd94a7bd2ea54b77358a1d7d67117c,baaea3bd2d019f56fd621766db9006fabf56455877bcf3eeea41b77fb3e1366b
2,down_blocks.0.attentions.1.transformer_blocks.0.attn2.to_v,320,768,subspace,False,upstream,6.215515895746648e-06,8.902760600904003e-05,joint_subspace_n2,official_oce_baseline,cb91a7abf4bd657f8b15c65fba7b2156f1dd94a7bd2ea54b77358a1d7d67117c,baaea3bd2d019f56fd621766db9006fabf56455877bcf3eeea41b77fb3e1366b
3,down_blocks.1.attentions.0.transformer_blocks.0.attn2.to_v,640,768,subspace,False,upstream,9.424400559510104e-06,0.00019550802244339138,joint_subspace_n2,official_oce_baseline,cb91a7abf4bd657f8b15c65fba7b2156f1dd94a7bd2ea54b77358a1d7d67117c,baaea3bd2d019f56fd621766db9006fabf56455877bcf3eeea41b77fb3e1366b
4,down_blocks.1.attentions.1.transformer_blocks.0.attn2.to_v,640,768,subspace,False,upstream,9.862551451078616e-06,0.00017036747885867953,joint_subspace_n2,official_oce_baseline,cb91a7abf4bd657f8b15c65fba7b2156f1dd94a7bd2ea54b77358a1d7d67117c,baaea3bd2d019f56fd621766db9006fabf56455877bcf3eeea41b77fb3e1366b
5,down_blocks.2.attentions.0.transformer_blocks.0.attn2.to_v,1280,768,subspace,True,upstream,1.3585270608018618e-05,0.0003293222689535469,joint_subspace_n2,official_oce_baseline,cb91a7abf4bd657f8b15c65fba7b2156f1dd94a7bd2ea54b77358a1d7d67117c,baaea3bd2d019f56fd621766db9006fabf56455877bcf3eeea41b77fb3e1366b
6,down_blocks.2.attentions.1.transformer_blocks.0.attn2.to_v,1280,768,subspace,False,upstream,1.3447628589347005e-05,0.00036168479709886014,joint_subspace_n2,official_oce_baseline,cb91a7abf4bd657f8b15c65fba7b2156f1dd94a7bd2ea54b77358a1d7d67117c,baaea3bd2d019f56fd621766db9006fabf56455877bcf3eeea41b77fb3e1366b
7,up_blocks.1.attentions.0.transformer_blocks.0.attn2.to_v,1280,768,subspace,True,upstream,1.3042088539805263e-05,0.00034036461147479713,joint_subspace_n2,official_oce_baseline,cb91a7abf4bd657f8b15c65fba7b2156f1dd94a7bd2ea54b77358a1d7d67117c,baaea3bd2d019f56fd621766db9006fabf56455877bcf3eeea41b77fb3e1366b
8,up_blocks.1.attentions.1.transformer_blocks.0.attn2.to_v,1280,768,subspace,False,upstream,1.3036849850323051e-05,0.00030027254251763225,joint_subspace_n2,official_oce_baseline,cb91a7abf4bd657f8b15c65fba7b2156f1dd94a7bd2ea54b77358a1d7d67117c,baaea3bd2d019f56fd621766db9006fabf56455877bcf3eeea41b77fb3e1366b
9,up_blocks.1.attentions.2.transformer_blocks.0.attn2.to_v,1280,768,subspace,False,upstream,1.297929156862665e-05,0.000374990253476426,joint_subspace_n2,official_oce_baseline,cb91a7abf4bd657f8b15c65fba7b2156f1dd94a7bd2ea54b77358a1d7d67117c,baaea3bd2d019f56fd621766db9006fabf56455877bcf3eeea41b77fb3e1366b
10,up_blocks.2.attentions.0.transformer_blocks.0.attn2.to_v,640,768,subspace,False,upstream,8.645590241940226e-06,0.00018850377819035202,joint_subspace_n2,official_oce_baseline,cb91a7abf4bd657f8b15c65fba7b2156f1dd94a7bd2ea54b77358a1d7d67117c,baaea3bd2d019f56fd621766db9006fabf56455877bcf3eeea41b77fb3e1366b
11,up_blocks.2.attentions.1.transformer_blocks.0.attn2.to_v,640,768,subspace,False,upstream,8.99050064617768e-06,0.00017612738884054124,joint_subspace_n2,official_oce_baseline,cb91a7abf4bd657f8b15c65fba7b2156f1dd94a7bd2ea54b77358a1d7d67117c,baaea3bd2d019f56fd621766db9006fabf56455877bcf3eeea41b77fb3e1366b
12,up_blocks.2.attentions.2.transformer_blocks.0.attn2.to_v,640,768,subspace,False,upstream,8.584779607190285e-06,0.00017199649300891906,joint_subspace_n2,official_oce_baseline,cb91a7abf4bd657f8b15c65fba7b2156f1dd94a7bd2ea54b77358a1d7d67117c,baaea3bd2d019f56fd621766db9006fabf56455877bcf3eeea41b77fb3e1366b
13,up_blocks.3.attentions.0.transformer_blocks.0.attn2.to_v,320,768,subspace,False,upstream,6.303433565335581e-06,9.286551357945427e-05,joint_subspace_n2,official_oce_baseline,cb91a7abf4bd657f8b15c65fba7b2156f1dd94a7bd2ea54b77358a1d7d67117c,baaea3bd2d019f56fd621766db9006fabf56455877bcf3eeea41b77fb3e1366b
14,up_blocks.3.attentions.1.transformer_blocks.0.attn2.to_v,320,768,subspace,False,upstream,6.02304817221011e-06,8.473108755424619e-05,joint_subspace_n2,official_oce_baseline,cb91a7abf4bd657f8b15c65fba7b2156f1dd94a7bd2ea54b77358a1d7d67117c,baaea3bd2d019f56fd621766db9006fabf56455877bcf3eeea41b77fb3e1366b
15,up_blocks.3.attentions.2.transformer_blocks.0.attn2.to_v,320,768,subspace,False,upstream,5.957911980658537e-06,8.784972305875272e-05,joint_subspace_n2,official_oce_baseline,cb91a7abf4bd657f8b15c65fba7b2156f1dd94a7bd2ea54b77358a1d7d67117c,baaea3bd2d019f56fd621766db9006fabf56455877bcf3eeea41b77fb3e1366b
16,mid_block.attentions.0.transformer_blocks.0.attn2.to_v,1280,768,subspace,True,upstream,1.3702584510610905e-05,0.00033507918124087155,joint_subspace_n2,official_oce_baseline,cb91a7abf4bd657f8b15c65fba7b2156f1dd94a7bd2ea54b77358a1d7d67117c,baaea3bd2d019f56fd621766db9006fabf56455877bcf3eeea41b77fb3e1366b
1,down_blocks.0.attentions.0.transformer_blocks.0.attn2.to_v,320,768,vector,False,upstream,6.283434686338296e-06,8.941128180595115e-05,joint_vector_eq6_n2,eq6_ablation,21700566f15d36f9d9384c9484bd050b0da8eba05aeac8ef731711e4c097d0c0,c1f11270beb43a602470990da83cedd626bf1b8d42fab88d42e7a17d017f6af7
2,down_blocks.0.attentions.1.transformer_blocks.0.attn2.to_v,320,768,vector,False,upstream,5.881482593395049e-06,6.892329110996798e-05,joint_vector_eq6_n2,eq6_ablation,21700566f15d36f9d9384c9484bd050b0da8eba05aeac8ef731711e4c097d0c0,c1f11270beb43a602470990da83cedd626bf1b8d42fab88d42e7a17d017f6af7
3,down_blocks.1.attentions.0.transformer_blocks.0.attn2.to_v,640,768,vector,False,upstream,9.880272955342662e-06,0.00018525851191952825,joint_vector_eq6_n2,eq6_ablation,21700566f15d36f9d9384c9484bd050b0da8eba05aeac8ef731711e4c097d0c0,c1f11270beb43a602470990da83cedd626bf1b8d42fab88d42e7a17d017f6af7
4,down_blocks.1.attentions.1.transformer_blocks.0.attn2.to_v,640,768,vector,True,upstream,9.689351827546488e-06,0.00015366161824204028,joint_vector_eq6_n2,eq6_ablation,21700566f15d36f9d9384c9484bd050b0da8eba05aeac8ef731711e4c097d0c0,c1f11270beb43a602470990da83cedd626bf1b8d42fab88d42e7a17d017f6af7
5,down_blocks.2.attentions.0.transformer_blocks.0.attn2.to_v,1280,768,vector,True,upstream,1.5140748473640997e-05,0.0003994015569332987,joint_vector_eq6_n2,eq6_ablation,21700566f15d36f9d9384c9484bd050b0da8eba05aeac8ef731711e4c097d0c0,c1f11270beb43a602470990da83cedd626bf1b8d42fab88d42e7a17d017f6af7
6,down_blocks.2.attentions.1.transformer_blocks.0.attn2.to_v,1280,768,vector,True,upstream,1.4634935723734088e-05,0.0003889133222401142,joint_vector_eq6_n2,eq6_ablation,21700566f15d36f9d9384c9484bd050b0da8eba05aeac8ef731711e4c097d0c0,c1f11270beb43a602470990da83cedd626bf1b8d42fab88d42e7a17d017f6af7
7,up_blocks.1.attentions.0.transformer_blocks.0.attn2.to_v,1280,768,vector,True,upstream,1.4024444681126624e-05,0.00035667463089339435,joint_vector_eq6_n2,eq6_ablation,21700566f15d36f9d9384c9484bd050b0da8eba05aeac8ef731711e4c097d0c0,c1f11270beb43a602470990da83cedd626bf1b8d42fab88d42e7a17d017f6af7
8,up_blocks.1.attentions.1.transformer_blocks.0.attn2.to_v,1280,768,vector,True,upstream,1.39428157126531e-05,0.00034664192935451865,joint_vector_eq6_n2,eq6_ablation,21700566f15d36f9d9384c9484bd050b0da8eba05aeac8ef731711e4c097d0c0,c1f11270beb43a602470990da83cedd626bf1b8d42fab88d42e7a17d017f6af7
9,up_blocks.1.attentions.2.transformer_blocks.0.attn2.to_v,1280,768,vector,True,upstream,1.4689670933876187e-05,0.0003955139545723796,joint_vector_eq6_n2,eq6_ablation,21700566f15d36f9d9384c9484bd050b0da8eba05aeac8ef731711e4c097d0c0,c1f11270beb43a602470990da83cedd626bf1b8d42fab88d42e7a17d017f6af7
10,up_blocks.2.attentions.0.transformer_blocks.0.attn2.to_v,640,768,vector,True,upstream,1.0192487025051378e-05,0.0002027323644142598,joint_vector_eq6_n2,eq6_ablation,21700566f15d36f9d9384c9484bd050b0da8eba05aeac8ef731711e4c097d0c0,c1f11270beb43a602470990da83cedd626bf1b8d42fab88d42e7a17d017f6af7
11,up_blocks.2.attentions.1.transformer_blocks.0.attn2.to_v,640,768,vector,False,upstream,9.728486475069076e-06,0.00017705076606944203,joint_vector_eq6_n2,eq6_ablation,21700566f15d36f9d9384c9484bd050b0da8eba05aeac8ef731711e4c097d0c0,c1f11270beb43a602470990da83cedd626bf1b8d42fab88d42e7a17d017f6af7
12,up_blocks.2.attentions.2.transformer_blocks.0.attn2.to_v,640,768,vector,True,upstream,1.0438545359647833e-05,0.0002105720923282206,joint_vector_eq6_n2,eq6_ablation,21700566f15d36f9d9384c9484bd050b0da8eba05aeac8ef731711e4c097d0c0,c1f11270beb43a602470990da83cedd626bf1b8d42fab88d42e7a17d017f6af7
13,up_blocks.3.attentions.0.transformer_blocks.0.attn2.to_v,320,768,vector,False,upstream,5.9273766055412125e-06,5.341707947081886e-05,joint_vector_eq6_n2,eq6_ablation,21700566f15d36f9d9384c9484bd050b0da8eba05aeac8ef731711e4c097d0c0,c1f11270beb43a602470990da83cedd626bf1b8d42fab88d42e7a17d017f6af7
14,up_blocks.3.attentions.1.transformer_blocks.0.attn2.to_v,320,768,vector,True,upstream,5.826790129503934e-06,6.546505755977705e-05,joint_vector_eq6_n2,eq6_ablation,21700566f15d36f9d9384c9484bd050b0da8eba05aeac8ef731711e4c097d0c0,c1f11270beb43a602470990da83cedd626bf1b8d42fab88d42e7a17d017f6af7
15,up_blocks.3.attentions.2.transformer_blocks.0.attn2.to_v,320,768,vector,True,upstream,5.560832505580038e-06,6.19659767835401e-05,joint_vector_eq6_n2,eq6_ablation,21700566f15d36f9d9384c9484bd050b0da8eba05aeac8ef731711e4c097d0c0,c1f11270beb43a602470990da83cedd626bf1b8d42fab88d42e7a17d017f6af7
16,mid_block.attentions.0.transformer_blocks.0.attn2.to_v,1280,768,vector,False,upstream,1.3979387404106092e-05,0.0003813543007709086,joint_vector_eq6_n2,eq6_ablation,21700566f15d36f9d9384c9484bd050b0da8eba05aeac8ef731711e4c097d0c0,c1f11270beb43a602470990da83cedd626bf1b8d42fab88d42e7a17d017f6af7
1,down_blocks.0.attentions.0.transformer_blocks.0.attn2.to_v,320,768,subspace,False,upstream,5.749677256972063e-06,9.259371290681884e-05,joint_subspace_n2_anchor_permuted,official_oce_baseline,d5c5dbcdf74963cca9d62fc9f0d0e954f23996d5a525a9a12d6f6cf00ec11711,0d6b56ca6cfba178df78788634c2605f993239053e5c90c665d55193843e7064
2,down_blocks.0.attentions.1.transformer_blocks.0.attn2.to_v,320,768,subspace,False,upstream,6.127367669250816e-06,8.148796041496098e-05,joint_subspace_n2_anchor_permuted,official_oce_baseline,d5c5dbcdf74963cca9d62fc9f0d0e954f23996d5a525a9a12d6f6cf00ec11711,0d6b56ca6cfba178df78788634c2605f993239053e5c90c665d55193843e7064
3,down_blocks.1.attentions.0.transformer_blocks.0.attn2.to_v,640,768,subspace,False,upstream,9.862190381682012e-06,0.00019781624723691493,joint_subspace_n2_anchor_permuted,official_oce_baseline,d5c5dbcdf74963cca9d62fc9f0d0e954f23996d5a525a9a12d6f6cf00ec11711,0d6b56ca6cfba178df78788634c2605f993239053e5c90c665d55193843e7064
4,down_blocks.1.attentions.1.transformer_blocks.0.attn2.to_v,640,768,subspace,False,upstream,1.0005840522353537e-05,0.00017406580445822328,joint_subspace_n2_anchor_permuted,official_oce_baseline,d5c5dbcdf74963cca9d62fc9f0d0e954f23996d5a525a9a12d6f6cf00ec11711,0d6b56ca6cfba178df78788634c2605f993239053e5c90c665d55193843e7064
5,down_blocks.2.attentions.0.transformer_blocks.0.attn2.to_v,1280,768,subspace,False,upstream,1.3207404663262423e-05,0.0003401394351385534,joint_subspace_n2_anchor_permuted,official_oce_baseline,d5c5dbcdf74963cca9d62fc9f0d0e954f23996d5a525a9a12d6f6cf00ec11711,0d6b56ca6cfba178df78788634c2605f993239053e5c90c665d55193843e7064
6,down_blocks.2.attentions.1.transformer_blocks.0.attn2.to_v,1280,768,subspace,False,upstream,1.3218402273196261e-05,0.0003474443801678717,joint_subspace_n2_anchor_permuted,official_oce_baseline,d5c5dbcdf74963cca9d62fc9f0d0e954f23996d5a525a9a12d6f6cf00ec11711,0d6b56ca6cfba178df78788634c2605f993239053e5c90c665d55193843e7064
7,up_blocks.1.attentions.0.transformer_blocks.0.attn2.to_v,1280,768,subspace,True,upstream,1.259264081454603e-05,0.00032714111148379743,joint_subspace_n2_anchor_permuted,official_oce_baseline,d5c5dbcdf74963cca9d62fc9f0d0e954f23996d5a525a9a12d6f6cf00ec11711,0d6b56ca6cfba178df78788634c2605f993239053e5c90c665d55193843e7064
8,up_blocks.1.attentions.1.transformer_blocks.0.attn2.to_v,1280,768,subspace,False,upstream,1.2832097127102315e-05,0.0002813090686686337,joint_subspace_n2_anchor_permuted,official_oce_baseline,d5c5dbcdf74963cca9d62fc9f0d0e954f23996d5a525a9a12d6f6cf00ec11711,0d6b56ca6cfba178df78788634c2605f993239053e5c90c665d55193843e7064
9,up_blocks.1.attentions.2.transformer_blocks.0.attn2.to_v,1280,768,subspace,False,upstream,1.2880753274657764e-05,0.00035706328344531357,joint_subspace_n2_anchor_permuted,official_oce_baseline,d5c5dbcdf74963cca9d62fc9f0d0e954f23996d5a525a9a12d6f6cf00ec11711,0d6b56ca6cfba178df78788634c2605f993239053e5c90c665d55193843e7064
10,up_blocks.2.attentions.0.transformer_blocks.0.attn2.to_v,640,768,subspace,False,upstream,9.164985385723412e-06,0.0001926221011672169,joint_subspace_n2_anchor_permuted,official_oce_baseline,d5c5dbcdf74963cca9d62fc9f0d0e954f23996d5a525a9a12d6f6cf00ec11711,0d6b56ca6cfba178df78788634c2605f993239053e5c90c665d55193843e7064
11,up_blocks.2.attentions.1.transformer_blocks.0.attn2.to_v,640,768,subspace,False,upstream,9.076560672838241e-06,0.00018031922809313983,joint_subspace_n2_anchor_permuted,official_oce_baseline,d5c5dbcdf74963cca9d62fc9f0d0e954f23996d5a525a9a12d6f6cf00ec11711,0d6b56ca6cfba178df78788634c2605f993239053e5c90c665d55193843e7064
12,up_blocks.2.attentions.2.transformer_blocks.0.attn2.to_v,640,768,subspace,False,upstream,8.517435162502807e-06,0.00016537445480935276,joint_subspace_n2_anchor_permuted,official_oce_baseline,d5c5dbcdf74963cca9d62fc9f0d0e954f23996d5a525a9a12d6f6cf00ec11711,0d6b56ca6cfba178df78788634c2605f993239053e5c90c665d55193843e7064
13,up_blocks.3.attentions.0.transformer_blocks.0.attn2.to_v,320,768,subspace,False,upstream,6.2023295868129935e-06,8.079963299678639e-05,joint_subspace_n2_anchor_permuted,official_oce_baseline,d5c5dbcdf74963cca9d62fc9f0d0e954f23996d5a525a9a12d6f6cf00ec11711,0d6b56ca6cfba178df78788634c2605f993239053e5c90c665d55193843e7064
14,up_blocks.3.attentions.1.transformer_blocks.0.attn2.to_v,320,768,subspace,False,upstream,6.0926813603146e-06,8.736585004953668e-05,joint_subspace_n2_anchor_permuted,official_oce_baseline,d5c5dbcdf74963cca9d62fc9f0d0e954f23996d5a525a9a12d6f6cf00ec11711,0d6b56ca6cfba178df78788634c2605f993239053e5c90c665d55193843e7064
15,up_blocks.3.attentions.2.transformer_blocks.0.attn2.to_v,320,768,subspace,False,upstream,6.372252300934633e-06,8.325803355546668e-05,joint_subspace_n2_anchor_permuted,official_oce_baseline,d5c5dbcdf74963cca9d62fc9f0d0e954f23996d5a525a9a12d6f6cf00ec11711,0d6b56ca6cfba178df78788634c2605f993239053e5c90c665d55193843e7064
16,mid_block.attentions.0.transformer_blocks.0.attn2.to_v,1280,768,subspace,True,upstream,1.2868964404333383e-05,0.0003091775579378009,joint_subspace_n2_anchor_permuted,official_oce_baseline,d5c5dbcdf74963cca9d62fc9f0d0e954f23996d5a525a9a12d6f6cf00ec11711,0d6b56ca6cfba178df78788634c2605f993239053e5c90c665d55193843e7064
