group,target_names,anchor_names,layer,variant,target_rank,anchor_rank,true_leakage,projector_leakage_crosscheck,raw_frozen_s_preservation_loss,normalized_frozen_s_preservation_distortion,frozen_s_delta_vs_variant_c,frozen_s_ratio_vs_variant_c,anchor_feature_drift,anchor_delta_vs_variant_c,anchor_ratio_vs_variant_c,anchor_delta_vs_variant_d,orthogonality_residual,exact_mapping_residual,determinant
balls,"[""soccer ball"", ""volleyball""]","[""basketball"", ""baseball""]",down_blocks.0.attentions.0.transformer_blocks.0.attn2.to_v,C_objective_faithful,12,12,0.94450555451148599,0.94450555451163043,2009.6873648888334,0.20422144944628087,0,1,0.29237114437394202,0,1,-0.26794950863809036,2.0295431534980027e-12,,1.0000000000163531
balls,"[""soccer ball"", ""volleyball""]","[""basketball"", ""baseball""]",down_blocks.0.attentions.0.transformer_blocks.0.attn2.to_v,D_exact_orthogonal,12,12,1.5504312077727524e-29,1.6165535784830817e-29,816.92142307654285,0.083014343434277618,-0.12120710601200325,0.40649179437008159,0.56032065301203238,0.26794950863809036,1.9164704308007345,0,1.7305764842277507e-12,1.4854304391132616e-14,-1.0000000000131768
balls,"[""soccer ball"", ""volleyball""]","[""basketball"", ""baseball""]",down_blocks.0.attentions.0.transformer_blocks.0.attn2.to_v,E_anchor_optimal_exact_orthogonal,12,12,1.5638509422165007e-29,1.6313656801065687e-29,15617.045818554936,1.5869810343912314,1.3827595849449505,7.7708832186536627,0.38751748551010656,0.095146341136164547,1.3254299987090128,-0.17280316750192581,1.8546259477298014e-12,1.4908141425433257e-14,-1.0000000000145772
balls,"[""soccer ball"", ""volleyball""]","[""basketball"", ""baseball""]",down_blocks.0.attentions.1.transformer_blocks.0.attn2.to_v,C_objective_faithful,12,12,0.89670296992234588,0.89670296992247689,1379.0712887770887,0.18048754943486331,0,1,0.28394091505511365,0,1,0.013545648059146487,2.1188535187200626e-12,,1.0000000000172427
balls,"[""soccer ball"", ""volleyball""]","[""basketball"", ""baseball""]",down_blocks.0.attentions.1.transformer_blocks.0.attn2.to_v,D_exact_orthogonal,12,12,1.2229293836106014e-29,1.2897642969024635e-29,486.5780920265903,0.063681470387544264,-0.11680607904731904,0.35283026772174364,0.27039526699596717,-0.013545648059146487,0.95229413113458039,0,1.8569608028567234e-12,1.1512014155201807e-14,1.0000000000144067
balls,"[""soccer ball"", ""volleyball""]","[""basketball"", ""baseball""]",down_blocks.0.attentions.1.transformer_blocks.0.attn2.to_v,E_anchor_optimal_exact_orthogonal,12,12,1.2260624849852019e-29,1.2998876736932643e-29,8761.3313763508486,1.1466493739468635,0.96616182451200017,6.3530663335904025,0.19599677487555048,-0.087944140179563174,0.69027309726570052,-0.074398492120416687,1.8666520941316563e-12,1.1554948820877467e-14,1.0000000000145888
balls,"[""soccer ball"", ""volleyball""]","[""basketball"", ""baseball""]",down_blocks.1.attentions.0.transformer_blocks.0.attn2.to_v,C_objective_faithful,12,12,0.93871522431470256,0.93871522431506049,2834.4224148867997,0.13611333303795792,0,1,0.29235453340292178,0,1,-0.33069388416274975,6.659907715766268e-12,,1.0000000000791467
balls,"[""soccer ball"", ""volleyball""]","[""basketball"", ""baseball""]",down_blocks.1.attentions.0.transformer_blocks.0.attn2.to_v,D_exact_orthogonal,12,12,1.028641909660645e-29,1.1485887451510984e-29,1402.3575398706182,0.067343370508281888,-0.068769962529676029,0.49475954342769524,0.62304841756567153,0.33069388416274975,2.1311399221813634,0,6.551438500516173e-12,1.2934438835164182e-14,1.0000000000779918
balls,"[""soccer ball"", ""volleyball""]","[""basketball"", ""baseball""]",down_blocks.1.attentions.0.transformer_blocks.0.attn2.to_v,E_anchor_optimal_exact_orthogonal,12,12,1.0685456097887755e-29,1.1796545362015643e-29,36060.662486632144,1.7316885926505012,1.5955752596125432,12.722402383369639,0.49690993477632261,0.20455540137340084,1.6996826729260375,-0.12613848278934892,6.2745187216278672e-12,1.3055788121267895e-14,-1.0000000000744165
balls,"[""soccer ball"", ""volleyball""]","[""basketball"", ""baseball""]",down_blocks.1.attentions.1.transformer_blocks.0.attn2.to_v,C_objective_faithful,12,12,0.92485535094522586,0.92485535094561333,1928.7456753135907,0.12429026062056024,0,1,0.25632283309720333,0,1,-0.21644492797732634,6.7075345785568472e-12,,1.0000000000795837
balls,"[""soccer ball"", ""volleyball""]","[""basketball"", ""baseball""]",down_blocks.1.attentions.1.transformer_blocks.0.attn2.to_v,D_exact_orthogonal,12,12,1.7180895577415167e-29,1.8305088011988396e-29,932.65034885209525,0.060100902057932684,-0.064189358562627558,0.48355278810953528,0.47276776107452967,0.21644492797732634,1.8444231259540018,0,6.3375920005512531e-12,1.6966392029020087e-14,1.0000000000750691
balls,"[""soccer ball"", ""volleyball""]","[""basketball"", ""baseball""]",down_blocks.1.attentions.1.transformer_blocks.0.attn2.to_v,E_anchor_optimal_exact_orthogonal,12,12,1.7518961938194167e-29,1.8592087971172426e-29,24808.015635276308,1.5986528282356889,1.4743625676151286,12.862253407900875,0.3768743169941447,0.12055148389694137,1.4703111402144402,-0.095893444080384971,6.2379712916567925e-12,1.7151389543233627e-14,1.0000000000738267
balls,"[""soccer ball"", ""volleyball""]","[""basketball"", ""baseball""]",down_blocks.2.attentions.0.transformer_blocks.0.attn2.to_v,C_objective_faithful,12,12,0.95489074816644026,0.95489074816718311,3995.6200912822901,0.077345117726086113,0,1,0.21819564642578337,0,1,-0.62112504676070801,2.4627824319090173e-11,,1.0000000004221705
balls,"[""soccer ball"", ""volleyball""]","[""basketball"", ""baseball""]",down_blocks.2.attentions.0.transformer_blocks.0.attn2.to_v,D_exact_orthogonal,12,12,1.4151442682854029e-29,1.488138735886311e-29,2470.0400630107497,0.047813739819394213,-0.0295313779066919,0.61818691631867695,0.83932069318649138,0.62112504676070801,3.8466427123328342,0,2.424127683038876e-11,2.1896612284075029e-14,1.0000000004140979
balls,"[""soccer ball"", ""volleyball""]","[""basketball"", ""baseball""]",down_blocks.2.attentions.0.transformer_blocks.0.attn2.to_v,E_anchor_optimal_exact_orthogonal,12,12,1.4201479041081546e-29,1.4833591712437908e-29,98045.743061369838,1.8979180618719831,1.8205729441458969,24.538304648954902,0.72653232617401586,0.50833667974823249,3.3297287919130736,-0.11278836701247552,2.1816409528995104e-11,2.2018884171195595e-14,1.0000000003788885
balls,"[""soccer ball"", ""volleyball""]","[""basketball"", ""baseball""]",down_blocks.2.attentions.1.transformer_blocks.0.attn2.to_v,C_objective_faithful,12,12,0.95586847751872883,0.9558684775194487,4130.8825354005921,0.077062706162456071,0,1,0.17713747237673239,0,1,-0.70395889478642382,2.5882559352677078e-11,,-1.0000000004410539
balls,"[""soccer ball"", ""volleyball""]","[""basketball"", ""baseball""]",down_blocks.2.attentions.1.transformer_blocks.0.attn2.to_v,D_exact_orthogonal,12,12,2.2192448732305945e-29,2.3010174960569238e-29,2646.7372341449968,0.04937558306638417,-0.027687123096071901,0.64071955846314799,0.8810963671631562,0.70395889478642382,4.9740823064769621,0,2.4246265730520347e-11,1.3712137080515817e-14,-1.0000000004146643
balls,"[""soccer ball"", ""volleyball""]","[""basketball"", ""baseball""]",down_blocks.2.attentions.1.transformer_blocks.0.attn2.to_v,E_anchor_optimal_exact_orthogonal,12,12,2.2081870673071853e-29,2.2964804426367197e-29,102822.26424581013,1.9181765321644211,1.841113826001965,24.891113064738587,0.74654288549035563,0.56940541311362325,4.2144831100594198,-0.13455348167280057,2.1751884552070342e-11,1.3674432978149557e-14,-1.0000000003773348
balls,"[""soccer ball"", ""volleyball""]","[""basketball"", ""baseball""]",mid_block.attentions.0.transformer_blocks.0.attn2.to_v,C_objective_faithful,12,12,0.95649091835706468,0.95649091835787248,5533.9013414690808,0.066609979078973452,0,1,0.2054703439426713,0,1,-0.69880116911329282,2.5270228287025853e-11,,-1.0000000004318281
balls,"[""soccer ball"", ""volleyball""]","[""basketball"", ""baseball""]",mid_block.attentions.0.transformer_blocks.0.attn2.to_v,D_exact_orthogonal,12,12,2.5472398264930108e-29,2.6212129787843631e-29,3994.2203806188149,0.048077282114899297,-0.018532696964074155,0.7217729652474203,0.90427151305596409,0.69880116911329282,4.4009831088240485,0,2.3635535712853841e-11,1.8163966839211518e-14,1.0000000003999989
balls,"[""soccer ball"", ""volleyball""]","[""basketball"", ""baseball""]",mid_block.attentions.0.transformer_blocks.0.attn2.to_v,E_anchor_optimal_exact_orthogonal,12,12,2.5358100407690327e-29,2.618753640309499e-29,161343.91833269439,1.9420503477583404,1.875440368679367,29.155546580427931,0.79961104929058857,0.5941407053479173,3.8916129400829234,-0.10466046376537552,2.161998256293906e-11,1.8018817741935249e-14,-1.0000000003755105
balls,"[""soccer ball"", ""volleyball""]","[""basketball"", ""baseball""]",up_blocks.1.attentions.0.transformer_blocks.0.attn2.to_v,C_objective_faithful,12,12,0.95243691651962958,0.95243691652034634,5793.378481978908,0.070015833811373954,0,1,0.19058168145991553,0,1,-0.70187569992497034,2.5497620927205866e-11,,-1.0000000004372809
balls,"[""soccer ball"", ""volleyball""]","[""basketball"", ""baseball""]",up_blocks.1.attentions.0.transformer_blocks.0.attn2.to_v,D_exact_orthogonal,12,12,3.3240856177068703e-29,3.3903738412564785e-29,4425.0822763065089,0.053479299897855506,-0.016536533913518447,0.76381722514269168,0.89245738138488584,0.70187569992497034,4.6828077837721969,0,2.5082927488279948e-11,1.5494637727346479e-14,-1.000000000426488
balls,"[""soccer ball"", ""volleyball""]","[""basketball"", ""baseball""]",up_blocks.1.attentions.0.transformer_blocks.0.attn2.to_v,E_anchor_optimal_exact_orthogonal,12,12,3.3099101548473823e-29,3.3798532605711048e-29,160213.64349868501,1.9362608316394618,1.8662449978280879,27.654613624338779,0.76650331220626766,0.57592163074635216,4.0219149413239066,-0.12595406917861818,2.1893304731518343e-11,1.5528640418323957e-14,1.0000000003809915
balls,"[""soccer ball"", ""volleyball""]","[""basketball"", ""baseball""]",up_blocks.1.attentions.1.transformer_blocks.0.attn2.to_v,C_objective_faithful,12,12,0.95642131359109739,0.95642131359186067,6927.6015463309313,0.066911923567662415,0,1,0.17108847818419373,0,1,-0.83272500763544555,2.5332027019022109e-11,,1.0000000004349967
balls,"[""soccer ball"", ""volleyball""]","[""basketball"", ""baseball""]",up_blocks.1.attentions.1.transformer_blocks.0.attn2.to_v,D_exact_orthogonal,12,12,1.4990032539163683e-29,1.5664275146960646e-29,5791.0611482099921,0.055934371850516341,-0.010977551717146074,0.83594027593534359,1.0038134858196393,0.83272500763544555,5.8672185086533668,0,2.3765895487901147e-11,1.0492882415239587e-14,1.0000000004036838
balls,"[""soccer ball"", ""volleyball""]","[""basketball"", ""baseball""]",up_blocks.1.attentions.1.transformer_blocks.0.attn2.to_v,E_anchor_optimal_exact_orthogonal,12,12,1.4868758622899045e-29,1.564217233203473e-29,201853.26281776553,1.9496488074864808,1.8827368839188183,29.137539373157679,0.88269643270549192,0.71160795452129821,5.1592979379662349,-0.12111705311414733,2.1657405528188914e-11,1.047722055679899e-14,-1.000000000375763
balls,"[""soccer ball"", ""volleyball""]","[""basketball"", ""baseball""]",up_blocks.1.attentions.2.transformer_blocks.0.attn2.to_v,C_objective_faithful,12,12,0.95752468784310174,0.9575246878438709,5850.2337177321388,0.067522603261397487,0,1,0.22012536521003767,0,1,-0.79332621860617847,2.407145127872311e-11,,1.0000000004098257
balls,"[""soccer ball"", ""volleyball""]","[""basketball"", ""baseball""]",up_blocks.1.attentions.2.transformer_blocks.0.attn2.to_v,D_exact_orthogonal,12,12,1.4245860011967256e-29,1.5003754959856021e-29,4449.5643998987634,0.051356268169209358,-0.016166335092188129,0.76057891267011646,1.0134515838162161,0.79332621860617847,4.6039745708051774,0,2.4853160130055661e-11,1.5176719523280142e-14,1.0000000004212513
balls,"[""soccer ball"", ""volleyball""]","[""basketball"", ""baseball""]",up_blocks.1.attentions.2.transformer_blocks.0.attn2.to_v,E_anchor_optimal_exact_orthogonal,12,12,1.4334432618873048e-29,1.4939169555961252e-29,167809.90382785333,1.9368391257869078,1.8693165225255102,28.684307657524723,0.82246278679673557,0.6023374215866979,3.7363380908509285,-0.19098879701948057,2.1586567442187328e-11,1.5269877256538836e-14,-1.0000000003753819
balls,"[""soccer ball"", ""volleyball""]","[""basketball"", ""baseball""]",up_blocks.2.attentions.0.transformer_blocks.0.attn2.to_v,C_objective_faithful,12,12,0.92228452047302811,0.92228452047332221,7600.4832561929552,0.087844726083610158,0,1,0.25067852230818971,0,1,-0.53000782219006415,6.8230189727984798e-12,,1.0000000000820464
balls,"[""soccer ball"", ""volleyball""]","[""basketball"", ""baseball""]",up_blocks.2.attentions.0.transformer_blocks.0.attn2.to_v,D_exact_orthogonal,12,12,1.6745158799594134e-29,1.7755888780334341e-29,6326.2390289125979,0.07311728950675063,-0.014727436576859529,0.83234694632843376,0.78068634449825391,0.53000782219006415,3.1142929091406599,0,6.7134654904288804e-12,1.1771671263922528e-14,1.0000000000793399
balls,"[""soccer ball"", ""volleyball""]","[""basketball"", ""baseball""]",up_blocks.2.attentions.0.transformer_blocks.0.attn2.to_v,E_anchor_optimal_exact_orthogonal,12,12,1.7014610651710758e-29,1.806051100283143e-29,164437.36318257547,1.9005311425315699,1.8126864164479597,21.635119457514776,0.66562277553516158,0.41494425322697187,2.6552844232775166,-0.11506356896309233,6.1355151981284257e-12,1.1961903363707321e-14,1.0000000000729474
balls,"[""soccer ball"", ""volleyball""]","[""basketball"", ""baseball""]",up_blocks.2.attentions.1.transformer_blocks.0.attn2.to_v,C_objective_faithful,12,12,0.91707312932833351,0.91707312932869334,5322.9722139210107,0.096844017519049003,0,1,0.2558550085852494,0,1,-0.3825055853872022,7.0050593488593216e-12,,1.0000000000834091
balls,"[""soccer ball"", ""volleyball""]","[""basketball"", ""baseball""]",up_blocks.2.attentions.1.transformer_blocks.0.attn2.to_v,D_exact_orthogonal,12,12,1.2918551542531056e-29,1.3986667245423347e-29,4122.4937225000485,0.075002994236912743,-0.02184102328213626,0.77447214766941919,0.6383605939724516,0.3825055853872022,2.4950091753226458,0,6.9044095036361739e-12,1.4815997992530243e-14,1.000000000081722
balls,"[""soccer ball"", ""volleyball""]","[""basketball"", ""baseball""]",up_blocks.2.attentions.1.transformer_blocks.0.attn2.to_v,E_anchor_optimal_exact_orthogonal,12,12,1.3223866265802853e-29,1.4289115847917964e-29,96129.075492498174,1.7489337717635556,1.6520897542445065,18.059285607596198,0.53602744421019244,0.28017243562494304,2.0950437795771788,-0.10233314976225916,6.1509704769278832e-12,1.495204583551465e-14,-1.0000000000731057
balls,"[""soccer ball"", ""volleyball""]","[""basketball"", ""baseball""]",up_blocks.2.attentions.2.transformer_blocks.0.attn2.to_v,C_objective_faithful,12,12,0.93984800014323877,0.93984800014360548,4337.760108177823,0.12207904929894635,0,1,0.29944933835956722,0,1,-0.37368048841218138,6.7849147601116795e-12,,1.000000000080971
balls,"[""soccer ball"", ""volleyball""]","[""basketball"", ""baseball""]",up_blocks.2.attentions.2.transformer_blocks.0.attn2.to_v,D_exact_orthogonal,12,12,9.4462674234696189e-30,1.0550472798476384e-29,2631.9266054224217,0.074071200297321921,-0.048007849001624428,0.60674784676555649,0.6731298267717486,0.37368048841218138,2.2478921825617135,0,6.7666206316655834e-12,1.7439846517622261e-14,-1.0000000000806755
balls,"[""soccer ball"", ""volleyball""]","[""basketball"", ""baseball""]",up_blocks.2.attentions.2.transformer_blocks.0.attn2.to_v,E_anchor_optimal_exact_orthogonal,12,12,9.6768179710158009e-30,1.0841891373498696e-29,65822.430164273232,1.8524629063399913,1.730383857041045,15.174290076618247,0.54434302362829567,0.24489368526872846,1.8178134124800422,-0.12878680314345292,6.3455723181835755e-12,1.7518034541031342e-14,-1.0000000000752109
balls,"[""soccer ball"", ""volleyball""]","[""basketball"", ""baseball""]",up_blocks.3.attentions.0.transformer_blocks.0.attn2.to_v,C_objective_faithful,12,12,0.88784836246468302,0.8878483624648551,1560.8537510003525,0.22820049161036082,0,1,0.32834823493913251,0,1,0.018645798867444108,2.191724924165722e-12,,1.0000000000174147
balls,"[""soccer ball"", ""volleyball""]","[""basketball"", ""baseball""]",up_blocks.3.attentions.0.transformer_blocks.0.attn2.to_v,D_exact_orthogonal,12,12,1.9408402658655234e-29,1.9977538631652636e-29,462.61294568693233,0.067635101343361703,-0.16056539026699912,0.29638455581789341,0.3097024360716884,-0.018645798867444108,0.94321334216734687,0,1.842680903262083e-12,1.1042943961851822e-14,1.0000000000143985
balls,"[""soccer ball"", ""volleyball""]","[""basketball"", ""baseball""]",up_blocks.3.attentions.0.transformer_blocks.0.attn2.to_v,E_anchor_optimal_exact_orthogonal,12,12,1.9405941641107968e-29,2.0117085317575535e-29,7971.5720067146804,1.1654625871730822,0.93726209556272133,5.1071870132648192,0.19166382463187664,-0.13668441030725587,0.58372119669656908,-0.11803861143981176,1.9237830517089619e-12,1.1158344765266779e-14,1.000000000015056
balls,"[""soccer ball"", ""volleyball""]","[""basketball"", ""baseball""]",up_blocks.3.attentions.1.transformer_blocks.0.attn2.to_v,C_objective_faithful,12,12,0.89023504116750007,0.89023504116767638,2026.5709783042048,0.1828954843783486,0,1,0.22608677094817958,0,1,-0.15096868711047884,2.1261596931472543e-12,,1.0000000000167357
balls,"[""soccer ball"", ""volleyball""]","[""basketball"", ""baseball""]",up_blocks.3.attentions.1.transformer_blocks.0.attn2.to_v,D_exact_orthogonal,12,12,1.4473801505069919e-29,1.5145121281240972e-29,811.2705989410689,0.07321615218204662,-0.10967933219630198,0.40031689372159285,0.37705545805865842,0.15096868711047884,1.6677466641561338,0,1.8775380926368795e-12,1.4400344088376199e-14,1.0000000000149747
balls,"[""soccer ball"", ""volleyball""]","[""basketball"", ""baseball""]",up_blocks.3.attentions.1.transformer_blocks.0.attn2.to_v,E_anchor_optimal_exact_orthogonal,12,12,1.4527759068745145e-29,1.5282567612314421e-29,13166.291929712923,1.188241303034252,1.0053458186559034,6.4968323688964595,0.24891900510325604,0.022832234155076458,1.1009888108858423,-0.12813645295540238,1.8452864380438584e-12,1.4376192825471153e-14,1.0000000000143379
balls,"[""soccer ball"", ""volleyball""]","[""basketball"", ""baseball""]",up_blocks.3.attentions.2.transformer_blocks.0.attn2.to_v,C_objective_faithful,12,12,0.88386632423771294,0.88386632423790068,2172.4093959080074,0.19228878451351686,0,1,0.22884071557036179,0,1,-0.026169633976001361,2.1586703105028927e-12,,1.0000000000170672
balls,"[""soccer ball"", ""volleyball""]","[""basketball"", ""baseball""]",up_blocks.3.attentions.2.transformer_blocks.0.attn2.to_v,D_exact_orthogonal,12,12,1.2241433563543165e-29,1.2724398238421384e-29,828.36129545505025,0.073321624801073584,-0.11896715971244327,0.38130993956082482,0.25501034954636315,0.026169633976001361,1.1143574206660569,0,1.9652068813952185e-12,1.8281780181869134e-14,1.0000000000155784
balls,"[""soccer ball"", ""volleyball""]","[""basketball"", ""baseball""]",up_blocks.3.attentions.2.transformer_blocks.0.attn2.to_v,E_anchor_optimal_exact_orthogonal,12,12,1.2315117242714542e-29,1.2816392303121747e-29,11794.868472403872,1.0440117439776453,0.85172295946412846,5.4293948896653248,0.18142967026033069,-0.047411045310031097,0.79282076097400778,-0.073580679286032458,2.0084981648680435e-12,1.8429536365075561e-14,-1.0000000000160048
dogs,"[""golden retriever"", ""labrador retriever""]","[""cocker spaniel"", ""beagle""]",down_blocks.0.attentions.0.transformer_blocks.0.attn2.to_v,C_objective_faithful,12,12,0.94460988562717818,0.94460988562734283,1833.7678772072302,0.18834329449895193,0,1,0.18578178630602224,0,1,-0.42079013837850532,2.0192819209916812e-12,,1.000000000016092
dogs,"[""golden retriever"", ""labrador retriever""]","[""cocker spaniel"", ""beagle""]",down_blocks.0.attentions.0.transformer_blocks.0.attn2.to_v,D_exact_orthogonal,12,12,2.3352219811751936e-29,2.4037991078830369e-29,721.41892385893186,0.074095755805479682,-0.11424753869347225,0.39340798408882033,0.60657192468452759,0.42079013837850532,3.2649698161765666,0,1.7539240817236457e-12,1.2602990516241607e-14,-1.0000000000136877
dogs,"[""golden retriever"", ""labrador retriever""]","[""cocker spaniel"", ""beagle""]",down_blocks.0.attentions.0.transformer_blocks.0.attn2.to_v,E_anchor_optimal_exact_orthogonal,12,12,2.3611771960724805e-29,2.4176873922698069e-29,15706.958312930179,1.6132359564070708,1.4248926619081188,8.5654016018926971,0.52774411062395266,0.34196232431793039,2.8406665751111118,-0.07882781406057493,1.9121981183191267e-12,1.2687040501227957e-14,1.0000000000150882
dogs,"[""golden retriever"", ""labrador retriever""]","[""cocker spaniel"", ""beagle""]",down_blocks.0.attentions.1.transformer_blocks.0.attn2.to_v,C_objective_faithful,12,12,0.89872581616206704,0.8987258161622288,1494.2754573777875,0.19878860189201808,0,1,0.15172569667134567,0,1,-0.14568231652680796,2.2145375363588556e-12,,1.0000000000179448
dogs,"[""golden retriever"", ""labrador retriever""]","[""cocker spaniel"", ""beagle""]",down_blocks.0.attentions.1.transformer_blocks.0.attn2.to_v,D_exact_orthogonal,12,12,9.7941982515498795e-30,1.0441019047109055e-29,366.64346450675862,0.048775840720856729,-0.15001276117116136,0.24536537938604627,0.29740801319815363,0.14568231652680796,1.9601690400695386,0,1.8410874149691239e-12,1.2015993121428577e-14,1.0000000000145357
dogs,"[""golden retriever"", ""labrador retriever""]","[""cocker spaniel"", ""beagle""]",down_blocks.0.attentions.1.transformer_blocks.0.attn2.to_v,E_anchor_optimal_exact_orthogonal,12,12,9.8487437898300599e-30,1.0570686731352865e-29,8480.4153815866284,1.1281788165934918,0.92939021470147376,5.6752691344261192,0.26426863743535856,0.11254294076401289,1.7417526709914743,-0.033139375762795076,1.9714793990103431e-12,1.2094927603433485e-14,-1.000000000015806
dogs,"[""golden retriever"", ""labrador retriever""]","[""cocker spaniel"", ""beagle""]",down_blocks.1.attentions.0.transformer_blocks.0.attn2.to_v,C_objective_faithful,12,12,0.95158732053193662,0.95158732053232864,2459.4385380297576,0.11955509345471453,0,1,0.1657843210303456,0,1,-0.64262213052606665,6.8069976231597758e-12,,1.0000000000809237
dogs,"[""golden retriever"", ""labrador retriever""]","[""cocker spaniel"", ""beagle""]",down_blocks.1.attentions.0.transformer_blocks.0.attn2.to_v,D_exact_orthogonal,12,12,1.9756727111942464e-29,2.0838544585680198e-29,1156.9310232853877,0.05623925724134908,-0.063315836213365451,0.47040452745454603,0.80840645155641222,0.64262213052606665,4.8762539577457353,0,6.5044950370929471e-12,1.5642356905769043e-14,-1.0000000000772282
dogs,"[""golden retriever"", ""labrador retriever""]","[""cocker spaniel"", ""beagle""]",down_blocks.1.attentions.0.transformer_blocks.0.attn2.to_v,E_anchor_optimal_exact_orthogonal,12,12,2.0008253954604933e-29,2.1127802265655867e-29,36233.116845287703,1.7613181234706465,1.641763030015932,14.732271729918427,0.65113666540083581,0.48535234437049024,3.9276130659041639,-0.15726978615557641,6.2957985736712005e-12,1.5762261115061018e-14,1.0000000000750118
dogs,"[""golden retriever"", ""labrador retriever""]","[""cocker spaniel"", ""beagle""]",down_blocks.1.attentions.1.transformer_blocks.0.attn2.to_v,C_objective_faithful,12,12,0.93590940773918518,0.93590940773962783,1878.3258553626131,0.12218553836898575,0,1,0.14494388920518092,0,1,-0.53921091319247094,6.8698779732480826e-12,,1.0000000000819804
dogs,"[""golden retriever"", ""labrador retriever""]","[""cocker spaniel"", ""beagle""]",down_blocks.1.attentions.1.transformer_blocks.0.attn2.to_v,D_exact_orthogonal,12,12,3.2475746049409348e-29,3.3572987361769597e-29,748.756391627413,0.048706779261446558,-0.073478759107539204,0.39862965709049702,0.68415480239765192,0.53921091319247094,4.7201355376160095,0,6.3901180715201242e-12,9.2436880314692587e-15,-1.0000000000760521
dogs,"[""golden retriever"", ""labrador retriever""]","[""cocker spaniel"", ""beagle""]",down_blocks.1.attentions.1.transformer_blocks.0.attn2.to_v,E_anchor_optimal_exact_orthogonal,12,12,3.2774709214693015e-29,3.3824703408967662e-29,24742.56473263252,1.6095096512966622,1.4873241129276764,13.172668981791732,0.5968545339114586,0.45191064470627768,4.1178316463314859,-0.087300268486193322,6.2061022121677517e-12,9.4474306366280918e-15,1.000000000073942
dogs,"[""golden retriever"", ""labrador retriever""]","[""cocker spaniel"", ""beagle""]",down_blocks.2.attentions.0.transformer_blocks.0.attn2.to_v,C_objective_faithful,12,12,0.97459255414816537,0.97459255414900026,3542.685014955945,0.068895008755463893,0,1,0.13425547947983507,0,1,-0.97446585982612077,2.4373601891423508e-11,,-1.0000000004173335
dogs,"[""golden retriever"", ""labrador retriever""]","[""cocker spaniel"", ""beagle""]",down_blocks.2.attentions.0.transformer_blocks.0.attn2.to_v,D_exact_orthogonal,12,12,1.1448704199859244e-29,1.21005293414646e-29,2078.3925296881298,0.04041874197837346,-0.028476266777090434,0.58667155587186059,1.1087213393059558,0.97446585982612077,8.2582948837666166,0,2.4947131832884255e-11,1.5604960604918795e-14,1.0000000004287461
dogs,"[""golden retriever"", ""labrador retriever""]","[""cocker spaniel"", ""beagle""]",down_blocks.2.attentions.0.transformer_blocks.0.attn2.to_v,E_anchor_optimal_exact_orthogonal,12,12,1.1528427392850686e-29,1.2080834683939364e-29,99743.828650070151,1.9397298713093545,1.8708348625538906,28.154867912046232,0.97970255844859711,0.84544707896876203,7.2973003578282007,-0.12901878085735874,2.1715067859918055e-11,1.5598741123485254e-14,-1.000000000377993
dogs,"[""golden retriever"", ""labrador retriever""]","[""cocker spaniel"", ""beagle""]",down_blocks.2.attentions.1.transformer_blocks.0.attn2.to_v,C_objective_faithful,12,12,0.97332926173204937,0.97332926173277923,3465.2348355836239,0.064846788376611106,0,1,0.13458974373498109,0,1,-0.90301681543224788,2.3926732172722697e-11,,-1.0000000004081
dogs,"[""golden retriever"", ""labrador retriever""]","[""cocker spaniel"", ""beagle""]",down_blocks.2.attentions.1.transformer_blocks.0.attn2.to_v,D_exact_orthogonal,12,12,1.9135702926571939e-29,1.9801880685223138e-29,2051.2428334517581,0.038386001596190038,-0.026460786780421068,0.59194915518800117,1.037606559167229,0.90301681543224788,7.7094028889033819,0,2.4848971236284408e-11,1.5545116528393214e-14,1.0000000004239809
dogs,"[""golden retriever"", ""labrador retriever""]","[""cocker spaniel"", ""beagle""]",down_blocks.2.attentions.1.transformer_blocks.0.attn2.to_v,E_anchor_optimal_exact_orthogonal,12,12,1.902127578465798e-29,1.9723259912910992e-29,103469.2840663504,1.9362759194356383,1.8714291310590272,29.859241574005427,0.92506703695839065,0.79047729322340954,6.8732357406068632,-0.11253952220883834,2.1726593514121314e-11,1.5458649505278759e-14,-1.0000000003781688
dogs,"[""golden retriever"", ""labrador retriever""]","[""cocker spaniel"", ""beagle""]",mid_block.attentions.0.transformer_blocks.0.attn2.to_v,C_objective_faithful,12,12,0.97850555950958185,0.97850555951034268,5095.3348892323329,0.061406090159397651,0,1,0.12458165720724441,0,1,-1.057713274683046,2.4293282204229716e-11,,-1.0000000004163281
dogs,"[""golden retriever"", ""labrador retriever""]","[""cocker spaniel"", ""beagle""]",mid_block.attentions.0.transformer_blocks.0.attn2.to_v,D_exact_orthogonal,12,12,2.2160042162807365e-29,2.3063162502357692e-29,3266.7535823687513,0.039369063931672825,-0.022037026227724826,0.6411263741019626,1.1822949318902904,1.057713274683046,9.4901204430401496,0,2.3617471914128118e-11,1.6372145972840244e-14,1.0000000003999203
dogs,"[""golden retriever"", ""labrador retriever""]","[""cocker spaniel"", ""beagle""]",mid_block.attentions.0.transformer_blocks.0.attn2.to_v,E_anchor_optimal_exact_orthogonal,12,12,2.2213346614130717e-29,2.3031211212969041e-29,163488.81532004575,1.9702746044840158,1.9088685143246182,32.085980386792023,1.0677585878523408,0.94317693064509633,8.5707528041315122,-0.11453634403794966,2.2033732715855857e-11,1.6482425849924695e-14,-1.0000000003840637
dogs,"[""golden retriever"", ""labrador retriever""]","[""cocker spaniel"", ""beagle""]",up_blocks.1.attentions.0.transformer_blocks.0.attn2.to_v,C_objective_faithful,12,12,0.9763486665763198,0.97634866657715502,5133.6892270106327,0.062268498746400919,0,1,0.12631138915007725,0,1,-1.0085311759587547,2.5807111924979015e-11,,-1.0000000004409284
dogs,"[""golden retriever"", ""labrador retriever""]","[""cocker spaniel"", ""beagle""]",up_blocks.1.attentions.0.transformer_blocks.0.attn2.to_v,D_exact_orthogonal,12,12,9.1492444432198434e-30,9.9025495451133827e-30,3555.3370809201324,0.043124056166372507,-0.019144442580028412,0.69255011819062129,1.1348425651088321,1.0085311759587547,8.9844832896300861,0,2.5513407209959891e-11,1.6858915343745404e-14,-1.0000000004364611
dogs,"[""golden retriever"", ""labrador retriever""]","[""cocker spaniel"", ""beagle""]",up_blocks.1.attentions.0.transformer_blocks.0.attn2.to_v,E_anchor_optimal_exact_orthogonal,12,12,9.1661242611509299e-30,9.8777210651964979e-30,161738.0315969596,1.9617830321227141,1.8995145333763133,31.505224497420599,1.0391768637726744,0.91286547462259715,8.2271034367136391,-0.095665701336157705,2.1686441096778056e-11,1.6867653407270907e-14,1.0000000003775777
dogs,"[""golden retriever"", ""labrador retriever""]","[""cocker spaniel"", ""beagle""]",up_blocks.1.attentions.1.transformer_blocks.0.attn2.to_v,C_objective_faithful,12,12,0.9743099632805986,0.97430996328145503,6111.0827082657934,0.059005109764598496,0,1,0.097847545510861916,0,1,-1.1219210005909195,2.4115791718341438e-11,,-1.0000000004115639
dogs,"[""golden retriever"", ""labrador retriever""]","[""cocker spaniel"", ""beagle""]",up_blocks.1.attentions.1.transformer_blocks.0.attn2.to_v,D_exact_orthogonal,12,12,2.6536679135706786e-29,2.728540842210161e-29,4463.8088443818842,0.043099978089755381,-0.015905131674843115,0.73044484217897732,1.2197685461017813,1.1219210005909195,12.46601066724128,0,2.4236790933868575e-11,1.8054902826295303e-14,-1.0000000004137028
dogs,"[""golden retriever"", ""labrador retriever""]","[""cocker spaniel"", ""beagle""]",up_blocks.1.attentions.1.transformer_blocks.0.attn2.to_v,E_anchor_optimal_exact_orthogonal,12,12,2.6468827504107533e-29,2.721880716694759e-29,202702.89154821794,1.9571828653581198,1.8981777555935213,33.169718235697239,1.1146740673295679,1.016826521818706,11.391947151150864,-0.10509447877221345,2.1421560435928672e-11,1.799354347610694e-14,1.0000000003724672
dogs,"[""golden retriever"", ""labrador retriever""]","[""cocker spaniel"", ""beagle""]",up_blocks.1.attentions.2.transformer_blocks.0.attn2.to_v,C_objective_faithful,12,12,0.9749235381106397,0.97492353811152077,5242.7932464153246,0.060583523685525574,0,1,0.10083723986106079,0,1,-1.1382538684515398,2.5369113052810232e-11,,-1.0000000004358229
dogs,"[""golden retriever"", ""labrador retriever""]","[""cocker spaniel"", ""beagle""]",up_blocks.1.attentions.2.transformer_blocks.0.attn2.to_v,D_exact_orthogonal,12,12,1.0220199735125372e-29,1.0845927328244579e-29,3528.550071443894,0.040774447280568858,-0.019809076404956716,0.67302865201798356,1.2390911083126006,1.1382538684515398,12.288030791202635,0,2.43951621933784e-11,2.0027783422407095e-14,-1.0000000004097382
dogs,"[""golden retriever"", ""labrador retriever""]","[""cocker spaniel"", ""beagle""]",up_blocks.1.attentions.2.transformer_blocks.0.attn2.to_v,E_anchor_optimal_exact_orthogonal,12,12,1.0235799213328792e-29,1.0786928687983454e-29,168825.30126242625,1.9508744970520138,1.8902909733664881,32.201403589176024,1.1048926280976183,1.0040553882365575,10.957188332604121,-0.13419848021498226,2.1641219526756089e-11,1.9966335879157269e-14,-1.0000000003758391
dogs,"[""golden retriever"", ""labrador retriever""]","[""cocker spaniel"", ""beagle""]",up_blocks.2.attentions.0.transformer_blocks.0.attn2.to_v,C_objective_faithful,12,12,0.94232038821769104,0.9423203882179938,7719.4434077548613,0.089285303644701261,0,1,0.12534201597730082,0,1,-0.98443341914832549,6.8337909319664027e-12,,1.0000000000820115
dogs,"[""golden retriever"", ""labrador retriever""]","[""cocker spaniel"", ""beagle""]",up_blocks.2.attentions.0.transformer_blocks.0.attn2.to_v,D_exact_orthogonal,12,12,1.1588949012443787e-29,1.2644844035356223e-29,6102.506929115767,0.070583351075885939,-0.018701952568815322,0.79053716787213713,1.1097754351256264,0.98443341914832549,8.8539778658626673,0,6.7771078974183661e-12,1.4653671056517313e-14,1.0000000000807197
dogs,"[""golden retriever"", ""labrador retriever""]","[""cocker spaniel"", ""beagle""]",up_blocks.2.attentions.0.transformer_blocks.0.attn2.to_v,E_anchor_optimal_exact_orthogonal,12,12,1.1833871890645949e-29,1.2899422254588046e-29,163255.22125402308,1.888256864038302,1.7989715603936007,21.148574143314377,0.99260083741573457,0.8672588214384338,7.9191389230207729,-0.1171745977098918,6.3790270711411294e-12,1.4769038106144771e-14,1.0000000000758975
dogs,"[""golden retriever"", ""labrador retriever""]","[""cocker spaniel"", ""beagle""]",up_blocks.2.attentions.1.transformer_blocks.0.attn2.to_v,C_objective_faithful,12,12,0.91867393104188133,0.91867393104222916,4688.7970997271505,0.085187038941079804,0,1,0.095555484483264813,0,1,-0.62316981456377118,7.2571327046141477e-12,,1.0000000000866907
dogs,"[""golden retriever"", ""labrador retriever""]","[""cocker spaniel"", ""beagle""]",up_blocks.2.attentions.1.transformer_blocks.0.attn2.to_v,D_exact_orthogonal,12,12,1.6652102954190827e-29,1.7771928086100122e-29,3300.5348199200125,0.059964801685975552,-0.025222237255104252,0.70391931015997178,0.71872529904703597,0.62316981456377118,7.5215494216128489,0,6.8596380409871973e-12,1.963105918563447e-14,-1.0000000000813181
dogs,"[""golden retriever"", ""labrador retriever""]","[""cocker spaniel"", ""beagle""]",up_blocks.2.attentions.1.transformer_blocks.0.attn2.to_v,E_anchor_optimal_exact_orthogonal,12,12,1.7082736567272603e-29,1.8102559846706691e-29,95700.361792410258,1.7387040371527023,1.6535169982116225,20.410429318423532,0.63458550260791802,0.53903001812465323,6.6410160132572678,-0.084139796439117953,6.2384781490608524e-12,1.9860149974707032e-14,-1.0000000000742886
dogs,"[""golden retriever"", ""labrador retriever""]","[""cocker spaniel"", ""beagle""]",up_blocks.2.attentions.2.transformer_blocks.0.attn2.to_v,C_objective_faithful,12,12,0.95683605997617693,0.9568360599765301,3775.7678220733355,0.10688116538360462,0,1,0.19201785701320409,0,1,-0.67018576459145385,7.0688187231948143e-12,,1.0000000000845124
dogs,"[""golden retriever"", ""labrador retriever""]","[""cocker spaniel"", ""beagle""]",up_blocks.2.attentions.2.transformer_blocks.0.attn2.to_v,D_exact_orthogonal,12,12,2.3214479578584377e-29,2.4227167683950614e-29,2154.0733673605314,0.060975643279584942,-0.045905522104019679,0.57049942392318354,0.86220362160465791,0.67018576459145385,4.4902262477878221,0,6.7177785885242132e-12,1.2157163371731087e-14,-1.000000000079754
dogs,"[""golden retriever"", ""labrador retriever""]","[""cocker spaniel"", ""beagle""]",up_blocks.2.attentions.2.transformer_blocks.0.attn2.to_v,E_anchor_optimal_exact_orthogonal,12,12,2.3462737393875846e-29,2.4473505260790679e-29,65754.408069662342,1.8613188349424166,1.754437669558812,17.414844123957685,0.73588789045728975,0.54387003344408569,3.8323929966924197,-0.12631573114736816,6.1752686660750773e-12,1.2297441402786181e-14,-1.0000000000734557
dogs,"[""golden retriever"", ""labrador retriever""]","[""cocker spaniel"", ""beagle""]",up_blocks.3.attentions.0.transformer_blocks.0.attn2.to_v,C_objective_faithful,12,12,0.8759954233075099,0.87599542330769375,1612.260563581006,0.23911060248395305,0,1,0.17386813693641406,0,1,-0.12998549285631295,2.2398308765238257e-12,,1.0000000000178795
dogs,"[""golden retriever"", ""labrador retriever""]","[""cocker spaniel"", ""beagle""]",up_blocks.3.attentions.0.transformer_blocks.0.attn2.to_v,D_exact_orthogonal,12,12,5.6399322092070352e-30,6.245593582569304e-30,455.75284791944017,0.067591641519624282,-0.17151896096432878,0.28267939948066678,0.30385362979272701,0.12998549285631295,1.7476096261608325,0,1.8382291956899248e-12,1.1643153636797838e-14,1.0000000000145031
dogs,"[""golden retriever"", ""labrador retriever""]","[""cocker spaniel"", ""beagle""]",up_blocks.3.attentions.0.transformer_blocks.0.attn2.to_v,E_anchor_optimal_exact_orthogonal,12,12,5.7221878951598024e-30,6.380184470776429e-30,7621.9330351383387,1.1303911050682378,0.89128050258428471,4.7274821497892363,0.26226195540462616,0.088393818468212093,1.5083957303835314,-0.041591674388100852,1.8912432341430278e-12,1.1611741500333921e-14,1.0000000000148068
dogs,"[""golden retriever"", ""labrador retriever""]","[""cocker spaniel"", ""beagle""]",up_blocks.3.attentions.1.transformer_blocks.0.attn2.to_v,C_objective_faithful,12,12,0.88504625560788819,0.88504625560804706,2141.6922572346948,0.19580621010436405,0,1,0.19994594872097296,0,1,-0.18373035450371386,2.1523249675994096e-12,,1.0000000000172675
dogs,"[""golden retriever"", ""labrador retriever""]","[""cocker spaniel"", ""beagle""]",up_blocks.3.attentions.1.transformer_blocks.0.attn2.to_v,D_exact_orthogonal,12,12,7.3883695531496698e-30,8.1496018340434956e-30,905.00214301351923,0.082740664145934797,-0.11306554595842926,0.42256404483715965,0.38367630322468682,0.18373035450371386,1.9189001111500981,0,1.986288985780066e-12,1.430420667295301e-14,-1.0000000000157725
dogs,"[""golden retriever"", ""labrador retriever""]","[""cocker spaniel"", ""beagle""]",up_blocks.3.attentions.1.transformer_blocks.0.attn2.to_v,E_anchor_optimal_exact_orthogonal,12,12,7.4692112170370513e-30,8.2527130723287557e-30,13573.78258817528,1.2409957202735278,1.0451895101691637,6.3378772287767644,0.29650915014927109,0.096563201428298134,1.4829465265287933,-0.087167153075415726,1.9153520754254191e-12,1.4367600267995202e-14,1.000000000014887
dogs,"[""golden retriever"", ""labrador retriever""]","[""cocker spaniel"", ""beagle""]",up_blocks.3.attentions.2.transformer_blocks.0.attn2.to_v,C_objective_faithful,12,12,0.87667206130574316,0.87667206130593167,2227.258296977594,0.20009330161359845,0,1,0.19417412202227163,0,1,-0.094365156926058347,2.2357995319229556e-12,,1.0000000000177374
dogs,"[""golden retriever"", ""labrador retriever""]","[""cocker spaniel"", ""beagle""]",up_blocks.3.attentions.2.transformer_blocks.0.attn2.to_v,D_exact_orthogonal,12,12,2.1521754948501105e-29,2.207307953811155e-29,687.61343125501753,0.061774084254339938,-0.13831921735925851,0.30872639791626955,0.28853927894832998,0.094365156926058347,1.4859821481012527,0,1.9507916687075928e-12,1.3033253169501791e-14,-1.0000000000154972
dogs,"[""golden retriever"", ""labrador retriever""]","[""cocker spaniel"", ""beagle""]",up_blocks.3.attentions.2.transformer_blocks.0.attn2.to_v,E_anchor_optimal_exact_orthogonal,12,12,2.1687274423868828e-29,2.2231204202206047e-29,12653.497357872315,1.1367698424252797,0.93667654081168128,5.6811988870097396,0.22633950058669294,0.03216537856442131,1.1656522415522084,-0.062199778361637037,1.8463196261265642e-12,1.3061774297419399e-14,1.000000000014494
fruits,"[""orange"", ""lemon""]","[""banana"", ""pineapple""]",down_blocks.0.attentions.0.transformer_blocks.0.attn2.to_v,C_objective_faithful,12,12,0.94332848041408768,0.94332848041423645,2024.1363678435616,0.20545402642669885,0,1,0.12859495570007073,0,1,-0.46598408487139575,2.1299241484640438e-12,,1.0000000000171112
fruits,"[""orange"", ""lemon""]","[""banana"", ""pineapple""]",down_blocks.0.attentions.0.transformer_blocks.0.attn2.to_v,D_exact_orthogonal,12,12,1.0645768909111431e-29,1.1281784659175417e-29,807.47744319228957,0.081960630018883027,-0.12349339640781583,0.39892442822542901,0.59457904057146649,0.46598408487139575,4.6236575714387795,0,1.7916140624962357e-12,1.1684724848664528e-14,-1.0000000000139946
fruits,"[""orange"", ""lemon""]","[""banana"", ""pineapple""]",down_blocks.0.attentions.0.transformer_blocks.0.attn2.to_v,E_anchor_optimal_exact_orthogonal,12,12,1.0779968674532028e-29,1.1424625806827054e-29,15585.742611541184,1.5819851000467731,1.3765310736200742,7.6999469300310253,0.50668841866020975,0.37809346296013902,3.9401889125572525,-0.087890621911256739,1.8144960913813644e-12,1.1818849465832927e-14,-1.0000000000141869
fruits,"[""orange"", ""lemon""]","[""banana"", ""pineapple""]",down_blocks.0.attentions.1.transformer_blocks.0.attn2.to_v,C_objective_faithful,12,12,0.90120899842436353,0.90120899842452007,1393.7761331292156,0.18192957640788335,0,1,0.10014289311906102,0,1,-0.11098796245245232,2.1173727253889904e-12,,1.0000000000170786
fruits,"[""orange"", ""lemon""]","[""banana"", ""pineapple""]",down_blocks.0.attentions.1.transformer_blocks.0.attn2.to_v,D_exact_orthogonal,12,12,8.4192835499268319e-30,8.9774813017140632e-30,451.56181763045913,0.058942356846820122,-0.12298721956106323,0.32398446701526007,0.21113085557151334,0.11098796245245232,2.1082959458790298,0,1.8038985355398463e-12,1.0896155012811168e-14,1.0000000000142317
fruits,"[""orange"", ""lemon""]","[""banana"", ""pineapple""]",down_blocks.0.attentions.1.transformer_blocks.0.attn2.to_v,E_anchor_optimal_exact_orthogonal,12,12,8.4570680785379888e-30,9.1263606360466965e-30,9162.4042648549439,1.1959684824279495,1.0140389060200661,6.5737990822701988,0.18321034044679738,0.083067447327736355,1.8294891903010684,-0.027920515124715967,1.9049330396063364e-12,1.0923995803658171e-14,1.0000000000150682
fruits,"[""orange"", ""lemon""]","[""banana"", ""pineapple""]",down_blocks.1.attentions.0.transformer_blocks.0.attn2.to_v,C_objective_faithful,12,12,0.95686577980072662,0.95686577980112231,2577.7975295043534,0.12494924668483891,0,1,0.13454247299900426,0,1,-0.65706275678612203,6.7764935390480228e-12,,1.0000000000802858
fruits,"[""orange"", ""lemon""]","[""banana"", ""pineapple""]",down_blocks.1.attentions.0.transformer_blocks.0.attn2.to_v,D_exact_orthogonal,12,12,2.7009851371066992e-29,2.8179253783740238e-29,1191.6218129565818,0.057759481168707306,-0.067189765516131594,0.46226354060696973,0.79160522978512626,0.65706275678612203,5.8836827667868485,0,6.4381126572303771e-12,1.2267245748045576e-14,1.000000000076243
fruits,"[""orange"", ""lemon""]","[""banana"", ""pineapple""]",down_blocks.1.attentions.0.transformer_blocks.0.attn2.to_v,E_anchor_optimal_exact_orthogonal,12,12,2.7398792257590237e-29,2.8506084408640313e-29,35232.478700862994,1.7077647185731111,1.5828154718882721,13.667667183945719,0.74633404180724561,0.61179156880824137,5.5472002645050917,-0.045271187977880656,6.3657684777963105e-12,1.2404459439241767e-14,1.0000000000761171
fruits,"[""orange"", ""lemon""]","[""banana"", ""pineapple""]",down_blocks.1.attentions.1.transformer_blocks.0.attn2.to_v,C_objective_faithful,12,12,0.93404967238165471,0.93404967238201431,2071.6842782178023,0.13323058120718737,0,1,0.10978316284903562,0,1,-0.41834157843430281,6.7837395443253949e-12,,1.000000000080671
fruits,"[""orange"", ""lemon""]","[""banana"", ""pineapple""]",down_blocks.1.attentions.1.transformer_blocks.0.attn2.to_v,D_exact_orthogonal,12,12,1.4163646236266403e-29,1.518862204906161e-29,894.93485159560805,0.057553504495975884,-0.075677076711211488,0.43198418842348379,0.52812474128333842,0.41834157843430281,4.8106169250158173,0,6.5080529625945575e-12,1.5620019710161699e-14,-1.00000000007757
fruits,"[""orange"", ""lemon""]","[""banana"", ""pineapple""]",down_blocks.1.attentions.1.transformer_blocks.0.attn2.to_v,E_anchor_optimal_exact_orthogonal,12,12,1.4302592484322596e-29,1.5518136213151052e-29,24202.978088689782,1.5565001248524952,1.4232695436453078,11.682754145101088,0.47329963392287316,0.36351647107383755,4.3112224282854212,-0.054825107360465253,6.3034545848487258e-12,1.5827557766499764e-14,1.0000000000747371
fruits,"[""orange"", ""lemon""]","[""banana"", ""pineapple""]",down_blocks.2.attentions.0.transformer_blocks.0.attn2.to_v,C_objective_faithful,12,12,0.98140393379698621,0.98140393379779278,3960.9713086278225,0.07714579152871974,0,1,0.094349900696986802,0,1,-1.108686500566689,2.5837559400315471e-11,,-1.0000000004271554
fruits,"[""orange"", ""lemon""]","[""banana"", ""pineapple""]",down_blocks.2.attentions.0.transformer_blocks.0.attn2.to_v,D_exact_orthogonal,12,12,1.9941852675792235e-29,2.056836531967279e-29,2234.9234179591394,0.043528448617886684,-0.033617342910833056,0.56423620466298496,1.2030364012636758,1.108686500566689,12.750796687400186,0,2.498652832024443e-11,1.0505745940087444e-14,1.0000000004287737
fruits,"[""orange"", ""lemon""]","[""banana"", ""pineapple""]",down_blocks.2.attentions.0.transformer_blocks.0.attn2.to_v,E_anchor_optimal_exact_orthogonal,12,12,1.9845253423112761e-29,2.0538502591941523e-29,99742.653730648832,1.9426361292911147,1.865490337762395,25.18136233741166,1.1067014721719486,1.0123515714749618,11.729757678560999,-0.09633492909172725,2.1820192354618584e-11,1.0547202734421755e-14,1.0000000003797898
fruits,"[""orange"", ""lemon""]","[""banana"", ""pineapple""]",down_blocks.2.attentions.1.transformer_blocks.0.attn2.to_v,C_objective_faithful,12,12,0.98157196051697904,0.98157196051774154,3953.6575407675687,0.074072252703545574,0,1,0.080310590692937861,0,1,-1.146912643797052,2.572371019292194e-11,,-1.0000000004399243
fruits,"[""orange"", ""lemon""]","[""banana"", ""pineapple""]",down_blocks.2.attentions.1.transformer_blocks.0.attn2.to_v,D_exact_orthogonal,12,12,2.0415794209267052e-29,2.1157125289838175e-29,2316.8939707466543,0.043407289052948481,-0.030664963650597094,0.5860128113920684,1.2272232344899898,1.146912643797052,15.280963866673517,0,2.4698952891557765e-11,1.6790607452012024e-14,1.0000000004243617
fruits,"[""orange"", ""lemon""]","[""banana"", ""pineapple""]",down_blocks.2.attentions.1.transformer_blocks.0.attn2.to_v,E_anchor_optimal_exact_orthogonal,12,12,2.0355566908475633e-29,2.1106098089732583e-29,103939.83260306343,1.9473253480228421,1.8732530953192965,26.289538618684816,1.1381852457575588,1.057874655064621,14.172293292043305,-0.089037988732431073,2.1529466295714026e-11,1.6605178598662863e-14,-1.0000000003749261
fruits,"[""orange"", ""lemon""]","[""banana"", ""pineapple""]",mid_block.attentions.0.transformer_blocks.0.attn2.to_v,C_objective_faithful,12,12,0.98529842377804966,0.98529842377878563,5507.9326594357817,0.066560753446618312,0,1,0.072636746262228546,0,1,-1.3688680327837084,2.3787402817358721e-11,,-1.0000000004092837
fruits,"[""orange"", ""lemon""]","[""banana"", ""pineapple""]",mid_block.attentions.0.transformer_blocks.0.attn2.to_v,D_exact_orthogonal,12,12,1.3946709617948649e-29,1.4668876497777563e-29,3649.8798768226379,0.044107066954564261,-0.022453686492054051,0.66265876917901934,1.441504779045937,1.3688680327837084,19.845393044477905,0,2.4480490009467752e-11,1.2640844860534746e-14,1.0000000004188898
fruits,"[""orange"", ""lemon""]","[""banana"", ""pineapple""]",mid_block.attentions.0.transformer_blocks.0.attn2.to_v,E_anchor_optimal_exact_orthogonal,12,12,1.3726847875789893e-29,1.4580067061727641e-29,162626.31459448743,1.9652618684638568,1.8987011150172384,29.525835671917321,1.2860394092515999,1.2134026629893713,17.705080079011559,-0.15546536979433712,2.1820704176981633e-11,1.2618664676887824e-14,-1.0000000003789766
fruits,"[""orange"", ""lemon""]","[""banana"", ""pineapple""]",up_blocks.1.attentions.0.transformer_blocks.0.attn2.to_v,C_objective_faithful,12,12,0.98317679348475762,0.98317679348555442,5830.3262380049928,0.070912230632460063,0,1,0.071103701166596103,0,1,-1.240828325254129,2.5341445684158678e-11,,1.0000000004319294
fruits,"[""orange"", ""lemon""]","[""banana"", ""pineapple""]",up_blocks.1.attentions.0.transformer_blocks.0.attn2.to_v,D_exact_orthogonal,12,12,2.030015008611904e-29,2.1005173586047893e-29,3876.5975562954482,0.047149708053955811,-0.023762522578504253,0.66490233960251477,1.311932026420725,1.240828325254129,18.450966755540136,0,2.4965730271731309e-11,1.6132705714621245e-14,-1.0000000004255905
fruits,"[""orange"", ""lemon""]","[""banana"", ""pineapple""]",up_blocks.1.attentions.0.transformer_blocks.0.attn2.to_v,E_anchor_optimal_exact_orthogonal,12,12,2.0245216509170795e-29,2.0946128459046223e-29,162018.44622119085,1.9705740221290298,1.8996617914965697,27.788916024128,1.2381742343990152,1.1670705332324192,17.413639713324777,-0.073757792021709845,2.1973265564396991e-11,1.617909414869146e-14,-1.0000000003824245
fruits,"[""orange"", ""lemon""]","[""banana"", ""pineapple""]",up_blocks.1.attentions.1.transformer_blocks.0.attn2.to_v,C_objective_faithful,12,12,0.98035429368389193,0.98035429368473004,6974.3904389144036,0.067390099364468894,0,1,0.061513347828286644,0,1,-1.288456155199762,2.4271210332931412e-11,,-1.0000000004152281
fruits,"[""orange"", ""lemon""]","[""banana"", ""pineapple""]",up_blocks.1.attentions.1.transformer_blocks.0.attn2.to_v,D_exact_orthogonal,12,12,1.8746970624129168e-29,1.9480815687391916e-29,4996.8116694640175,0.048281729831450661,-0.019108369533018234,0.71645138212849957,1.3499695030280485,1.288456155199762,21.945960522201833,0,2.4663673984443263e-11,1.5317090251157439e-14,-1.0000000004236347
fruits,"[""orange"", ""lemon""]","[""banana"", ""pineapple""]",up_blocks.1.attentions.1.transformer_blocks.0.attn2.to_v,E_anchor_optimal_exact_orthogonal,12,12,1.8772463429674679e-29,1.9418440206402646e-29,204021.84779428365,1.9713626181099531,1.9039725187454841,29.253000614350547,1.2593831218839011,1.1978697740556146,20.473330851694911,-0.09058638114414741,2.1930921917565201e-11,1.5451248268303599e-14,-1.0000000003822023
fruits,"[""orange"", ""lemon""]","[""banana"", ""pineapple""]",up_blocks.1.attentions.2.transformer_blocks.0.attn2.to_v,C_objective_faithful,12,12,0.9842954604337617,0.98429546043463956,6197.0913090832455,0.071441209141866621,0,1,0.079338645225189672,0,1,-1.3128440987864083,2.5669951961626835e-11,,-1.0000000004390424
fruits,"[""orange"", ""lemon""]","[""banana"", ""pineapple""]",up_blocks.1.attentions.2.transformer_blocks.0.attn2.to_v,D_exact_orthogonal,12,12,1.3156010070256165e-29,1.3746717744118907e-29,4258.4310953785243,0.049091977401599818,-0.022349231740266803,0.68716610470735295,1.3921827440115979,1.3128440987864083,17.547347072288879,0,2.4648186866937281e-11,1.8056472061343287e-14,-1.0000000004161587
fruits,"[""orange"", ""lemon""]","[""banana"", ""pineapple""]",up_blocks.1.attentions.2.transformer_blocks.0.attn2.to_v,E_anchor_optimal_exact_orthogonal,12,12,1.3038011626290626e-29,1.3680742013438736e-29,171857.23087355631,1.9812017866162552,1.9097605774743887,27.731918460142825,1.2397099165893104,1.1603712713641208,15.625549353289284,-0.15247282742228752,2.2036819857979217e-11,1.7985342259944247e-14,1.0000000003838829
fruits,"[""orange"", ""lemon""]","[""banana"", ""pineapple""]",up_blocks.2.attentions.0.transformer_blocks.0.attn2.to_v,C_objective_faithful,12,12,0.94985344694443563,0.94985344694473162,8339.6506328585547,0.095817440749957919,0,1,0.080544026886005454,0,1,-1.1575180225395929,6.900081921364633e-12,,1.0000000000826252
fruits,"[""orange"", ""lemon""]","[""banana"", ""pineapple""]",up_blocks.2.attentions.0.transformer_blocks.0.attn2.to_v,D_exact_orthogonal,12,12,2.7938058536466644e-29,2.8954358770579368e-29,6279.5697650960792,0.072148382515165463,-0.023669058234792456,0.75297755763944418,1.2380620494255983,1.1575180225395929,15.371245979268412,0,6.6708860302850094e-12,1.7720898876687859e-14,-1.0000000000791305
fruits,"[""orange"", ""lemon""]","[""banana"", ""pineapple""]",up_blocks.2.attentions.0.transformer_blocks.0.attn2.to_v,E_anchor_optimal_exact_orthogonal,12,12,2.8168830226838743e-29,2.9264266484103897e-29,168615.1908321373,1.9372845180641975,1.8414670773142396,20.218495744628292,1.1531288890842455,1.0725848621982401,14.316752385825918,-0.084933160341352787,6.165134525158421e-12,1.7871948614183047e-14,-1.0000000000734537
fruits,"[""orange"", ""lemon""]","[""banana"", ""pineapple""]",up_blocks.2.attentions.1.transformer_blocks.0.attn2.to_v,C_objective_faithful,12,12,0.92170305817423381,0.92170305817457987,4950.9823024961288,0.089708158714947514,0,1,0.087036112272769098,0,1,-0.51600212612192675,7.0960956240427096e-12,,1.0000000000849469
fruits,"[""orange"", ""lemon""]","[""banana"", ""pineapple""]",up_blocks.2.attentions.1.transformer_blocks.0.attn2.to_v,D_exact_orthogonal,12,12,9.1885775926992263e-30,1.0218227392740368e-29,3260.4089111957337,0.059076211994075249,-0.030631946720872265,0.65853778341157443,0.60303823839469584,0.51600212612192675,6.9285980571465373,0,6.7598057827246339e-12,1.3125664373051615e-14,1.0000000000805782
fruits,"[""orange"", ""lemon""]","[""banana"", ""pineapple""]",up_blocks.2.attentions.1.transformer_blocks.0.attn2.to_v,E_anchor_optimal_exact_orthogonal,12,12,9.432328201829003e-30,1.0464961413383171e-29,90801.050774778851,1.645248271293783,1.5555401125788355,18.340007139391275,0.57032232360284341,0.48328621133007432,6.5527090848849827,-0.03271591479185243,6.3224005190543632e-12,1.3243211545058474e-14,1.0000000000752201
fruits,"[""orange"", ""lemon""]","[""banana"", ""pineapple""]",up_blocks.2.attentions.2.transformer_blocks.0.attn2.to_v,C_objective_faithful,12,12,0.95335252975191764,0.95335252975229234,4234.5932705670675,0.11809197164284627,0,1,0.14324837027760715,0,1,-0.69408618307983505,6.9533752597921084e-12,,1.0000000000833789
fruits,"[""orange"", ""lemon""]","[""banana"", ""pineapple""]",up_blocks.2.attentions.2.transformer_blocks.0.attn2.to_v,D_exact_orthogonal,12,12,1.115839576799142e-29,1.229123297639876e-29,2227.2799461137356,0.062113138956063442,-0.055978832686782824,0.52597257960868427,0.83733455335744222,0.69408618307983505,5.845333889207506,0,6.7293839218784179e-12,1.5834714527280934e-14,-1.0000000000801477
fruits,"[""orange"", ""lemon""]","[""banana"", ""pineapple""]",up_blocks.2.attentions.2.transformer_blocks.0.attn2.to_v,E_anchor_optimal_exact_orthogonal,12,12,1.1444279951167909e-29,1.2546163600252704e-29,66189.836960361892,1.8458651988366628,1.7277732271938164,15.63074248958465,0.77151935843082908,0.62827098815322191,5.3858857656507277,-0.065815194926613141,6.1095076276095494e-12,1.585006089089088e-14,-1.000000000072496
fruits,"[""orange"", ""lemon""]","[""banana"", ""pineapple""]",up_blocks.3.attentions.0.transformer_blocks.0.attn2.to_v,C_objective_faithful,12,12,0.89194306274154922,0.89194306274170965,1582.3748902772465,0.2314180182827528,0,1,0.1537682798881381,0,1,-0.077626008172755834,2.1405740848581123e-12,,1.0000000000169706
fruits,"[""orange"", ""lemon""]","[""banana"", ""pineapple""]",up_blocks.3.attentions.0.transformer_blocks.0.attn2.to_v,D_exact_orthogonal,12,12,1.2853006007314734e-29,1.3455957791206482e-29,383.84470648685544,0.056136242965754729,-0.17528177531699807,0.24257507424147912,0.23139428806089393,0.077626008172755834,1.5048245855987104,0,1.8543431875712544e-12,1.4956532350010206e-14,1.0000000000144935
fruits,"[""orange"", ""lemon""]","[""banana"", ""pineapple""]",up_blocks.3.attentions.0.transformer_blocks.0.attn2.to_v,E_anchor_optimal_exact_orthogonal,12,12,1.2936220827628615e-29,1.3514043736731314e-29,7971.7817229214015,1.1658513667250567,0.93443334844230397,5.0378590888311381,0.21328914785407049,0.059520867965932395,1.3870815750116479,-0.018105140206823439,1.9081603495341681e-12,1.5043829062103176e-14,1.0000000000149363
fruits,"[""orange"", ""lemon""]","[""banana"", ""pineapple""]",up_blocks.3.attentions.1.transformer_blocks.0.attn2.to_v,C_objective_faithful,12,12,0.88959736740605766,0.88959736740620132,2093.1421356407109,0.1873980944324671,0,1,0.10716749010473162,0,1,-0.22201574385003989,2.1300403637629738e-12,,1.0000000000172047
fruits,"[""orange"", ""lemon""]","[""banana"", ""pineapple""]",up_blocks.3.attentions.1.transformer_blocks.0.attn2.to_v,D_exact_orthogonal,12,12,1.1528493651826055e-29,1.2253258612575761e-29,732.11841393358782,0.065546239471252321,-0.12185185496121478,0.34977004259172606,0.3291832339547715,0.22201574385003989,3.0716706496818249,0,1.8456916967728281e-12,1.0135310876797414e-14,-1.0000000000145506
fruits,"[""orange"", ""lemon""]","[""banana"", ""pineapple""]",up_blocks.3.attentions.1.transformer_blocks.0.attn2.to_v,E_anchor_optimal_exact_orthogonal,12,12,1.1547604415617934e-29,1.2340740785235746e-29,13789.303673832386,1.2345502906976824,1.0471521962652153,6.5878486888380765,0.26212986527663229,0.15496237517190067,2.4459830590458034,-0.067053368678139214,1.8974712008462343e-12,1.0235657325580273e-14,1.0000000000150233
fruits,"[""orange"", ""lemon""]","[""banana"", ""pineapple""]",up_blocks.3.attentions.2.transformer_blocks.0.attn2.to_v,C_objective_faithful,12,12,0.88795304996693891,0.88795304996710589,2235.9020523350673,0.1972893718253472,0,1,0.10091355002618024,0,1,-0.15029413074725834,2.2274168420010508e-12,,1.0000000000178653
fruits,"[""orange"", ""lemon""]","[""banana"", ""pineapple""]",up_blocks.3.attentions.2.transformer_blocks.0.attn2.to_v,D_exact_orthogonal,12,12,1.7820572690725665e-29,1.8382519386364302e-29,762.99437340741383,0.067324362656501949,-0.12996500916884524,0.34124677895016897,0.25120768077343858,0.15029413074725834,2.4893354827797376,0,1.9558231386516053e-12,1.5567368934473885e-14,1.0000000000156117
fruits,"[""orange"", ""lemon""]","[""banana"", ""pineapple""]",up_blocks.3.attentions.2.transformer_blocks.0.attn2.to_v,E_anchor_optimal_exact_orthogonal,12,12,1.7944935114071373e-29,1.8463578590153055e-29,13069.508614688337,1.1532147134821902,0.95592534165684295,5.8452956832519467,0.2142131112703525,0.11329956124417226,2.1227388315521423,-0.036994569503086078,1.9450308009907567e-12,1.5611020030628561e-14,1.0000000000155451
